cdm_name,omop_table,in_observation,variable_name,variable_level,time_interval,count,percentage,median,interval,name_observation_period,study_period_end,study_period_start,type
Barts Health,observation_period,overall,Person-days,NA,2012-01-01 to 2012-12-31,346085517,3.13,NA,years,NA,2026-02-16,2012-01-01,episode
Barts Health,observation_period,overall,Person-days,NA,2013-01-01 to 2013-12-31,414048795,3.74,NA,years,NA,2026-02-16,2012-01-01,episode
Barts Health,observation_period,overall,Person-days,NA,2014-01-01 to 2014-12-31,481537777,4.35,NA,years,NA,2026-02-16,2012-01-01,episode
Barts Health,observation_period,overall,Person-days,NA,2015-01-01 to 2015-12-31,557548265,5.04,NA,years,NA,2026-02-16,2012-01-01,episode
Barts Health,observation_period,overall,Person-days,NA,2016-01-01 to 2016-12-31,632390110,5.72,NA,years,NA,2026-02-16,2012-01-01,episode
Barts Health,observation_period,overall,Person-days,NA,2017-01-01 to 2017-12-31,695429131,6.29,NA,years,NA,2026-02-16,2012-01-01,episode
Barts Health,observation_period,overall,Person-days,NA,2018-01-01 to 2018-12-31,768449254,6.95,NA,years,NA,2026-02-16,2012-01-01,episode
Barts Health,observation_period,overall,Person-days,NA,2019-01-01 to 2019-12-31,838482102,7.58,NA,years,NA,2026-02-16,2012-01-01,episode
Barts Health,observation_period,overall,Person-days,NA,2020-01-01 to 2020-12-31,898179065,8.12,NA,years,NA,2026-02-16,2012-01-01,episode
Barts Health,observation_period,overall,Person-days,NA,2021-01-01 to 2021-12-31,941345182,8.51,NA,years,NA,2026-02-16,2012-01-01,episode
Barts Health,observation_period,overall,Person-days,NA,2022-01-01 to 2022-12-31,999853487,9.04,NA,years,NA,2026-02-16,2012-01-01,episode
Barts Health,observation_period,overall,Person-days,NA,2023-01-01 to 2023-12-31,1054441864,9.54,NA,years,NA,2026-02-16,2012-01-01,episode
Barts Health,observation_period,overall,Person-days,NA,2024-01-01 to 2024-12-31,1113166313,10.07,NA,years,NA,2026-02-16,2012-01-01,episode
Barts Health,observation_period,overall,Person-days,NA,2025-01-01 to 2025-12-31,1163209007,10.52,NA,years,NA,2026-02-16,2012-01-01,episode
Barts Health,observation_period,overall,Person-days,NA,2026-01-01 to 2026-12-31,153544012,1.39,NA,years,NA,2026-02-16,2012-01-01,episode
Barts Health,observation_period,overall,Person-days,NA,overall,NA,NA,NA,years,NA,2026-02-16,2012-01-01,episode
Barts Health,visit_occurrence,overall,Number of records,NA,2012-01-01 to 2012-12-31,1481465,3.78,NA,years,NA,2026-02-16,2012-01-01,event
Barts Health,visit_occurrence,FALSE,Number of records,NA,2012-01-01 to 2012-12-31,2596,0.01,NA,years,NA,2026-02-16,2012-01-01,event
Barts Health,visit_occurrence,TRUE,Number of records,NA,2012-01-01 to 2012-12-31,1478869,3.78,NA,years,NA,2026-02-16,2012-01-01,event
Barts Health,condition_occurrence,overall,Number of records,NA,2012-01-01 to 2012-12-31,759386,2.57,NA,years,NA,2026-02-16,2012-01-01,event
Barts Health,condition_occurrence,FALSE,Number of records,NA,2012-01-01 to 2012-12-31,885,0,NA,years,NA,2026-02-16,2012-01-01,event
Barts Health,condition_occurrence,TRUE,Number of records,NA,2012-01-01 to 2012-12-31,758501,2.57,NA,years,NA,2026-02-16,2012-01-01,event
Barts Health,procedure_occurrence,overall,Number of records,NA,2012-01-01 to 2012-12-31,373717,3.97,NA,years,NA,2026-02-16,2012-01-01,event
Barts Health,procedure_occurrence,FALSE,Number of records,NA,2012-01-01 to 2012-12-31,12587,0.13,NA,years,NA,2026-02-16,2012-01-01,event
Barts Health,procedure_occurrence,TRUE,Number of records,NA,2012-01-01 to 2012-12-31,361130,3.84,NA,years,NA,2026-02-16,2012-01-01,event
Barts Health,device_exposure,overall,Number of records,NA,2012-01-01 to 2012-12-31,8,0,NA,years,NA,2026-02-16,2012-01-01,event
Barts Health,device_exposure,TRUE,Number of records,NA,2012-01-01 to 2012-12-31,8,0,NA,years,NA,2026-02-16,2012-01-01,event
Barts Health,measurement,overall,Number of records,NA,2012-01-01 to 2012-12-31,9696202,1.17,NA,years,NA,2026-02-16,2012-01-01,event
Barts Health,measurement,FALSE,Number of records,NA,2012-01-01 to 2012-12-31,12446,0,NA,years,NA,2026-02-16,2012-01-01,event
Barts Health,measurement,TRUE,Number of records,NA,2012-01-01 to 2012-12-31,9683756,1.16,NA,years,NA,2026-02-16,2012-01-01,event
Barts Health,observation,overall,Number of records,NA,2012-01-01 to 2012-12-31,384894,0.62,NA,years,NA,2026-02-16,2012-01-01,event
Barts Health,observation,FALSE,Number of records,NA,2012-01-01 to 2012-12-31,127669,0.21,NA,years,NA,2026-02-16,2012-01-01,event
Barts Health,observation,TRUE,Number of records,NA,2012-01-01 to 2012-12-31,257225,0.42,NA,years,NA,2026-02-16,2012-01-01,event
Barts Health,death,overall,Number of records,NA,2012-01-01 to 2012-12-31,7095,5.02,NA,years,NA,2026-02-16,2012-01-01,event
Barts Health,death,FALSE,Number of records,NA,2012-01-01 to 2012-12-31,117,0.08,NA,years,NA,2026-02-16,2012-01-01,event
Barts Health,death,TRUE,Number of records,NA,2012-01-01 to 2012-12-31,6978,4.93,NA,years,NA,2026-02-16,2012-01-01,event
Barts Health,condition_era,overall,Number of records,NA,2012-01-01 to 2012-12-31,527328,3.46,NA,years,NA,2026-02-16,2012-01-01,event
Barts Health,condition_era,FALSE,Number of records,NA,2012-01-01 to 2012-12-31,443,0,NA,years,NA,2026-02-16,2012-01-01,event
Barts Health,condition_era,TRUE,Number of records,NA,2012-01-01 to 2012-12-31,526885,3.46,NA,years,NA,2026-02-16,2012-01-01,event
Barts Health,visit_occurrence,overall,Number of records,NA,2013-01-01 to 2013-12-31,1911692,4.88,NA,years,NA,2026-02-16,2012-01-01,event
Barts Health,visit_occurrence,FALSE,Number of records,NA,2013-01-01 to 2013-12-31,3666,0.01,NA,years,NA,2026-02-16,2012-01-01,event
Barts Health,visit_occurrence,TRUE,Number of records,NA,2013-01-01 to 2013-12-31,1908026,4.87,NA,years,NA,2026-02-16,2012-01-01,event
Barts Health,condition_occurrence,overall,Number of records,NA,2013-01-01 to 2013-12-31,953637,3.23,NA,years,NA,2026-02-16,2012-01-01,event
Barts Health,condition_occurrence,FALSE,Number of records,NA,2013-01-01 to 2013-12-31,1053,0,NA,years,NA,2026-02-16,2012-01-01,event
Barts Health,condition_occurrence,TRUE,Number of records,NA,2013-01-01 to 2013-12-31,952584,3.22,NA,years,NA,2026-02-16,2012-01-01,event
Barts Health,procedure_occurrence,overall,Number of records,NA,2013-01-01 to 2013-12-31,492645,5.24,NA,years,NA,2026-02-16,2012-01-01,event
Barts Health,procedure_occurrence,FALSE,Number of records,NA,2013-01-01 to 2013-12-31,9429,0.1,NA,years,NA,2026-02-16,2012-01-01,event
Barts Health,procedure_occurrence,TRUE,Number of records,NA,2013-01-01 to 2013-12-31,483216,5.14,NA,years,NA,2026-02-16,2012-01-01,event
Barts Health,device_exposure,overall,Number of records,NA,2013-01-01 to 2013-12-31,4082,0.22,NA,years,NA,2026-02-16,2012-01-01,event
Barts Health,device_exposure,TRUE,Number of records,NA,2013-01-01 to 2013-12-31,4082,0.22,NA,years,NA,2026-02-16,2012-01-01,event
Barts Health,measurement,overall,Number of records,NA,2013-01-01 to 2013-12-31,12544273,1.51,NA,years,NA,2026-02-16,2012-01-01,event
Barts Health,measurement,FALSE,Number of records,NA,2013-01-01 to 2013-12-31,12968,0,NA,years,NA,2026-02-16,2012-01-01,event
Barts Health,measurement,TRUE,Number of records,NA,2013-01-01 to 2013-12-31,12531305,1.51,NA,years,NA,2026-02-16,2012-01-01,event
Barts Health,observation,overall,Number of records,NA,2013-01-01 to 2013-12-31,1004466,1.63,NA,years,NA,2026-02-16,2012-01-01,event
Barts Health,observation,FALSE,Number of records,NA,2013-01-01 to 2013-12-31,303689,0.49,NA,years,NA,2026-02-16,2012-01-01,event
Barts Health,observation,TRUE,Number of records,NA,2013-01-01 to 2013-12-31,700777,1.14,NA,years,NA,2026-02-16,2012-01-01,event
Barts Health,death,overall,Number of records,NA,2013-01-01 to 2013-12-31,8296,5.86,NA,years,NA,2026-02-16,2012-01-01,event
Barts Health,death,FALSE,Number of records,NA,2013-01-01 to 2013-12-31,111,0.08,NA,years,NA,2026-02-16,2012-01-01,event
Barts Health,death,TRUE,Number of records,NA,2013-01-01 to 2013-12-31,8185,5.79,NA,years,NA,2026-02-16,2012-01-01,event
Barts Health,condition_era,overall,Number of records,NA,2013-01-01 to 2013-12-31,638820,4.2,NA,years,NA,2026-02-16,2012-01-01,event
Barts Health,condition_era,FALSE,Number of records,NA,2013-01-01 to 2013-12-31,476,0,NA,years,NA,2026-02-16,2012-01-01,event
Barts Health,condition_era,TRUE,Number of records,NA,2013-01-01 to 2013-12-31,638344,4.19,NA,years,NA,2026-02-16,2012-01-01,event
Barts Health,visit_occurrence,overall,Number of records,NA,2014-01-01 to 2014-12-31,2098747,5.36,NA,years,NA,2026-02-16,2012-01-01,event
Barts Health,visit_occurrence,FALSE,Number of records,NA,2014-01-01 to 2014-12-31,4870,0.01,NA,years,NA,2026-02-16,2012-01-01,event
Barts Health,visit_occurrence,TRUE,Number of records,NA,2014-01-01 to 2014-12-31,2093877,5.35,NA,years,NA,2026-02-16,2012-01-01,event
Barts Health,condition_occurrence,overall,Number of records,NA,2014-01-01 to 2014-12-31,1090288,3.69,NA,years,NA,2026-02-16,2012-01-01,event
Barts Health,condition_occurrence,FALSE,Number of records,NA,2014-01-01 to 2014-12-31,1830,0.01,NA,years,NA,2026-02-16,2012-01-01,event
Barts Health,condition_occurrence,TRUE,Number of records,NA,2014-01-01 to 2014-12-31,1088458,3.68,NA,years,NA,2026-02-16,2012-01-01,event
Barts Health,drug_exposure,overall,Number of records,NA,2014-01-01 to 2014-12-31,NA,NA,NA,years,NA,2026-02-16,2012-01-01,event
Barts Health,drug_exposure,TRUE,Number of records,NA,2014-01-01 to 2014-12-31,NA,NA,NA,years,NA,2026-02-16,2012-01-01,event
Barts Health,procedure_occurrence,overall,Number of records,NA,2014-01-01 to 2014-12-31,506335,5.38,NA,years,NA,2026-02-16,2012-01-01,event
Barts Health,procedure_occurrence,FALSE,Number of records,NA,2014-01-01 to 2014-12-31,8593,0.09,NA,years,NA,2026-02-16,2012-01-01,event
Barts Health,procedure_occurrence,TRUE,Number of records,NA,2014-01-01 to 2014-12-31,497742,5.29,NA,years,NA,2026-02-16,2012-01-01,event
Barts Health,device_exposure,overall,Number of records,NA,2014-01-01 to 2014-12-31,5218,0.28,NA,years,NA,2026-02-16,2012-01-01,event
Barts Health,device_exposure,TRUE,Number of records,NA,2014-01-01 to 2014-12-31,5218,0.28,NA,years,NA,2026-02-16,2012-01-01,event
Barts Health,measurement,overall,Number of records,NA,2014-01-01 to 2014-12-31,21804184,2.62,NA,years,NA,2026-02-16,2012-01-01,event
Barts Health,measurement,FALSE,Number of records,NA,2014-01-01 to 2014-12-31,17133,0,NA,years,NA,2026-02-16,2012-01-01,event
Barts Health,measurement,TRUE,Number of records,NA,2014-01-01 to 2014-12-31,21787051,2.62,NA,years,NA,2026-02-16,2012-01-01,event
Barts Health,observation,overall,Number of records,NA,2014-01-01 to 2014-12-31,1020200,1.65,NA,years,NA,2026-02-16,2012-01-01,event
Barts Health,observation,FALSE,Number of records,NA,2014-01-01 to 2014-12-31,145283,0.24,NA,years,NA,2026-02-16,2012-01-01,event
Barts Health,observation,TRUE,Number of records,NA,2014-01-01 to 2014-12-31,874917,1.42,NA,years,NA,2026-02-16,2012-01-01,event
Barts Health,death,overall,Number of records,NA,2014-01-01 to 2014-12-31,9029,6.38,NA,years,NA,2026-02-16,2012-01-01,event
Barts Health,death,FALSE,Number of records,NA,2014-01-01 to 2014-12-31,95,0.07,NA,years,NA,2026-02-16,2012-01-01,event
Barts Health,death,TRUE,Number of records,NA,2014-01-01 to 2014-12-31,8934,6.32,NA,years,NA,2026-02-16,2012-01-01,event
Barts Health,drug_era,overall,Number of records,NA,2014-01-01 to 2014-12-31,NA,NA,NA,years,NA,2026-02-16,2012-01-01,event
Barts Health,drug_era,TRUE,Number of records,NA,2014-01-01 to 2014-12-31,NA,NA,NA,years,NA,2026-02-16,2012-01-01,event
Barts Health,condition_era,overall,Number of records,NA,2014-01-01 to 2014-12-31,728505,4.78,NA,years,NA,2026-02-16,2012-01-01,event
Barts Health,condition_era,FALSE,Number of records,NA,2014-01-01 to 2014-12-31,691,0,NA,years,NA,2026-02-16,2012-01-01,event
Barts Health,condition_era,TRUE,Number of records,NA,2014-01-01 to 2014-12-31,727814,4.78,NA,years,NA,2026-02-16,2012-01-01,event
Barts Health,visit_occurrence,overall,Number of records,NA,2015-01-01 to 2015-12-31,2423952,6.19,NA,years,NA,2026-02-16,2012-01-01,event
Barts Health,visit_occurrence,FALSE,Number of records,NA,2015-01-01 to 2015-12-31,4977,0.01,NA,years,NA,2026-02-16,2012-01-01,event
Barts Health,visit_occurrence,TRUE,Number of records,NA,2015-01-01 to 2015-12-31,2418975,6.18,NA,years,NA,2026-02-16,2012-01-01,event
Barts Health,condition_occurrence,overall,Number of records,NA,2015-01-01 to 2015-12-31,1253885,4.24,NA,years,NA,2026-02-16,2012-01-01,event
Barts Health,condition_occurrence,FALSE,Number of records,NA,2015-01-01 to 2015-12-31,1156,0,NA,years,NA,2026-02-16,2012-01-01,event
Barts Health,condition_occurrence,TRUE,Number of records,NA,2015-01-01 to 2015-12-31,1252729,4.24,NA,years,NA,2026-02-16,2012-01-01,event
Barts Health,drug_exposure,overall,Number of records,NA,2015-01-01 to 2015-12-31,13090,0.03,NA,years,NA,2026-02-16,2012-01-01,event
Barts Health,drug_exposure,TRUE,Number of records,NA,2015-01-01 to 2015-12-31,13090,0.03,NA,years,NA,2026-02-16,2012-01-01,event
Barts Health,procedure_occurrence,overall,Number of records,NA,2015-01-01 to 2015-12-31,550377,5.85,NA,years,NA,2026-02-16,2012-01-01,event
Barts Health,procedure_occurrence,FALSE,Number of records,NA,2015-01-01 to 2015-12-31,9993,0.11,NA,years,NA,2026-02-16,2012-01-01,event
Barts Health,procedure_occurrence,TRUE,Number of records,NA,2015-01-01 to 2015-12-31,540384,5.74,NA,years,NA,2026-02-16,2012-01-01,event
Barts Health,device_exposure,overall,Number of records,NA,2015-01-01 to 2015-12-31,11588,0.63,NA,years,NA,2026-02-16,2012-01-01,event
Barts Health,device_exposure,FALSE,Number of records,NA,2015-01-01 to 2015-12-31,NA,NA,NA,years,NA,2026-02-16,2012-01-01,event
Barts Health,device_exposure,TRUE,Number of records,NA,2015-01-01 to 2015-12-31,11587,0.63,NA,years,NA,2026-02-16,2012-01-01,event
Barts Health,measurement,overall,Number of records,NA,2015-01-01 to 2015-12-31,28936935,3.48,NA,years,NA,2026-02-16,2012-01-01,event
Barts Health,measurement,FALSE,Number of records,NA,2015-01-01 to 2015-12-31,20384,0,NA,years,NA,2026-02-16,2012-01-01,event
Barts Health,measurement,TRUE,Number of records,NA,2015-01-01 to 2015-12-31,28916551,3.48,NA,years,NA,2026-02-16,2012-01-01,event
Barts Health,observation,overall,Number of records,NA,2015-01-01 to 2015-12-31,1273435,2.07,NA,years,NA,2026-02-16,2012-01-01,event
Barts Health,observation,FALSE,Number of records,NA,2015-01-01 to 2015-12-31,158974,0.26,NA,years,NA,2026-02-16,2012-01-01,event
Barts Health,observation,TRUE,Number of records,NA,2015-01-01 to 2015-12-31,1114461,1.81,NA,years,NA,2026-02-16,2012-01-01,event
Barts Health,death,overall,Number of records,NA,2015-01-01 to 2015-12-31,9152,6.47,NA,years,NA,2026-02-16,2012-01-01,event
Barts Health,death,FALSE,Number of records,NA,2015-01-01 to 2015-12-31,206,0.15,NA,years,NA,2026-02-16,2012-01-01,event
Barts Health,death,TRUE,Number of records,NA,2015-01-01 to 2015-12-31,8946,6.32,NA,years,NA,2026-02-16,2012-01-01,event
Barts Health,drug_era,overall,Number of records,NA,2015-01-01 to 2015-12-31,1523,0.03,NA,years,NA,2026-02-16,2012-01-01,event
Barts Health,drug_era,TRUE,Number of records,NA,2015-01-01 to 2015-12-31,1523,0.03,NA,years,NA,2026-02-16,2012-01-01,event
Barts Health,dose_era,overall,Number of records,NA,2015-01-01 to 2015-12-31,1284,0.03,NA,years,NA,2026-02-16,2012-01-01,event
Barts Health,dose_era,FALSE,Number of records,NA,2015-01-01 to 2015-12-31,NA,NA,NA,years,NA,2026-02-16,2012-01-01,event
Barts Health,dose_era,TRUE,Number of records,NA,2015-01-01 to 2015-12-31,1283,0.03,NA,years,NA,2026-02-16,2012-01-01,event
Barts Health,condition_era,overall,Number of records,NA,2015-01-01 to 2015-12-31,780760,5.13,NA,years,NA,2026-02-16,2012-01-01,event
Barts Health,condition_era,FALSE,Number of records,NA,2015-01-01 to 2015-12-31,578,0,NA,years,NA,2026-02-16,2012-01-01,event
Barts Health,condition_era,TRUE,Number of records,NA,2015-01-01 to 2015-12-31,780182,5.12,NA,years,NA,2026-02-16,2012-01-01,event
Barts Health,visit_occurrence,overall,Number of records,NA,2016-01-01 to 2016-12-31,2556005,6.53,NA,years,NA,2026-02-16,2012-01-01,event
Barts Health,visit_occurrence,FALSE,Number of records,NA,2016-01-01 to 2016-12-31,4890,0.01,NA,years,NA,2026-02-16,2012-01-01,event
Barts Health,visit_occurrence,TRUE,Number of records,NA,2016-01-01 to 2016-12-31,2551115,6.51,NA,years,NA,2026-02-16,2012-01-01,event
Barts Health,condition_occurrence,overall,Number of records,NA,2016-01-01 to 2016-12-31,1613317,5.46,NA,years,NA,2026-02-16,2012-01-01,event
Barts Health,condition_occurrence,FALSE,Number of records,NA,2016-01-01 to 2016-12-31,815,0,NA,years,NA,2026-02-16,2012-01-01,event
Barts Health,condition_occurrence,TRUE,Number of records,NA,2016-01-01 to 2016-12-31,1612502,5.46,NA,years,NA,2026-02-16,2012-01-01,event
Barts Health,drug_exposure,overall,Number of records,NA,2016-01-01 to 2016-12-31,13,0,NA,years,NA,2026-02-16,2012-01-01,event
Barts Health,drug_exposure,TRUE,Number of records,NA,2016-01-01 to 2016-12-31,13,0,NA,years,NA,2026-02-16,2012-01-01,event
Barts Health,procedure_occurrence,overall,Number of records,NA,2016-01-01 to 2016-12-31,616053,6.55,NA,years,NA,2026-02-16,2012-01-01,event
Barts Health,procedure_occurrence,FALSE,Number of records,NA,2016-01-01 to 2016-12-31,9323,0.1,NA,years,NA,2026-02-16,2012-01-01,event
Barts Health,procedure_occurrence,TRUE,Number of records,NA,2016-01-01 to 2016-12-31,606730,6.45,NA,years,NA,2026-02-16,2012-01-01,event
Barts Health,device_exposure,overall,Number of records,NA,2016-01-01 to 2016-12-31,22906,1.24,NA,years,NA,2026-02-16,2012-01-01,event
Barts Health,device_exposure,TRUE,Number of records,NA,2016-01-01 to 2016-12-31,22906,1.24,NA,years,NA,2026-02-16,2012-01-01,event
Barts Health,measurement,overall,Number of records,NA,2016-01-01 to 2016-12-31,31586916,3.8,NA,years,NA,2026-02-16,2012-01-01,event
Barts Health,measurement,FALSE,Number of records,NA,2016-01-01 to 2016-12-31,23553,0,NA,years,NA,2026-02-16,2012-01-01,event
Barts Health,measurement,TRUE,Number of records,NA,2016-01-01 to 2016-12-31,31563363,3.8,NA,years,NA,2026-02-16,2012-01-01,event
Barts Health,observation,overall,Number of records,NA,2016-01-01 to 2016-12-31,1430298,2.32,NA,years,NA,2026-02-16,2012-01-01,event
Barts Health,observation,FALSE,Number of records,NA,2016-01-01 to 2016-12-31,142802,0.23,NA,years,NA,2026-02-16,2012-01-01,event
Barts Health,observation,TRUE,Number of records,NA,2016-01-01 to 2016-12-31,1287496,2.09,NA,years,NA,2026-02-16,2012-01-01,event
Barts Health,death,overall,Number of records,NA,2016-01-01 to 2016-12-31,8210,5.8,NA,years,NA,2026-02-16,2012-01-01,event
Barts Health,death,FALSE,Number of records,NA,2016-01-01 to 2016-12-31,135,0.1,NA,years,NA,2026-02-16,2012-01-01,event
Barts Health,death,TRUE,Number of records,NA,2016-01-01 to 2016-12-31,8075,5.71,NA,years,NA,2026-02-16,2012-01-01,event
Barts Health,drug_era,overall,Number of records,NA,2016-01-01 to 2016-12-31,9,0,NA,years,NA,2026-02-16,2012-01-01,event
Barts Health,drug_era,TRUE,Number of records,NA,2016-01-01 to 2016-12-31,9,0,NA,years,NA,2026-02-16,2012-01-01,event
Barts Health,dose_era,overall,Number of records,NA,2016-01-01 to 2016-12-31,NA,NA,NA,years,NA,2026-02-16,2012-01-01,event
Barts Health,dose_era,TRUE,Number of records,NA,2016-01-01 to 2016-12-31,NA,NA,NA,years,NA,2026-02-16,2012-01-01,event
Barts Health,condition_era,overall,Number of records,NA,2016-01-01 to 2016-12-31,906993,5.96,NA,years,NA,2026-02-16,2012-01-01,event
Barts Health,condition_era,FALSE,Number of records,NA,2016-01-01 to 2016-12-31,415,0,NA,years,NA,2026-02-16,2012-01-01,event
Barts Health,condition_era,TRUE,Number of records,NA,2016-01-01 to 2016-12-31,906578,5.95,NA,years,NA,2026-02-16,2012-01-01,event
Barts Health,visit_occurrence,overall,Number of records,NA,2017-01-01 to 2017-12-31,2668524,6.81,NA,years,NA,2026-02-16,2012-01-01,event
Barts Health,visit_occurrence,FALSE,Number of records,NA,2017-01-01 to 2017-12-31,6574,0.02,NA,years,NA,2026-02-16,2012-01-01,event
Barts Health,visit_occurrence,TRUE,Number of records,NA,2017-01-01 to 2017-12-31,2661950,6.8,NA,years,NA,2026-02-16,2012-01-01,event
Barts Health,condition_occurrence,overall,Number of records,NA,2017-01-01 to 2017-12-31,2037891,6.9,NA,years,NA,2026-02-16,2012-01-01,event
Barts Health,condition_occurrence,FALSE,Number of records,NA,2017-01-01 to 2017-12-31,1204,0,NA,years,NA,2026-02-16,2012-01-01,event
Barts Health,condition_occurrence,TRUE,Number of records,NA,2017-01-01 to 2017-12-31,2036687,6.89,NA,years,NA,2026-02-16,2012-01-01,event
Barts Health,drug_exposure,overall,Number of records,NA,2017-01-01 to 2017-12-31,14,0,NA,years,NA,2026-02-16,2012-01-01,event
Barts Health,drug_exposure,TRUE,Number of records,NA,2017-01-01 to 2017-12-31,14,0,NA,years,NA,2026-02-16,2012-01-01,event
Barts Health,procedure_occurrence,overall,Number of records,NA,2017-01-01 to 2017-12-31,613482,6.52,NA,years,NA,2026-02-16,2012-01-01,event
Barts Health,procedure_occurrence,FALSE,Number of records,NA,2017-01-01 to 2017-12-31,7133,0.08,NA,years,NA,2026-02-16,2012-01-01,event
Barts Health,procedure_occurrence,TRUE,Number of records,NA,2017-01-01 to 2017-12-31,606349,6.44,NA,years,NA,2026-02-16,2012-01-01,event
Barts Health,device_exposure,overall,Number of records,NA,2017-01-01 to 2017-12-31,165166,8.92,NA,years,NA,2026-02-16,2012-01-01,event
Barts Health,device_exposure,FALSE,Number of records,NA,2017-01-01 to 2017-12-31,NA,NA,NA,years,NA,2026-02-16,2012-01-01,event
Barts Health,device_exposure,TRUE,Number of records,NA,2017-01-01 to 2017-12-31,165165,8.92,NA,years,NA,2026-02-16,2012-01-01,event
Barts Health,measurement,overall,Number of records,NA,2017-01-01 to 2017-12-31,34718071,4.18,NA,years,NA,2026-02-16,2012-01-01,event
Barts Health,measurement,FALSE,Number of records,NA,2017-01-01 to 2017-12-31,34710,0,NA,years,NA,2026-02-16,2012-01-01,event
Barts Health,measurement,TRUE,Number of records,NA,2017-01-01 to 2017-12-31,34683361,4.17,NA,years,NA,2026-02-16,2012-01-01,event
Barts Health,observation,overall,Number of records,NA,2017-01-01 to 2017-12-31,1765867,2.86,NA,years,NA,2026-02-16,2012-01-01,event
Barts Health,observation,FALSE,Number of records,NA,2017-01-01 to 2017-12-31,132673,0.22,NA,years,NA,2026-02-16,2012-01-01,event
Barts Health,observation,TRUE,Number of records,NA,2017-01-01 to 2017-12-31,1633194,2.65,NA,years,NA,2026-02-16,2012-01-01,event
Barts Health,death,overall,Number of records,NA,2017-01-01 to 2017-12-31,8871,6.27,NA,years,NA,2026-02-16,2012-01-01,event
Barts Health,death,FALSE,Number of records,NA,2017-01-01 to 2017-12-31,127,0.09,NA,years,NA,2026-02-16,2012-01-01,event
Barts Health,death,TRUE,Number of records,NA,2017-01-01 to 2017-12-31,8744,6.18,NA,years,NA,2026-02-16,2012-01-01,event
Barts Health,drug_era,overall,Number of records,NA,2017-01-01 to 2017-12-31,12,0,NA,years,NA,2026-02-16,2012-01-01,event
Barts Health,drug_era,TRUE,Number of records,NA,2017-01-01 to 2017-12-31,12,0,NA,years,NA,2026-02-16,2012-01-01,event
Barts Health,dose_era,overall,Number of records,NA,2017-01-01 to 2017-12-31,NA,NA,NA,years,NA,2026-02-16,2012-01-01,event
Barts Health,dose_era,TRUE,Number of records,NA,2017-01-01 to 2017-12-31,NA,NA,NA,years,NA,2026-02-16,2012-01-01,event
Barts Health,condition_era,overall,Number of records,NA,2017-01-01 to 2017-12-31,1113168,7.31,NA,years,NA,2026-02-16,2012-01-01,event
Barts Health,condition_era,FALSE,Number of records,NA,2017-01-01 to 2017-12-31,564,0,NA,years,NA,2026-02-16,2012-01-01,event
Barts Health,condition_era,TRUE,Number of records,NA,2017-01-01 to 2017-12-31,1112604,7.31,NA,years,NA,2026-02-16,2012-01-01,event
Barts Health,visit_occurrence,overall,Number of records,NA,2018-01-01 to 2018-12-31,3030548,7.74,NA,years,NA,2026-02-16,2012-01-01,event
Barts Health,visit_occurrence,FALSE,Number of records,NA,2018-01-01 to 2018-12-31,6647,0.02,NA,years,NA,2026-02-16,2012-01-01,event
Barts Health,visit_occurrence,TRUE,Number of records,NA,2018-01-01 to 2018-12-31,3023901,7.72,NA,years,NA,2026-02-16,2012-01-01,event
Barts Health,condition_occurrence,overall,Number of records,NA,2018-01-01 to 2018-12-31,2529937,8.56,NA,years,NA,2026-02-16,2012-01-01,event
Barts Health,condition_occurrence,FALSE,Number of records,NA,2018-01-01 to 2018-12-31,860,0,NA,years,NA,2026-02-16,2012-01-01,event
Barts Health,condition_occurrence,TRUE,Number of records,NA,2018-01-01 to 2018-12-31,2529077,8.56,NA,years,NA,2026-02-16,2012-01-01,event
Barts Health,drug_exposure,overall,Number of records,NA,2018-01-01 to 2018-12-31,21,0,NA,years,NA,2026-02-16,2012-01-01,event
Barts Health,drug_exposure,TRUE,Number of records,NA,2018-01-01 to 2018-12-31,21,0,NA,years,NA,2026-02-16,2012-01-01,event
Barts Health,procedure_occurrence,overall,Number of records,NA,2018-01-01 to 2018-12-31,668654,7.11,NA,years,NA,2026-02-16,2012-01-01,event
Barts Health,procedure_occurrence,FALSE,Number of records,NA,2018-01-01 to 2018-12-31,7562,0.08,NA,years,NA,2026-02-16,2012-01-01,event
Barts Health,procedure_occurrence,TRUE,Number of records,NA,2018-01-01 to 2018-12-31,661092,7.03,NA,years,NA,2026-02-16,2012-01-01,event
Barts Health,device_exposure,overall,Number of records,NA,2018-01-01 to 2018-12-31,196723,10.62,NA,years,NA,2026-02-16,2012-01-01,event
Barts Health,device_exposure,FALSE,Number of records,NA,2018-01-01 to 2018-12-31,14,0,NA,years,NA,2026-02-16,2012-01-01,event
Barts Health,device_exposure,TRUE,Number of records,NA,2018-01-01 to 2018-12-31,196709,10.62,NA,years,NA,2026-02-16,2012-01-01,event
Barts Health,measurement,overall,Number of records,NA,2018-01-01 to 2018-12-31,45600167,5.49,NA,years,NA,2026-02-16,2012-01-01,event
Barts Health,measurement,FALSE,Number of records,NA,2018-01-01 to 2018-12-31,43253,0.01,NA,years,NA,2026-02-16,2012-01-01,event
Barts Health,measurement,TRUE,Number of records,NA,2018-01-01 to 2018-12-31,45556914,5.48,NA,years,NA,2026-02-16,2012-01-01,event
Barts Health,observation,overall,Number of records,NA,2018-01-01 to 2018-12-31,2328671,3.78,NA,years,NA,2026-02-16,2012-01-01,event
Barts Health,observation,FALSE,Number of records,NA,2018-01-01 to 2018-12-31,117537,0.19,NA,years,NA,2026-02-16,2012-01-01,event
Barts Health,observation,TRUE,Number of records,NA,2018-01-01 to 2018-12-31,2211134,3.59,NA,years,NA,2026-02-16,2012-01-01,event
Barts Health,death,overall,Number of records,NA,2018-01-01 to 2018-12-31,9219,6.52,NA,years,NA,2026-02-16,2012-01-01,event
Barts Health,death,FALSE,Number of records,NA,2018-01-01 to 2018-12-31,108,0.08,NA,years,NA,2026-02-16,2012-01-01,event
Barts Health,death,TRUE,Number of records,NA,2018-01-01 to 2018-12-31,9111,6.44,NA,years,NA,2026-02-16,2012-01-01,event
Barts Health,drug_era,overall,Number of records,NA,2018-01-01 to 2018-12-31,13,0,NA,years,NA,2026-02-16,2012-01-01,event
Barts Health,drug_era,TRUE,Number of records,NA,2018-01-01 to 2018-12-31,13,0,NA,years,NA,2026-02-16,2012-01-01,event
Barts Health,dose_era,overall,Number of records,NA,2018-01-01 to 2018-12-31,NA,NA,NA,years,NA,2026-02-16,2012-01-01,event
Barts Health,dose_era,TRUE,Number of records,NA,2018-01-01 to 2018-12-31,NA,NA,NA,years,NA,2026-02-16,2012-01-01,event
Barts Health,condition_era,overall,Number of records,NA,2018-01-01 to 2018-12-31,1322095,8.68,NA,years,NA,2026-02-16,2012-01-01,event
Barts Health,condition_era,FALSE,Number of records,NA,2018-01-01 to 2018-12-31,422,0,NA,years,NA,2026-02-16,2012-01-01,event
Barts Health,condition_era,TRUE,Number of records,NA,2018-01-01 to 2018-12-31,1321673,8.68,NA,years,NA,2026-02-16,2012-01-01,event
Barts Health,visit_occurrence,overall,Number of records,NA,2019-01-01 to 2019-12-31,3169815,8.09,NA,years,NA,2026-02-16,2012-01-01,event
Barts Health,visit_occurrence,FALSE,Number of records,NA,2019-01-01 to 2019-12-31,7236,0.02,NA,years,NA,2026-02-16,2012-01-01,event
Barts Health,visit_occurrence,TRUE,Number of records,NA,2019-01-01 to 2019-12-31,3162579,8.07,NA,years,NA,2026-02-16,2012-01-01,event
Barts Health,condition_occurrence,overall,Number of records,NA,2019-01-01 to 2019-12-31,2492794,8.44,NA,years,NA,2026-02-16,2012-01-01,event
Barts Health,condition_occurrence,FALSE,Number of records,NA,2019-01-01 to 2019-12-31,932,0,NA,years,NA,2026-02-16,2012-01-01,event
Barts Health,condition_occurrence,TRUE,Number of records,NA,2019-01-01 to 2019-12-31,2491862,8.43,NA,years,NA,2026-02-16,2012-01-01,event
Barts Health,drug_exposure,overall,Number of records,NA,2019-01-01 to 2019-12-31,3181,0.01,NA,years,NA,2026-02-16,2012-01-01,event
Barts Health,drug_exposure,TRUE,Number of records,NA,2019-01-01 to 2019-12-31,3181,0.01,NA,years,NA,2026-02-16,2012-01-01,event
Barts Health,procedure_occurrence,overall,Number of records,NA,2019-01-01 to 2019-12-31,705825,7.5,NA,years,NA,2026-02-16,2012-01-01,event
Barts Health,procedure_occurrence,FALSE,Number of records,NA,2019-01-01 to 2019-12-31,7894,0.08,NA,years,NA,2026-02-16,2012-01-01,event
Barts Health,procedure_occurrence,TRUE,Number of records,NA,2019-01-01 to 2019-12-31,697931,7.42,NA,years,NA,2026-02-16,2012-01-01,event
Barts Health,device_exposure,overall,Number of records,NA,2019-01-01 to 2019-12-31,205094,11.07,NA,years,NA,2026-02-16,2012-01-01,event
Barts Health,device_exposure,FALSE,Number of records,NA,2019-01-01 to 2019-12-31,12,0,NA,years,NA,2026-02-16,2012-01-01,event
Barts Health,device_exposure,TRUE,Number of records,NA,2019-01-01 to 2019-12-31,205082,11.07,NA,years,NA,2026-02-16,2012-01-01,event
Barts Health,measurement,overall,Number of records,NA,2019-01-01 to 2019-12-31,53104439,6.39,NA,years,NA,2026-02-16,2012-01-01,event
Barts Health,measurement,FALSE,Number of records,NA,2019-01-01 to 2019-12-31,45507,0.01,NA,years,NA,2026-02-16,2012-01-01,event
Barts Health,measurement,TRUE,Number of records,NA,2019-01-01 to 2019-12-31,53058932,6.38,NA,years,NA,2026-02-16,2012-01-01,event
Barts Health,observation,overall,Number of records,NA,2019-01-01 to 2019-12-31,3894005,6.32,NA,years,NA,2026-02-16,2012-01-01,event
Barts Health,observation,FALSE,Number of records,NA,2019-01-01 to 2019-12-31,118699,0.19,NA,years,NA,2026-02-16,2012-01-01,event
Barts Health,observation,TRUE,Number of records,NA,2019-01-01 to 2019-12-31,3775306,6.12,NA,years,NA,2026-02-16,2012-01-01,event
Barts Health,death,overall,Number of records,NA,2019-01-01 to 2019-12-31,9734,6.88,NA,years,NA,2026-02-16,2012-01-01,event
Barts Health,death,FALSE,Number of records,NA,2019-01-01 to 2019-12-31,96,0.07,NA,years,NA,2026-02-16,2012-01-01,event
Barts Health,death,TRUE,Number of records,NA,2019-01-01 to 2019-12-31,9638,6.81,NA,years,NA,2026-02-16,2012-01-01,event
Barts Health,drug_era,overall,Number of records,NA,2019-01-01 to 2019-12-31,75,0,NA,years,NA,2026-02-16,2012-01-01,event
Barts Health,drug_era,TRUE,Number of records,NA,2019-01-01 to 2019-12-31,75,0,NA,years,NA,2026-02-16,2012-01-01,event
Barts Health,condition_era,overall,Number of records,NA,2019-01-01 to 2019-12-31,1260753,8.28,NA,years,NA,2026-02-16,2012-01-01,event
Barts Health,condition_era,FALSE,Number of records,NA,2019-01-01 to 2019-12-31,538,0,NA,years,NA,2026-02-16,2012-01-01,event
Barts Health,condition_era,TRUE,Number of records,NA,2019-01-01 to 2019-12-31,1260215,8.28,NA,years,NA,2026-02-16,2012-01-01,event
Barts Health,visit_occurrence,overall,Number of records,NA,2020-01-01 to 2020-12-31,2546700,6.5,NA,years,NA,2026-02-16,2012-01-01,event
Barts Health,visit_occurrence,FALSE,Number of records,NA,2020-01-01 to 2020-12-31,8128,0.02,NA,years,NA,2026-02-16,2012-01-01,event
Barts Health,visit_occurrence,TRUE,Number of records,NA,2020-01-01 to 2020-12-31,2538572,6.48,NA,years,NA,2026-02-16,2012-01-01,event
Barts Health,condition_occurrence,overall,Number of records,NA,2020-01-01 to 2020-12-31,2136760,7.23,NA,years,NA,2026-02-16,2012-01-01,event
Barts Health,condition_occurrence,FALSE,Number of records,NA,2020-01-01 to 2020-12-31,1696,0.01,NA,years,NA,2026-02-16,2012-01-01,event
Barts Health,condition_occurrence,TRUE,Number of records,NA,2020-01-01 to 2020-12-31,2135064,7.23,NA,years,NA,2026-02-16,2012-01-01,event
Barts Health,drug_exposure,overall,Number of records,NA,2020-01-01 to 2020-12-31,61,0,NA,years,NA,2026-02-16,2012-01-01,event
Barts Health,drug_exposure,TRUE,Number of records,NA,2020-01-01 to 2020-12-31,61,0,NA,years,NA,2026-02-16,2012-01-01,event
Barts Health,procedure_occurrence,overall,Number of records,NA,2020-01-01 to 2020-12-31,629237,6.69,NA,years,NA,2026-02-16,2012-01-01,event
Barts Health,procedure_occurrence,FALSE,Number of records,NA,2020-01-01 to 2020-12-31,7633,0.08,NA,years,NA,2026-02-16,2012-01-01,event
Barts Health,procedure_occurrence,TRUE,Number of records,NA,2020-01-01 to 2020-12-31,621604,6.61,NA,years,NA,2026-02-16,2012-01-01,event
Barts Health,device_exposure,overall,Number of records,NA,2020-01-01 to 2020-12-31,145457,7.85,NA,years,NA,2026-02-16,2012-01-01,event
Barts Health,device_exposure,FALSE,Number of records,NA,2020-01-01 to 2020-12-31,14,0,NA,years,NA,2026-02-16,2012-01-01,event
Barts Health,device_exposure,TRUE,Number of records,NA,2020-01-01 to 2020-12-31,145443,7.85,NA,years,NA,2026-02-16,2012-01-01,event
Barts Health,measurement,overall,Number of records,NA,2020-01-01 to 2020-12-31,62854041,7.56,NA,years,NA,2026-02-16,2012-01-01,event
Barts Health,measurement,FALSE,Number of records,NA,2020-01-01 to 2020-12-31,39998,0,NA,years,NA,2026-02-16,2012-01-01,event
Barts Health,measurement,TRUE,Number of records,NA,2020-01-01 to 2020-12-31,62814043,7.56,NA,years,NA,2026-02-16,2012-01-01,event
Barts Health,observation,overall,Number of records,NA,2020-01-01 to 2020-12-31,5523945,8.96,NA,years,NA,2026-02-16,2012-01-01,event
Barts Health,observation,FALSE,Number of records,NA,2020-01-01 to 2020-12-31,105363,0.17,NA,years,NA,2026-02-16,2012-01-01,event
Barts Health,observation,TRUE,Number of records,NA,2020-01-01 to 2020-12-31,5418582,8.79,NA,years,NA,2026-02-16,2012-01-01,event
Barts Health,death,overall,Number of records,NA,2020-01-01 to 2020-12-31,12223,8.64,NA,years,NA,2026-02-16,2012-01-01,event
Barts Health,death,FALSE,Number of records,NA,2020-01-01 to 2020-12-31,101,0.07,NA,years,NA,2026-02-16,2012-01-01,event
Barts Health,death,TRUE,Number of records,NA,2020-01-01 to 2020-12-31,12122,8.57,NA,years,NA,2026-02-16,2012-01-01,event
Barts Health,drug_era,overall,Number of records,NA,2020-01-01 to 2020-12-31,36,0,NA,years,NA,2026-02-16,2012-01-01,event
Barts Health,drug_era,TRUE,Number of records,NA,2020-01-01 to 2020-12-31,36,0,NA,years,NA,2026-02-16,2012-01-01,event
Barts Health,condition_era,overall,Number of records,NA,2020-01-01 to 2020-12-31,1040015,6.83,NA,years,NA,2026-02-16,2012-01-01,event
Barts Health,condition_era,FALSE,Number of records,NA,2020-01-01 to 2020-12-31,737,0,NA,years,NA,2026-02-16,2012-01-01,event
Barts Health,condition_era,TRUE,Number of records,NA,2020-01-01 to 2020-12-31,1039278,6.83,NA,years,NA,2026-02-16,2012-01-01,event
Barts Health,visit_occurrence,overall,Number of records,NA,2021-01-01 to 2021-12-31,3064094,7.82,NA,years,NA,2026-02-16,2012-01-01,event
Barts Health,visit_occurrence,FALSE,Number of records,NA,2021-01-01 to 2021-12-31,8467,0.02,NA,years,NA,2026-02-16,2012-01-01,event
Barts Health,visit_occurrence,TRUE,Number of records,NA,2021-01-01 to 2021-12-31,3055627,7.8,NA,years,NA,2026-02-16,2012-01-01,event
Barts Health,condition_occurrence,overall,Number of records,NA,2021-01-01 to 2021-12-31,2508429,8.49,NA,years,NA,2026-02-16,2012-01-01,event
Barts Health,condition_occurrence,FALSE,Number of records,NA,2021-01-01 to 2021-12-31,1081,0,NA,years,NA,2026-02-16,2012-01-01,event
Barts Health,condition_occurrence,TRUE,Number of records,NA,2021-01-01 to 2021-12-31,2507348,8.49,NA,years,NA,2026-02-16,2012-01-01,event
Barts Health,drug_exposure,overall,Number of records,NA,2021-01-01 to 2021-12-31,2034278,4.57,NA,years,NA,2026-02-16,2012-01-01,event
Barts Health,drug_exposure,FALSE,Number of records,NA,2021-01-01 to 2021-12-31,808,0,NA,years,NA,2026-02-16,2012-01-01,event
Barts Health,drug_exposure,TRUE,Number of records,NA,2021-01-01 to 2021-12-31,2033470,4.57,NA,years,NA,2026-02-16,2012-01-01,event
Barts Health,procedure_occurrence,overall,Number of records,NA,2021-01-01 to 2021-12-31,711664,7.56,NA,years,NA,2026-02-16,2012-01-01,event
Barts Health,procedure_occurrence,FALSE,Number of records,NA,2021-01-01 to 2021-12-31,9402,0.1,NA,years,NA,2026-02-16,2012-01-01,event
Barts Health,procedure_occurrence,TRUE,Number of records,NA,2021-01-01 to 2021-12-31,702262,7.46,NA,years,NA,2026-02-16,2012-01-01,event
Barts Health,device_exposure,overall,Number of records,NA,2021-01-01 to 2021-12-31,159930,8.64,NA,years,NA,2026-02-16,2012-01-01,event
Barts Health,device_exposure,FALSE,Number of records,NA,2021-01-01 to 2021-12-31,NA,NA,NA,years,NA,2026-02-16,2012-01-01,event
Barts Health,device_exposure,TRUE,Number of records,NA,2021-01-01 to 2021-12-31,159927,8.64,NA,years,NA,2026-02-16,2012-01-01,event
Barts Health,measurement,overall,Number of records,NA,2021-01-01 to 2021-12-31,83842804,10.09,NA,years,NA,2026-02-16,2012-01-01,event
Barts Health,measurement,FALSE,Number of records,NA,2021-01-01 to 2021-12-31,31240,0,NA,years,NA,2026-02-16,2012-01-01,event
Barts Health,measurement,TRUE,Number of records,NA,2021-01-01 to 2021-12-31,83811564,10.08,NA,years,NA,2026-02-16,2012-01-01,event
Barts Health,observation,overall,Number of records,NA,2021-01-01 to 2021-12-31,7002331,11.36,NA,years,NA,2026-02-16,2012-01-01,event
Barts Health,observation,FALSE,Number of records,NA,2021-01-01 to 2021-12-31,177940,0.29,NA,years,NA,2026-02-16,2012-01-01,event
Barts Health,observation,TRUE,Number of records,NA,2021-01-01 to 2021-12-31,6824391,11.07,NA,years,NA,2026-02-16,2012-01-01,event
Barts Health,death,overall,Number of records,NA,2021-01-01 to 2021-12-31,11727,8.29,NA,years,NA,2026-02-16,2012-01-01,event
Barts Health,death,FALSE,Number of records,NA,2021-01-01 to 2021-12-31,92,0.07,NA,years,NA,2026-02-16,2012-01-01,event
Barts Health,death,TRUE,Number of records,NA,2021-01-01 to 2021-12-31,11635,8.23,NA,years,NA,2026-02-16,2012-01-01,event
Barts Health,drug_era,overall,Number of records,NA,2021-01-01 to 2021-12-31,321582,5.56,NA,years,NA,2026-02-16,2012-01-01,event
Barts Health,drug_era,FALSE,Number of records,NA,2021-01-01 to 2021-12-31,41,0,NA,years,NA,2026-02-16,2012-01-01,event
Barts Health,drug_era,TRUE,Number of records,NA,2021-01-01 to 2021-12-31,321541,5.56,NA,years,NA,2026-02-16,2012-01-01,event
Barts Health,dose_era,overall,Number of records,NA,2021-01-01 to 2021-12-31,198198,4.42,NA,years,NA,2026-02-16,2012-01-01,event
Barts Health,dose_era,FALSE,Number of records,NA,2021-01-01 to 2021-12-31,97,0,NA,years,NA,2026-02-16,2012-01-01,event
Barts Health,dose_era,TRUE,Number of records,NA,2021-01-01 to 2021-12-31,198101,4.41,NA,years,NA,2026-02-16,2012-01-01,event
Barts Health,condition_era,overall,Number of records,NA,2021-01-01 to 2021-12-31,1179717,7.75,NA,years,NA,2026-02-16,2012-01-01,event
Barts Health,condition_era,FALSE,Number of records,NA,2021-01-01 to 2021-12-31,536,0,NA,years,NA,2026-02-16,2012-01-01,event
Barts Health,condition_era,TRUE,Number of records,NA,2021-01-01 to 2021-12-31,1179181,7.74,NA,years,NA,2026-02-16,2012-01-01,event
Barts Health,visit_occurrence,overall,Number of records,NA,2022-01-01 to 2022-12-31,3332821,8.51,NA,years,NA,2026-02-16,2012-01-01,event
Barts Health,visit_occurrence,FALSE,Number of records,NA,2022-01-01 to 2022-12-31,8909,0.02,NA,years,NA,2026-02-16,2012-01-01,event
Barts Health,visit_occurrence,TRUE,Number of records,NA,2022-01-01 to 2022-12-31,3323912,8.49,NA,years,NA,2026-02-16,2012-01-01,event
Barts Health,condition_occurrence,overall,Number of records,NA,2022-01-01 to 2022-12-31,2811985,9.52,NA,years,NA,2026-02-16,2012-01-01,event
Barts Health,condition_occurrence,FALSE,Number of records,NA,2022-01-01 to 2022-12-31,2570,0.01,NA,years,NA,2026-02-16,2012-01-01,event
Barts Health,condition_occurrence,TRUE,Number of records,NA,2022-01-01 to 2022-12-31,2809415,9.51,NA,years,NA,2026-02-16,2012-01-01,event
Barts Health,drug_exposure,overall,Number of records,NA,2022-01-01 to 2022-12-31,9307825,20.91,NA,years,NA,2026-02-16,2012-01-01,event
Barts Health,drug_exposure,FALSE,Number of records,NA,2022-01-01 to 2022-12-31,2214,0,NA,years,NA,2026-02-16,2012-01-01,event
Barts Health,drug_exposure,TRUE,Number of records,NA,2022-01-01 to 2022-12-31,9305611,20.9,NA,years,NA,2026-02-16,2012-01-01,event
Barts Health,procedure_occurrence,overall,Number of records,NA,2022-01-01 to 2022-12-31,829399,8.82,NA,years,NA,2026-02-16,2012-01-01,event
Barts Health,procedure_occurrence,FALSE,Number of records,NA,2022-01-01 to 2022-12-31,7774,0.08,NA,years,NA,2026-02-16,2012-01-01,event
Barts Health,procedure_occurrence,TRUE,Number of records,NA,2022-01-01 to 2022-12-31,821625,8.73,NA,years,NA,2026-02-16,2012-01-01,event
Barts Health,device_exposure,overall,Number of records,NA,2022-01-01 to 2022-12-31,198998,10.74,NA,years,NA,2026-02-16,2012-01-01,event
Barts Health,device_exposure,FALSE,Number of records,NA,2022-01-01 to 2022-12-31,26,0,NA,years,NA,2026-02-16,2012-01-01,event
Barts Health,device_exposure,TRUE,Number of records,NA,2022-01-01 to 2022-12-31,198972,10.74,NA,years,NA,2026-02-16,2012-01-01,event
Barts Health,measurement,overall,Number of records,NA,2022-01-01 to 2022-12-31,97779938,11.76,NA,years,NA,2026-02-16,2012-01-01,event
Barts Health,measurement,FALSE,Number of records,NA,2022-01-01 to 2022-12-31,45714,0.01,NA,years,NA,2026-02-16,2012-01-01,event
Barts Health,measurement,TRUE,Number of records,NA,2022-01-01 to 2022-12-31,97734224,11.76,NA,years,NA,2026-02-16,2012-01-01,event
Barts Health,observation,overall,Number of records,NA,2022-01-01 to 2022-12-31,7675089,12.45,NA,years,NA,2026-02-16,2012-01-01,event
Barts Health,observation,FALSE,Number of records,NA,2022-01-01 to 2022-12-31,96308,0.16,NA,years,NA,2026-02-16,2012-01-01,event
Barts Health,observation,TRUE,Number of records,NA,2022-01-01 to 2022-12-31,7578781,12.29,NA,years,NA,2026-02-16,2012-01-01,event
Barts Health,death,overall,Number of records,NA,2022-01-01 to 2022-12-31,11694,8.27,NA,years,NA,2026-02-16,2012-01-01,event
Barts Health,death,FALSE,Number of records,NA,2022-01-01 to 2022-12-31,73,0.05,NA,years,NA,2026-02-16,2012-01-01,event
Barts Health,death,TRUE,Number of records,NA,2022-01-01 to 2022-12-31,11621,8.22,NA,years,NA,2026-02-16,2012-01-01,event
Barts Health,drug_era,overall,Number of records,NA,2022-01-01 to 2022-12-31,1222310,21.12,NA,years,NA,2026-02-16,2012-01-01,event
Barts Health,drug_era,FALSE,Number of records,NA,2022-01-01 to 2022-12-31,177,0,NA,years,NA,2026-02-16,2012-01-01,event
Barts Health,drug_era,TRUE,Number of records,NA,2022-01-01 to 2022-12-31,1222133,21.12,NA,years,NA,2026-02-16,2012-01-01,event
Barts Health,dose_era,overall,Number of records,NA,2022-01-01 to 2022-12-31,858395,19.12,NA,years,NA,2026-02-16,2012-01-01,event
Barts Health,dose_era,FALSE,Number of records,NA,2022-01-01 to 2022-12-31,415,0.01,NA,years,NA,2026-02-16,2012-01-01,event
Barts Health,dose_era,TRUE,Number of records,NA,2022-01-01 to 2022-12-31,857980,19.11,NA,years,NA,2026-02-16,2012-01-01,event
Barts Health,condition_era,overall,Number of records,NA,2022-01-01 to 2022-12-31,1357906,8.92,NA,years,NA,2026-02-16,2012-01-01,event
Barts Health,condition_era,FALSE,Number of records,NA,2022-01-01 to 2022-12-31,1237,0.01,NA,years,NA,2026-02-16,2012-01-01,event
Barts Health,condition_era,TRUE,Number of records,NA,2022-01-01 to 2022-12-31,1356669,8.91,NA,years,NA,2026-02-16,2012-01-01,event
Barts Health,visit_occurrence,overall,Number of records,NA,2023-01-01 to 2023-12-31,3263576,8.33,NA,years,NA,2026-02-16,2012-01-01,event
Barts Health,visit_occurrence,FALSE,Number of records,NA,2023-01-01 to 2023-12-31,8658,0.02,NA,years,NA,2026-02-16,2012-01-01,event
Barts Health,visit_occurrence,TRUE,Number of records,NA,2023-01-01 to 2023-12-31,3254918,8.31,NA,years,NA,2026-02-16,2012-01-01,event
Barts Health,condition_occurrence,overall,Number of records,NA,2023-01-01 to 2023-12-31,2810959,9.51,NA,years,NA,2026-02-16,2012-01-01,event
Barts Health,condition_occurrence,FALSE,Number of records,NA,2023-01-01 to 2023-12-31,2683,0.01,NA,years,NA,2026-02-16,2012-01-01,event
Barts Health,condition_occurrence,TRUE,Number of records,NA,2023-01-01 to 2023-12-31,2808276,9.5,NA,years,NA,2026-02-16,2012-01-01,event
Barts Health,drug_exposure,overall,Number of records,NA,2023-01-01 to 2023-12-31,10100709,22.69,NA,years,NA,2026-02-16,2012-01-01,event
Barts Health,drug_exposure,FALSE,Number of records,NA,2023-01-01 to 2023-12-31,762,0,NA,years,NA,2026-02-16,2012-01-01,event
Barts Health,drug_exposure,TRUE,Number of records,NA,2023-01-01 to 2023-12-31,10099947,22.69,NA,years,NA,2026-02-16,2012-01-01,event
Barts Health,procedure_occurrence,overall,Number of records,NA,2023-01-01 to 2023-12-31,876858,9.32,NA,years,NA,2026-02-16,2012-01-01,event
Barts Health,procedure_occurrence,FALSE,Number of records,NA,2023-01-01 to 2023-12-31,10446,0.11,NA,years,NA,2026-02-16,2012-01-01,event
Barts Health,procedure_occurrence,TRUE,Number of records,NA,2023-01-01 to 2023-12-31,866412,9.21,NA,years,NA,2026-02-16,2012-01-01,event
Barts Health,device_exposure,overall,Number of records,NA,2023-01-01 to 2023-12-31,202582,10.94,NA,years,NA,2026-02-16,2012-01-01,event
Barts Health,device_exposure,FALSE,Number of records,NA,2023-01-01 to 2023-12-31,7,0,NA,years,NA,2026-02-16,2012-01-01,event
Barts Health,device_exposure,TRUE,Number of records,NA,2023-01-01 to 2023-12-31,202575,10.94,NA,years,NA,2026-02-16,2012-01-01,event
Barts Health,measurement,overall,Number of records,NA,2023-01-01 to 2023-12-31,103369181,12.44,NA,years,NA,2026-02-16,2012-01-01,event
Barts Health,measurement,FALSE,Number of records,NA,2023-01-01 to 2023-12-31,32413,0,NA,years,NA,2026-02-16,2012-01-01,event
Barts Health,measurement,TRUE,Number of records,NA,2023-01-01 to 2023-12-31,103336768,12.43,NA,years,NA,2026-02-16,2012-01-01,event
Barts Health,observation,overall,Number of records,NA,2023-01-01 to 2023-12-31,7993757,12.97,NA,years,NA,2026-02-16,2012-01-01,event
Barts Health,observation,FALSE,Number of records,NA,2023-01-01 to 2023-12-31,90634,0.15,NA,years,NA,2026-02-16,2012-01-01,event
Barts Health,observation,TRUE,Number of records,NA,2023-01-01 to 2023-12-31,7903123,12.82,NA,years,NA,2026-02-16,2012-01-01,event
Barts Health,death,overall,Number of records,NA,2023-01-01 to 2023-12-31,11913,8.42,NA,years,NA,2026-02-16,2012-01-01,event
Barts Health,death,FALSE,Number of records,NA,2023-01-01 to 2023-12-31,106,0.07,NA,years,NA,2026-02-16,2012-01-01,event
Barts Health,death,TRUE,Number of records,NA,2023-01-01 to 2023-12-31,11807,8.35,NA,years,NA,2026-02-16,2012-01-01,event
Barts Health,drug_era,overall,Number of records,NA,2023-01-01 to 2023-12-31,1355926,23.43,NA,years,NA,2026-02-16,2012-01-01,event
Barts Health,drug_era,FALSE,Number of records,NA,2023-01-01 to 2023-12-31,174,0,NA,years,NA,2026-02-16,2012-01-01,event
Barts Health,drug_era,TRUE,Number of records,NA,2023-01-01 to 2023-12-31,1355752,23.43,NA,years,NA,2026-02-16,2012-01-01,event
Barts Health,dose_era,overall,Number of records,NA,2023-01-01 to 2023-12-31,996431,22.2,NA,years,NA,2026-02-16,2012-01-01,event
Barts Health,dose_era,FALSE,Number of records,NA,2023-01-01 to 2023-12-31,3142,0.07,NA,years,NA,2026-02-16,2012-01-01,event
Barts Health,dose_era,TRUE,Number of records,NA,2023-01-01 to 2023-12-31,993289,22.13,NA,years,NA,2026-02-16,2012-01-01,event
Barts Health,condition_era,overall,Number of records,NA,2023-01-01 to 2023-12-31,1392620,9.15,NA,years,NA,2026-02-16,2012-01-01,event
Barts Health,condition_era,FALSE,Number of records,NA,2023-01-01 to 2023-12-31,1302,0.01,NA,years,NA,2026-02-16,2012-01-01,event
Barts Health,condition_era,TRUE,Number of records,NA,2023-01-01 to 2023-12-31,1391318,9.14,NA,years,NA,2026-02-16,2012-01-01,event
Barts Health,visit_occurrence,overall,Number of records,NA,2024-01-01 to 2024-12-31,3531294,9.02,NA,years,NA,2026-02-16,2012-01-01,event
Barts Health,visit_occurrence,FALSE,Number of records,NA,2024-01-01 to 2024-12-31,8737,0.02,NA,years,NA,2026-02-16,2012-01-01,event
Barts Health,visit_occurrence,TRUE,Number of records,NA,2024-01-01 to 2024-12-31,3522557,8.99,NA,years,NA,2026-02-16,2012-01-01,event
Barts Health,condition_occurrence,overall,Number of records,NA,2024-01-01 to 2024-12-31,3379019,11.44,NA,years,NA,2026-02-16,2012-01-01,event
Barts Health,condition_occurrence,FALSE,Number of records,NA,2024-01-01 to 2024-12-31,2984,0.01,NA,years,NA,2026-02-16,2012-01-01,event
Barts Health,condition_occurrence,TRUE,Number of records,NA,2024-01-01 to 2024-12-31,3376035,11.43,NA,years,NA,2026-02-16,2012-01-01,event
Barts Health,drug_exposure,overall,Number of records,NA,2024-01-01 to 2024-12-31,10908041,24.5,NA,years,NA,2026-02-16,2012-01-01,event
Barts Health,drug_exposure,FALSE,Number of records,NA,2024-01-01 to 2024-12-31,2752,0.01,NA,years,NA,2026-02-16,2012-01-01,event
Barts Health,drug_exposure,TRUE,Number of records,NA,2024-01-01 to 2024-12-31,10905289,24.49,NA,years,NA,2026-02-16,2012-01-01,event
Barts Health,procedure_occurrence,overall,Number of records,NA,2024-01-01 to 2024-12-31,955990,10.16,NA,years,NA,2026-02-16,2012-01-01,event
Barts Health,procedure_occurrence,FALSE,Number of records,NA,2024-01-01 to 2024-12-31,9691,0.1,NA,years,NA,2026-02-16,2012-01-01,event
Barts Health,procedure_occurrence,TRUE,Number of records,NA,2024-01-01 to 2024-12-31,946299,10.06,NA,years,NA,2026-02-16,2012-01-01,event
Barts Health,device_exposure,overall,Number of records,NA,2024-01-01 to 2024-12-31,239241,12.92,NA,years,NA,2026-02-16,2012-01-01,event
Barts Health,device_exposure,FALSE,Number of records,NA,2024-01-01 to 2024-12-31,26,0,NA,years,NA,2026-02-16,2012-01-01,event
Barts Health,device_exposure,TRUE,Number of records,NA,2024-01-01 to 2024-12-31,239215,12.92,NA,years,NA,2026-02-16,2012-01-01,event
Barts Health,measurement,overall,Number of records,NA,2024-01-01 to 2024-12-31,113418060,13.64,NA,years,NA,2026-02-16,2012-01-01,event
Barts Health,measurement,FALSE,Number of records,NA,2024-01-01 to 2024-12-31,41397,0,NA,years,NA,2026-02-16,2012-01-01,event
Barts Health,measurement,TRUE,Number of records,NA,2024-01-01 to 2024-12-31,113376663,13.64,NA,years,NA,2026-02-16,2012-01-01,event
Barts Health,observation,overall,Number of records,NA,2024-01-01 to 2024-12-31,9248721,15,NA,years,NA,2026-02-16,2012-01-01,event
Barts Health,observation,FALSE,Number of records,NA,2024-01-01 to 2024-12-31,78258,0.13,NA,years,NA,2026-02-16,2012-01-01,event
Barts Health,observation,TRUE,Number of records,NA,2024-01-01 to 2024-12-31,9170463,14.88,NA,years,NA,2026-02-16,2012-01-01,event
Barts Health,death,overall,Number of records,NA,2024-01-01 to 2024-12-31,11550,8.17,NA,years,NA,2026-02-16,2012-01-01,event
Barts Health,death,FALSE,Number of records,NA,2024-01-01 to 2024-12-31,92,0.07,NA,years,NA,2026-02-16,2012-01-01,event
Barts Health,death,TRUE,Number of records,NA,2024-01-01 to 2024-12-31,11458,8.1,NA,years,NA,2026-02-16,2012-01-01,event
Barts Health,drug_era,overall,Number of records,NA,2024-01-01 to 2024-12-31,1428305,24.68,NA,years,NA,2026-02-16,2012-01-01,event
Barts Health,drug_era,FALSE,Number of records,NA,2024-01-01 to 2024-12-31,306,0.01,NA,years,NA,2026-02-16,2012-01-01,event
Barts Health,drug_era,TRUE,Number of records,NA,2024-01-01 to 2024-12-31,1427999,24.68,NA,years,NA,2026-02-16,2012-01-01,event
Barts Health,dose_era,overall,Number of records,NA,2024-01-01 to 2024-12-31,1126488,25.09,NA,years,NA,2026-02-16,2012-01-01,event
Barts Health,dose_era,FALSE,Number of records,NA,2024-01-01 to 2024-12-31,6107,0.14,NA,years,NA,2026-02-16,2012-01-01,event
Barts Health,dose_era,TRUE,Number of records,NA,2024-01-01 to 2024-12-31,1120381,24.96,NA,years,NA,2026-02-16,2012-01-01,event
Barts Health,condition_era,overall,Number of records,NA,2024-01-01 to 2024-12-31,1599234,10.5,NA,years,NA,2026-02-16,2012-01-01,event
Barts Health,condition_era,FALSE,Number of records,NA,2024-01-01 to 2024-12-31,1332,0.01,NA,years,NA,2026-02-16,2012-01-01,event
Barts Health,condition_era,TRUE,Number of records,NA,2024-01-01 to 2024-12-31,1597902,10.49,NA,years,NA,2026-02-16,2012-01-01,event
Barts Health,visit_occurrence,overall,Number of records,NA,2025-01-01 to 2025-12-31,3616582,9.23,NA,years,NA,2026-02-16,2012-01-01,event
Barts Health,visit_occurrence,FALSE,Number of records,NA,2025-01-01 to 2025-12-31,8742,0.02,NA,years,NA,2026-02-16,2012-01-01,event
Barts Health,visit_occurrence,TRUE,Number of records,NA,2025-01-01 to 2025-12-31,3607840,9.21,NA,years,NA,2026-02-16,2012-01-01,event
Barts Health,condition_occurrence,overall,Number of records,NA,2025-01-01 to 2025-12-31,3055031,10.34,NA,years,NA,2026-02-16,2012-01-01,event
Barts Health,condition_occurrence,FALSE,Number of records,NA,2025-01-01 to 2025-12-31,3341,0.01,NA,years,NA,2026-02-16,2012-01-01,event
Barts Health,condition_occurrence,TRUE,Number of records,NA,2025-01-01 to 2025-12-31,3051690,10.33,NA,years,NA,2026-02-16,2012-01-01,event
Barts Health,drug_exposure,overall,Number of records,NA,2025-01-01 to 2025-12-31,10750266,24.15,NA,years,NA,2026-02-16,2012-01-01,event
Barts Health,drug_exposure,FALSE,Number of records,NA,2025-01-01 to 2025-12-31,3736,0.01,NA,years,NA,2026-02-16,2012-01-01,event
Barts Health,drug_exposure,TRUE,Number of records,NA,2025-01-01 to 2025-12-31,10746530,24.14,NA,years,NA,2026-02-16,2012-01-01,event
Barts Health,procedure_occurrence,overall,Number of records,NA,2025-01-01 to 2025-12-31,848610,9.02,NA,years,NA,2026-02-16,2012-01-01,event
Barts Health,procedure_occurrence,FALSE,Number of records,NA,2025-01-01 to 2025-12-31,8835,0.09,NA,years,NA,2026-02-16,2012-01-01,event
Barts Health,procedure_occurrence,TRUE,Number of records,NA,2025-01-01 to 2025-12-31,839775,8.93,NA,years,NA,2026-02-16,2012-01-01,event
Barts Health,device_exposure,overall,Number of records,NA,2025-01-01 to 2025-12-31,262604,14.18,NA,years,NA,2026-02-16,2012-01-01,event
Barts Health,device_exposure,FALSE,Number of records,NA,2025-01-01 to 2025-12-31,35,0,NA,years,NA,2026-02-16,2012-01-01,event
Barts Health,device_exposure,TRUE,Number of records,NA,2025-01-01 to 2025-12-31,262569,14.18,NA,years,NA,2026-02-16,2012-01-01,event
Barts Health,measurement,overall,Number of records,NA,2025-01-01 to 2025-12-31,119981362,14.43,NA,years,NA,2026-02-16,2012-01-01,event
Barts Health,measurement,FALSE,Number of records,NA,2025-01-01 to 2025-12-31,67082,0.01,NA,years,NA,2026-02-16,2012-01-01,event
Barts Health,measurement,TRUE,Number of records,NA,2025-01-01 to 2025-12-31,119914280,14.43,NA,years,NA,2026-02-16,2012-01-01,event
Barts Health,observation,overall,Number of records,NA,2025-01-01 to 2025-12-31,9975086,16.18,NA,years,NA,2026-02-16,2012-01-01,event
Barts Health,observation,FALSE,Number of records,NA,2025-01-01 to 2025-12-31,52677,0.09,NA,years,NA,2026-02-16,2012-01-01,event
Barts Health,observation,TRUE,Number of records,NA,2025-01-01 to 2025-12-31,9922409,16.1,NA,years,NA,2026-02-16,2012-01-01,event
Barts Health,death,overall,Number of records,NA,2025-01-01 to 2025-12-31,11293,7.98,NA,years,NA,2026-02-16,2012-01-01,event
Barts Health,death,FALSE,Number of records,NA,2025-01-01 to 2025-12-31,80,0.06,NA,years,NA,2026-02-16,2012-01-01,event
Barts Health,death,TRUE,Number of records,NA,2025-01-01 to 2025-12-31,11213,7.93,NA,years,NA,2026-02-16,2012-01-01,event
Barts Health,drug_era,overall,Number of records,NA,2025-01-01 to 2025-12-31,1308062,22.6,NA,years,NA,2026-02-16,2012-01-01,event
Barts Health,drug_era,FALSE,Number of records,NA,2025-01-01 to 2025-12-31,326,0.01,NA,years,NA,2026-02-16,2012-01-01,event
Barts Health,drug_era,TRUE,Number of records,NA,2025-01-01 to 2025-12-31,1307736,22.6,NA,years,NA,2026-02-16,2012-01-01,event
Barts Health,dose_era,overall,Number of records,NA,2025-01-01 to 2025-12-31,1152019,25.66,NA,years,NA,2026-02-16,2012-01-01,event
Barts Health,dose_era,FALSE,Number of records,NA,2025-01-01 to 2025-12-31,6496,0.14,NA,years,NA,2026-02-16,2012-01-01,event
Barts Health,dose_era,TRUE,Number of records,NA,2025-01-01 to 2025-12-31,1145523,25.52,NA,years,NA,2026-02-16,2012-01-01,event
Barts Health,condition_era,overall,Number of records,NA,2025-01-01 to 2025-12-31,1315378,8.64,NA,years,NA,2026-02-16,2012-01-01,event
Barts Health,condition_era,FALSE,Number of records,NA,2025-01-01 to 2025-12-31,1401,0.01,NA,years,NA,2026-02-16,2012-01-01,event
Barts Health,condition_era,TRUE,Number of records,NA,2025-01-01 to 2025-12-31,1313977,8.63,NA,years,NA,2026-02-16,2012-01-01,event
Barts Health,visit_occurrence,overall,Number of records,NA,2026-01-01 to 2026-12-31,470836,1.2,NA,years,NA,2026-02-16,2012-01-01,event
Barts Health,visit_occurrence,FALSE,Number of records,NA,2026-01-01 to 2026-12-31,1223,0,NA,years,NA,2026-02-16,2012-01-01,event
Barts Health,visit_occurrence,TRUE,Number of records,NA,2026-01-01 to 2026-12-31,469613,1.2,NA,years,NA,2026-02-16,2012-01-01,event
Barts Health,condition_occurrence,overall,Number of records,NA,2026-01-01 to 2026-12-31,115947,0.39,NA,years,NA,2026-02-16,2012-01-01,event
Barts Health,condition_occurrence,FALSE,Number of records,NA,2026-01-01 to 2026-12-31,222,0,NA,years,NA,2026-02-16,2012-01-01,event
Barts Health,condition_occurrence,TRUE,Number of records,NA,2026-01-01 to 2026-12-31,115725,0.39,NA,years,NA,2026-02-16,2012-01-01,event
Barts Health,drug_exposure,overall,Number of records,NA,2026-01-01 to 2026-12-31,1405074,3.16,NA,years,NA,2026-02-16,2012-01-01,event
Barts Health,drug_exposure,FALSE,Number of records,NA,2026-01-01 to 2026-12-31,NA,NA,NA,years,NA,2026-02-16,2012-01-01,event
Barts Health,drug_exposure,TRUE,Number of records,NA,2026-01-01 to 2026-12-31,1405073,3.16,NA,years,NA,2026-02-16,2012-01-01,event
Barts Health,procedure_occurrence,overall,Number of records,NA,2026-01-01 to 2026-12-31,29953,0.32,NA,years,NA,2026-02-16,2012-01-01,event
Barts Health,procedure_occurrence,FALSE,Number of records,NA,2026-01-01 to 2026-12-31,NA,NA,NA,years,NA,2026-02-16,2012-01-01,event
Barts Health,procedure_occurrence,TRUE,Number of records,NA,2026-01-01 to 2026-12-31,29951,0.32,NA,years,NA,2026-02-16,2012-01-01,event
Barts Health,device_exposure,overall,Number of records,NA,2026-01-01 to 2026-12-31,32453,1.75,NA,years,NA,2026-02-16,2012-01-01,event
Barts Health,device_exposure,TRUE,Number of records,NA,2026-01-01 to 2026-12-31,32453,1.75,NA,years,NA,2026-02-16,2012-01-01,event
Barts Health,measurement,overall,Number of records,NA,2026-01-01 to 2026-12-31,12003811,1.44,NA,years,NA,2026-02-16,2012-01-01,event
Barts Health,measurement,FALSE,Number of records,NA,2026-01-01 to 2026-12-31,10398,0,NA,years,NA,2026-02-16,2012-01-01,event
Barts Health,measurement,TRUE,Number of records,NA,2026-01-01 to 2026-12-31,11993413,1.44,NA,years,NA,2026-02-16,2012-01-01,event
Barts Health,observation,overall,Number of records,NA,2026-01-01 to 2026-12-31,1125386,1.83,NA,years,NA,2026-02-16,2012-01-01,event
Barts Health,observation,FALSE,Number of records,NA,2026-01-01 to 2026-12-31,2693,0,NA,years,NA,2026-02-16,2012-01-01,event
Barts Health,observation,TRUE,Number of records,NA,2026-01-01 to 2026-12-31,1122693,1.82,NA,years,NA,2026-02-16,2012-01-01,event
Barts Health,death,overall,Number of records,NA,2026-01-01 to 2026-12-31,1448,1.02,NA,years,NA,2026-02-16,2012-01-01,event
Barts Health,death,FALSE,Number of records,NA,2026-01-01 to 2026-12-31,9,0.01,NA,years,NA,2026-02-16,2012-01-01,event
Barts Health,death,TRUE,Number of records,NA,2026-01-01 to 2026-12-31,1439,1.02,NA,years,NA,2026-02-16,2012-01-01,event
Barts Health,drug_era,overall,Number of records,NA,2026-01-01 to 2026-12-31,149091,2.58,NA,years,NA,2026-02-16,2012-01-01,event
Barts Health,drug_era,FALSE,Number of records,NA,2026-01-01 to 2026-12-31,NA,NA,NA,years,NA,2026-02-16,2012-01-01,event
Barts Health,drug_era,TRUE,Number of records,NA,2026-01-01 to 2026-12-31,149090,2.58,NA,years,NA,2026-02-16,2012-01-01,event
Barts Health,dose_era,overall,Number of records,NA,2026-01-01 to 2026-12-31,156242,3.48,NA,years,NA,2026-02-16,2012-01-01,event
Barts Health,dose_era,FALSE,Number of records,NA,2026-01-01 to 2026-12-31,1241,0.03,NA,years,NA,2026-02-16,2012-01-01,event
Barts Health,dose_era,TRUE,Number of records,NA,2026-01-01 to 2026-12-31,155001,3.45,NA,years,NA,2026-02-16,2012-01-01,event
Barts Health,condition_era,overall,Number of records,NA,2026-01-01 to 2026-12-31,63148,0.41,NA,years,NA,2026-02-16,2012-01-01,event
Barts Health,condition_era,FALSE,Number of records,NA,2026-01-01 to 2026-12-31,139,0,NA,years,NA,2026-02-16,2012-01-01,event
Barts Health,condition_era,TRUE,Number of records,NA,2026-01-01 to 2026-12-31,63009,0.41,NA,years,NA,2026-02-16,2012-01-01,event
Barts Health,visit_occurrence,overall,Number of records,NA,overall,39166651,100,NA,years,NA,2026-02-16,2012-01-01,event
Barts Health,visit_occurrence,FALSE,Number of records,NA,overall,94320,0.24,NA,years,NA,2026-02-16,2012-01-01,event
Barts Health,visit_occurrence,TRUE,Number of records,NA,overall,39072331,99.76,NA,years,NA,2026-02-16,2012-01-01,event
Barts Health,condition_occurrence,overall,Number of records,NA,overall,29549265,100,NA,years,NA,2026-02-16,2012-01-01,event
Barts Health,condition_occurrence,FALSE,Number of records,NA,overall,23312,0.08,NA,years,NA,2026-02-16,2012-01-01,event
Barts Health,condition_occurrence,TRUE,Number of records,NA,overall,29525953,99.92,NA,years,NA,2026-02-16,2012-01-01,event
Barts Health,drug_exposure,overall,Number of records,NA,overall,44522574,100,NA,years,NA,2026-02-16,2012-01-01,event
Barts Health,drug_exposure,FALSE,Number of records,NA,overall,10273,0.02,NA,years,NA,2026-02-16,2012-01-01,event
Barts Health,drug_exposure,TRUE,Number of records,NA,overall,44512301,99.98,NA,years,NA,2026-02-16,2012-01-01,event
Barts Health,procedure_occurrence,overall,Number of records,NA,overall,9408799,100,NA,years,NA,2026-02-16,2012-01-01,event
Barts Health,procedure_occurrence,FALSE,Number of records,NA,overall,126297,1.34,NA,years,NA,2026-02-16,2012-01-01,event
Barts Health,procedure_occurrence,TRUE,Number of records,NA,overall,9282502,98.66,NA,years,NA,2026-02-16,2012-01-01,event
Barts Health,device_exposure,overall,Number of records,NA,overall,1852050,100,NA,years,NA,2026-02-16,2012-01-01,event
Barts Health,device_exposure,FALSE,Number of records,NA,overall,139,0.01,NA,years,NA,2026-02-16,2012-01-01,event
Barts Health,device_exposure,TRUE,Number of records,NA,overall,1851911,99.99,NA,years,NA,2026-02-16,2012-01-01,event
Barts Health,measurement,overall,Number of records,NA,overall,831240384,100,NA,years,NA,2026-02-16,2012-01-01,event
Barts Health,measurement,FALSE,Number of records,NA,overall,478196,0.06,NA,years,NA,2026-02-16,2012-01-01,event
Barts Health,measurement,TRUE,Number of records,NA,overall,830762188,99.94,NA,years,NA,2026-02-16,2012-01-01,event
Barts Health,observation,overall,Number of records,NA,overall,61646151,100,NA,years,NA,2026-02-16,2012-01-01,event
Barts Health,observation,FALSE,Number of records,NA,overall,1851199,3,NA,years,NA,2026-02-16,2012-01-01,event
Barts Health,observation,TRUE,Number of records,NA,overall,59794952,97,NA,years,NA,2026-02-16,2012-01-01,event
Barts Health,death,overall,Number of records,NA,overall,141454,100,NA,years,NA,2026-02-16,2012-01-01,event
Barts Health,death,FALSE,Number of records,NA,overall,1548,1.09,NA,years,NA,2026-02-16,2012-01-01,event
Barts Health,death,TRUE,Number of records,NA,overall,139906,98.91,NA,years,NA,2026-02-16,2012-01-01,event
Barts Health,drug_era,overall,Number of records,NA,overall,5786945,100,NA,years,NA,2026-02-16,2012-01-01,event
Barts Health,drug_era,FALSE,Number of records,NA,overall,1025,0.02,NA,years,NA,2026-02-16,2012-01-01,event
Barts Health,drug_era,TRUE,Number of records,NA,overall,5785920,99.98,NA,years,NA,2026-02-16,2012-01-01,event
Barts Health,dose_era,overall,Number of records,NA,overall,4489060,100,NA,years,NA,2026-02-16,2012-01-01,event
Barts Health,dose_era,FALSE,Number of records,NA,overall,17499,0.39,NA,years,NA,2026-02-16,2012-01-01,event
Barts Health,dose_era,TRUE,Number of records,NA,overall,4471561,99.61,NA,years,NA,2026-02-16,2012-01-01,event
Barts Health,condition_era,overall,Number of records,NA,overall,15226440,100,NA,years,NA,2026-02-16,2012-01-01,event
Barts Health,condition_era,FALSE,Number of records,NA,overall,10811,0.07,NA,years,NA,2026-02-16,2012-01-01,event
Barts Health,condition_era,TRUE,Number of records,NA,overall,15215629,99.93,NA,years,NA,2026-02-16,2012-01-01,event
Barts Health,observation_period,overall,Number of records,NA,2012-01-01 to 2012-12-31,428136,13.89,NA,years,First to extract,2026-02-16,2012-01-01,episode
Barts Health,observation_period,overall,Number of subjects,NA,2012-01-01 to 2012-12-31,428136,12.41,NA,years,First to extract,2026-02-16,2012-01-01,episode
Barts Health,observation_period,overall,Age,NA,2012-01-01 to 2012-12-31,NA,NA,37,years,First to extract,2026-02-16,2012-01-01,episode
Barts Health,observation_period,overall,Person-days,NA,2012-01-01 to 2012-12-31,88358010,1,NA,years,First to extract,2026-02-16,2012-01-01,episode
Barts Health,observation_period,overall,Number of records,NA,2013-01-01 to 2013-12-31,677036,21.96,NA,years,First to extract,2026-02-16,2012-01-01,episode
Barts Health,observation_period,overall,Number of subjects,NA,2013-01-01 to 2013-12-31,677036,19.62,NA,years,First to extract,2026-02-16,2012-01-01,episode
Barts Health,observation_period,overall,Age,NA,2013-01-01 to 2013-12-31,NA,NA,35,years,First to extract,2026-02-16,2012-01-01,episode
Barts Health,observation_period,overall,Person-days,NA,2013-01-01 to 2013-12-31,201385887,2.28,NA,years,First to extract,2026-02-16,2012-01-01,episode
Barts Health,observation_period,overall,Number of records,NA,2014-01-01 to 2014-12-31,925074,30.01,NA,years,First to extract,2026-02-16,2012-01-01,episode
Barts Health,observation_period,overall,Number of subjects,NA,2014-01-01 to 2014-12-31,925074,26.81,NA,years,First to extract,2026-02-16,2012-01-01,episode
Barts Health,observation_period,overall,Age,NA,2014-01-01 to 2014-12-31,NA,NA,35,years,First to extract,2026-02-16,2012-01-01,episode
Barts Health,observation_period,overall,Person-days,NA,2014-01-01 to 2014-12-31,289504101,3.28,NA,years,First to extract,2026-02-16,2012-01-01,episode
Barts Health,observation_period,overall,Number of records,NA,2015-01-01 to 2015-12-31,1183586,38.39,NA,years,First to extract,2026-02-16,2012-01-01,episode
Barts Health,observation_period,overall,Number of subjects,NA,2015-01-01 to 2015-12-31,1183586,34.3,NA,years,First to extract,2026-02-16,2012-01-01,episode
Barts Health,observation_period,overall,Age,NA,2015-01-01 to 2015-12-31,NA,NA,35,years,First to extract,2026-02-16,2012-01-01,episode
Barts Health,observation_period,overall,Person-days,NA,2015-01-01 to 2015-12-31,382184129,4.32,NA,years,First to extract,2026-02-16,2012-01-01,episode
Barts Health,observation_period,overall,Number of records,NA,2016-01-01 to 2016-12-31,1396470,45.3,NA,years,First to extract,2026-02-16,2012-01-01,episode
Barts Health,observation_period,overall,Number of subjects,NA,2016-01-01 to 2016-12-31,1396470,40.47,NA,years,First to extract,2026-02-16,2012-01-01,episode
Barts Health,observation_period,overall,Age,NA,2016-01-01 to 2016-12-31,NA,NA,35,years,First to extract,2026-02-16,2012-01-01,episode
Barts Health,observation_period,overall,Person-days,NA,2016-01-01 to 2016-12-31,470550398,5.32,NA,years,First to extract,2026-02-16,2012-01-01,episode
Barts Health,observation_period,overall,Number of records,NA,2017-01-01 to 2017-12-31,1606599,52.11,NA,years,First to extract,2026-02-16,2012-01-01,episode
Barts Health,observation_period,overall,Number of subjects,NA,2017-01-01 to 2017-12-31,1606599,46.56,NA,years,First to extract,2026-02-16,2012-01-01,episode
Barts Health,observation_period,overall,Age,NA,2017-01-01 to 2017-12-31,NA,NA,35,years,First to extract,2026-02-16,2012-01-01,episode
Barts Health,observation_period,overall,Person-days,NA,2017-01-01 to 2017-12-31,542745161,6.14,NA,years,First to extract,2026-02-16,2012-01-01,episode
Barts Health,observation_period,overall,Number of records,NA,2018-01-01 to 2018-12-31,1820861,59.06,NA,years,First to extract,2026-02-16,2012-01-01,episode
Barts Health,observation_period,overall,Number of subjects,NA,2018-01-01 to 2018-12-31,1820861,52.77,NA,years,First to extract,2026-02-16,2012-01-01,episode
Barts Health,observation_period,overall,Age,NA,2018-01-01 to 2018-12-31,NA,NA,35,years,First to extract,2026-02-16,2012-01-01,episode
Barts Health,observation_period,overall,Person-days,NA,2018-01-01 to 2018-12-31,623193311,7.05,NA,years,First to extract,2026-02-16,2012-01-01,episode
Barts Health,observation_period,overall,Number of records,NA,2019-01-01 to 2019-12-31,2022905,65.61,NA,years,First to extract,2026-02-16,2012-01-01,episode
Barts Health,observation_period,overall,Number of subjects,NA,2019-01-01 to 2019-12-31,2022905,58.63,NA,years,First to extract,2026-02-16,2012-01-01,episode
Barts Health,observation_period,overall,Age,NA,2019-01-01 to 2019-12-31,NA,NA,35,years,First to extract,2026-02-16,2012-01-01,episode
Barts Health,observation_period,overall,Person-days,NA,2019-01-01 to 2019-12-31,698663545,7.9,NA,years,First to extract,2026-02-16,2012-01-01,episode
Barts Health,observation_period,overall,Number of records,NA,2020-01-01 to 2020-12-31,2152987,69.83,NA,years,First to extract,2026-02-16,2012-01-01,episode
Barts Health,observation_period,overall,Number of subjects,NA,2020-01-01 to 2020-12-31,2152987,62.4,NA,years,First to extract,2026-02-16,2012-01-01,episode
Barts Health,observation_period,overall,Age,NA,2020-01-01 to 2020-12-31,NA,NA,35,years,First to extract,2026-02-16,2012-01-01,episode
Barts Health,observation_period,overall,Person-days,NA,2020-01-01 to 2020-12-31,761953224,8.62,NA,years,First to extract,2026-02-16,2012-01-01,episode
Barts Health,observation_period,overall,Number of records,NA,2021-01-01 to 2021-12-31,2313146,75.03,NA,years,First to extract,2026-02-16,2012-01-01,episode
Barts Health,observation_period,overall,Number of subjects,NA,2021-01-01 to 2021-12-31,2313146,67.04,NA,years,First to extract,2026-02-16,2012-01-01,episode
Barts Health,observation_period,overall,Age,NA,2021-01-01 to 2021-12-31,NA,NA,36,years,First to extract,2026-02-16,2012-01-01,episode
Barts Health,observation_period,overall,Person-days,NA,2021-01-01 to 2021-12-31,808296735,9.14,NA,years,First to extract,2026-02-16,2012-01-01,episode
Barts Health,observation_period,overall,Number of records,NA,2022-01-01 to 2022-12-31,2477044,80.34,NA,years,First to extract,2026-02-16,2012-01-01,episode
Barts Health,observation_period,overall,Number of subjects,NA,2022-01-01 to 2022-12-31,2477044,71.79,NA,years,First to extract,2026-02-16,2012-01-01,episode
Barts Health,observation_period,overall,Age,NA,2022-01-01 to 2022-12-31,NA,NA,36,years,First to extract,2026-02-16,2012-01-01,episode
Barts Health,observation_period,overall,Person-days,NA,2022-01-01 to 2022-12-31,871147826,9.86,NA,years,First to extract,2026-02-16,2012-01-01,episode
Barts Health,observation_period,overall,Number of records,NA,2023-01-01 to 2023-12-31,2636543,85.52,NA,years,First to extract,2026-02-16,2012-01-01,episode
Barts Health,observation_period,overall,Number of subjects,NA,2023-01-01 to 2023-12-31,2636543,76.41,NA,years,First to extract,2026-02-16,2012-01-01,episode
Barts Health,observation_period,overall,Age,NA,2023-01-01 to 2023-12-31,NA,NA,37,years,First to extract,2026-02-16,2012-01-01,episode
Barts Health,observation_period,overall,Person-days,NA,2023-01-01 to 2023-12-31,928889878,10.51,NA,years,First to extract,2026-02-16,2012-01-01,episode
Barts Health,observation_period,overall,Number of records,NA,2024-01-01 to 2024-12-31,2794905,90.65,NA,years,First to extract,2026-02-16,2012-01-01,episode
Barts Health,observation_period,overall,Number of subjects,NA,2024-01-01 to 2024-12-31,2794905,81,NA,years,First to extract,2026-02-16,2012-01-01,episode
Barts Health,observation_period,overall,Age,NA,2024-01-01 to 2024-12-31,NA,NA,37,years,First to extract,2026-02-16,2012-01-01,episode
Barts Health,observation_period,overall,Person-days,NA,2024-01-01 to 2024-12-31,990320682,11.2,NA,years,First to extract,2026-02-16,2012-01-01,episode
Barts Health,observation_period,overall,Number of records,NA,2025-01-01 to 2025-12-31,2944490,95.51,NA,years,First to extract,2026-02-16,2012-01-01,episode
Barts Health,observation_period,overall,Number of subjects,NA,2025-01-01 to 2025-12-31,2944490,85.34,NA,years,First to extract,2026-02-16,2012-01-01,episode
Barts Health,observation_period,overall,Age,NA,2025-01-01 to 2025-12-31,NA,NA,37,years,First to extract,2026-02-16,2012-01-01,episode
Barts Health,observation_period,overall,Person-days,NA,2025-01-01 to 2025-12-31,1043590546,11.81,NA,years,First to extract,2026-02-16,2012-01-01,episode
Barts Health,observation_period,overall,Number of records,NA,2026-01-01 to 2026-12-31,2953513,95.8,NA,years,First to extract,2026-02-16,2012-01-01,episode
Barts Health,observation_period,overall,Number of subjects,NA,2026-01-01 to 2026-12-31,2953513,85.6,NA,years,First to extract,2026-02-16,2012-01-01,episode
Barts Health,observation_period,overall,Age,NA,2026-01-01 to 2026-12-31,NA,NA,38,years,First to extract,2026-02-16,2012-01-01,episode
Barts Health,observation_period,overall,Person-days,NA,2026-01-01 to 2026-12-31,138310351,1.56,NA,years,First to extract,2026-02-16,2012-01-01,episode
Barts Health,observation_period,overall,Number of records,NA,overall,3083049,100,NA,years,First to extract,2026-02-16,2012-01-01,episode
Barts Health,observation_period,overall,Number of subjects,NA,overall,3083049,89.35,NA,years,First to extract,2026-02-16,2012-01-01,episode
Barts Health,observation_period,overall,Age,NA,overall,NA,NA,31,years,First to extract,2026-02-16,2012-01-01,episode
Barts Health,observation_period,overall,Person-days,NA,overall,NA,NA,NA,years,First to extract,2026-02-16,2012-01-01,episode
Barts Health,observation_period,overall,Number of records,NA,2012-01-01 to 2012-12-31,428136,13.89,NA,years,First to last,2026-02-16,2012-01-01,episode
Barts Health,observation_period,overall,Number of subjects,NA,2012-01-01 to 2012-12-31,428136,12.41,NA,years,First to last,2026-02-16,2012-01-01,episode
Barts Health,observation_period,overall,Age,NA,2012-01-01 to 2012-12-31,NA,NA,37,years,First to last,2026-02-16,2012-01-01,episode
Barts Health,observation_period,overall,Person-days,NA,2012-01-01 to 2012-12-31,75525929,1.83,NA,years,First to last,2026-02-16,2012-01-01,episode
Barts Health,observation_period,overall,Number of records,NA,2013-01-01 to 2013-12-31,603855,19.59,NA,years,First to last,2026-02-16,2012-01-01,episode
Barts Health,observation_period,overall,Number of subjects,NA,2013-01-01 to 2013-12-31,603855,17.5,NA,years,First to last,2026-02-16,2012-01-01,episode
Barts Health,observation_period,overall,Age,NA,2013-01-01 to 2013-12-31,NA,NA,36,years,First to last,2026-02-16,2012-01-01,episode
Barts Health,observation_period,overall,Person-days,NA,2013-01-01 to 2013-12-31,160292369,3.89,NA,years,First to last,2026-02-16,2012-01-01,episode
Barts Health,observation_period,overall,Number of records,NA,2014-01-01 to 2014-12-31,772057,25.04,NA,years,First to last,2026-02-16,2012-01-01,episode
Barts Health,observation_period,overall,Number of subjects,NA,2014-01-01 to 2014-12-31,772057,22.38,NA,years,First to last,2026-02-16,2012-01-01,episode
Barts Health,observation_period,overall,Age,NA,2014-01-01 to 2014-12-31,NA,NA,36,years,First to last,2026-02-16,2012-01-01,episode
Barts Health,observation_period,overall,Person-days,NA,2014-01-01 to 2014-12-31,217345304,5.27,NA,years,First to last,2026-02-16,2012-01-01,episode
Barts Health,observation_period,overall,Number of records,NA,2015-01-01 to 2015-12-31,935868,30.36,NA,years,First to last,2026-02-16,2012-01-01,episode
Barts Health,observation_period,overall,Number of subjects,NA,2015-01-01 to 2015-12-31,935868,27.12,NA,years,First to last,2026-02-16,2012-01-01,episode
Barts Health,observation_period,overall,Age,NA,2015-01-01 to 2015-12-31,NA,NA,36,years,First to last,2026-02-16,2012-01-01,episode
Barts Health,observation_period,overall,Person-days,NA,2015-01-01 to 2015-12-31,273119399,6.62,NA,years,First to last,2026-02-16,2012-01-01,episode
Barts Health,observation_period,overall,Number of records,NA,2016-01-01 to 2016-12-31,1042118,33.8,NA,years,First to last,2026-02-16,2012-01-01,episode
Barts Health,observation_period,overall,Number of subjects,NA,2016-01-01 to 2016-12-31,1042118,30.2,NA,years,First to last,2026-02-16,2012-01-01,episode
Barts Health,observation_period,overall,Age,NA,2016-01-01 to 2016-12-31,NA,NA,36,years,First to last,2026-02-16,2012-01-01,episode
Barts Health,observation_period,overall,Person-days,NA,2016-01-01 to 2016-12-31,320627196,7.77,NA,years,First to last,2026-02-16,2012-01-01,episode
Barts Health,observation_period,overall,Number of records,NA,2017-01-01 to 2017-12-31,1140033,36.98,NA,years,First to last,2026-02-16,2012-01-01,episode
Barts Health,observation_period,overall,Number of subjects,NA,2017-01-01 to 2017-12-31,1140033,33.04,NA,years,First to last,2026-02-16,2012-01-01,episode
Barts Health,observation_period,overall,Age,NA,2017-01-01 to 2017-12-31,NA,NA,36,years,First to last,2026-02-16,2012-01-01,episode
Barts Health,observation_period,overall,Person-days,NA,2017-01-01 to 2017-12-31,350369264,8.49,NA,years,First to last,2026-02-16,2012-01-01,episode
Barts Health,observation_period,overall,Number of records,NA,2018-01-01 to 2018-12-31,1221706,39.63,NA,years,First to last,2026-02-16,2012-01-01,episode
Barts Health,observation_period,overall,Number of subjects,NA,2018-01-01 to 2018-12-31,1221706,35.41,NA,years,First to last,2026-02-16,2012-01-01,episode
Barts Health,observation_period,overall,Age,NA,2018-01-01 to 2018-12-31,NA,NA,36,years,First to last,2026-02-16,2012-01-01,episode
Barts Health,observation_period,overall,Person-days,NA,2018-01-01 to 2018-12-31,375440914,9.1,NA,years,First to last,2026-02-16,2012-01-01,episode
Barts Health,observation_period,overall,Number of records,NA,2019-01-01 to 2019-12-31,1261360,40.91,NA,years,First to last,2026-02-16,2012-01-01,episode
Barts Health,observation_period,overall,Number of subjects,NA,2019-01-01 to 2019-12-31,1261360,36.56,NA,years,First to last,2026-02-16,2012-01-01,episode
Barts Health,observation_period,overall,Age,NA,2019-01-01 to 2019-12-31,NA,NA,36,years,First to last,2026-02-16,2012-01-01,episode
Barts Health,observation_period,overall,Person-days,NA,2019-01-01 to 2019-12-31,387452988,9.39,NA,years,First to last,2026-02-16,2012-01-01,episode
Barts Health,observation_period,overall,Number of records,NA,2020-01-01 to 2020-12-31,1200553,38.94,NA,years,First to last,2026-02-16,2012-01-01,episode
Barts Health,observation_period,overall,Number of subjects,NA,2020-01-01 to 2020-12-31,1200553,34.79,NA,years,First to last,2026-02-16,2012-01-01,episode
Barts Health,observation_period,overall,Age,NA,2020-01-01 to 2020-12-31,NA,NA,36,years,First to last,2026-02-16,2012-01-01,episode
Barts Health,observation_period,overall,Person-days,NA,2020-01-01 to 2020-12-31,384980982,9.33,NA,years,First to last,2026-02-16,2012-01-01,episode
Barts Health,observation_period,overall,Number of records,NA,2021-01-01 to 2021-12-31,1217586,39.49,NA,years,First to last,2026-02-16,2012-01-01,episode
Barts Health,observation_period,overall,Number of subjects,NA,2021-01-01 to 2021-12-31,1217586,35.29,NA,years,First to last,2026-02-16,2012-01-01,episode
Barts Health,observation_period,overall,Age,NA,2021-01-01 to 2021-12-31,NA,NA,37,years,First to last,2026-02-16,2012-01-01,episode
Barts Health,observation_period,overall,Person-days,NA,2021-01-01 to 2021-12-31,381318895,9.25,NA,years,First to last,2026-02-16,2012-01-01,episode
Barts Health,observation_period,overall,Number of records,NA,2022-01-01 to 2022-12-31,1217392,39.49,NA,years,First to last,2026-02-16,2012-01-01,episode
Barts Health,observation_period,overall,Number of subjects,NA,2022-01-01 to 2022-12-31,1217392,35.28,NA,years,First to last,2026-02-16,2012-01-01,episode
Barts Health,observation_period,overall,Age,NA,2022-01-01 to 2022-12-31,NA,NA,37,years,First to last,2026-02-16,2012-01-01,episode
Barts Health,observation_period,overall,Person-days,NA,2022-01-01 to 2022-12-31,366765879,8.89,NA,years,First to last,2026-02-16,2012-01-01,episode
Barts Health,observation_period,overall,Number of records,NA,2023-01-01 to 2023-12-31,1136381,36.86,NA,years,First to last,2026-02-16,2012-01-01,episode
Barts Health,observation_period,overall,Number of subjects,NA,2023-01-01 to 2023-12-31,1136381,32.93,NA,years,First to last,2026-02-16,2012-01-01,episode
Barts Health,observation_period,overall,Age,NA,2023-01-01 to 2023-12-31,NA,NA,37,years,First to last,2026-02-16,2012-01-01,episode
Barts Health,observation_period,overall,Person-days,NA,2023-01-01 to 2023-12-31,336726924,8.16,NA,years,First to last,2026-02-16,2012-01-01,episode
Barts Health,observation_period,overall,Number of records,NA,2024-01-01 to 2024-12-31,1043427,33.84,NA,years,First to last,2026-02-16,2012-01-01,episode
Barts Health,observation_period,overall,Number of subjects,NA,2024-01-01 to 2024-12-31,1043427,30.24,NA,years,First to last,2026-02-16,2012-01-01,episode
Barts Health,observation_period,overall,Age,NA,2024-01-01 to 2024-12-31,NA,NA,37,years,First to last,2026-02-16,2012-01-01,episode
Barts Health,observation_period,overall,Person-days,NA,2024-01-01 to 2024-12-31,292962271,7.1,NA,years,First to last,2026-02-16,2012-01-01,episode
Barts Health,observation_period,overall,Number of records,NA,2025-01-01 to 2025-12-31,872150,28.29,NA,years,First to last,2026-02-16,2012-01-01,episode
Barts Health,observation_period,overall,Number of subjects,NA,2025-01-01 to 2025-12-31,872150,25.28,NA,years,First to last,2026-02-16,2012-01-01,episode
Barts Health,observation_period,overall,Age,NA,2025-01-01 to 2025-12-31,NA,NA,38,years,First to last,2026-02-16,2012-01-01,episode
Barts Health,observation_period,overall,Person-days,NA,2025-01-01 to 2025-12-31,194816051,4.72,NA,years,First to last,2026-02-16,2012-01-01,episode
Barts Health,observation_period,overall,Number of records,NA,2026-01-01 to 2026-12-31,254570,8.26,NA,years,First to last,2026-02-16,2012-01-01,episode
Barts Health,observation_period,overall,Number of subjects,NA,2026-01-01 to 2026-12-31,254570,7.38,NA,years,First to last,2026-02-16,2012-01-01,episode
Barts Health,observation_period,overall,Age,NA,2026-01-01 to 2026-12-31,NA,NA,43,years,First to last,2026-02-16,2012-01-01,episode
Barts Health,observation_period,overall,Person-days,NA,2026-01-01 to 2026-12-31,6717952,0.16,NA,years,First to last,2026-02-16,2012-01-01,episode
Barts Health,observation_period,overall,Number of records,NA,overall,3083049,100,NA,years,First to last,2026-02-16,2012-01-01,episode
Barts Health,observation_period,overall,Number of subjects,NA,overall,3083049,89.35,NA,years,First to last,2026-02-16,2012-01-01,episode
Barts Health,observation_period,overall,Age,NA,overall,NA,NA,31,years,First to last,2026-02-16,2012-01-01,episode
Barts Health,observation_period,overall,Person-days,NA,overall,NA,NA,NA,years,First to last,2026-02-16,2012-01-01,episode
Barts Health,observation_period,overall,Number of records,NA,2012-01-01 to 2012-12-31,986755,4.61,NA,years,Ongoing,2026-02-16,2012-01-01,episode
Barts Health,observation_period,overall,Number of subjects,NA,2012-01-01 to 2012-12-31,428136,12.41,NA,years,Ongoing,2026-02-16,2012-01-01,episode
Barts Health,observation_period,overall,Age,NA,2012-01-01 to 2012-12-31,NA,NA,39,years,Ongoing,2026-02-16,2012-01-01,episode
Barts Health,observation_period,overall,Person-days,NA,2012-01-01 to 2012-12-31,18030824,2.12,NA,years,Ongoing,2026-02-16,2012-01-01,episode
Barts Health,observation_period,overall,Number of records,NA,2013-01-01 to 2013-12-31,1298985,6.07,NA,years,Ongoing,2026-02-16,2012-01-01,episode
Barts Health,observation_period,overall,Number of subjects,NA,2013-01-01 to 2013-12-31,503817,14.6,NA,years,Ongoing,2026-02-16,2012-01-01,episode
Barts Health,observation_period,overall,Age,NA,2013-01-01 to 2013-12-31,NA,NA,41,years,Ongoing,2026-02-16,2012-01-01,episode
Barts Health,observation_period,overall,Person-days,NA,2013-01-01 to 2013-12-31,30822751,3.63,NA,years,Ongoing,2026-02-16,2012-01-01,episode
Barts Health,observation_period,overall,Number of records,NA,2014-01-01 to 2014-12-31,1357767,6.34,NA,years,Ongoing,2026-02-16,2012-01-01,episode
Barts Health,observation_period,overall,Number of subjects,NA,2014-01-01 to 2014-12-31,594135,17.22,NA,years,Ongoing,2026-02-16,2012-01-01,episode
Barts Health,observation_period,overall,Age,NA,2014-01-01 to 2014-12-31,NA,NA,41,years,Ongoing,2026-02-16,2012-01-01,episode
Barts Health,observation_period,overall,Person-days,NA,2014-01-01 to 2014-12-31,43368781,5.1,NA,years,Ongoing,2026-02-16,2012-01-01,episode
Barts Health,observation_period,overall,Number of records,NA,2015-01-01 to 2015-12-31,1418886,6.63,NA,years,Ongoing,2026-02-16,2012-01-01,episode
Barts Health,observation_period,overall,Number of subjects,NA,2015-01-01 to 2015-12-31,704039,20.4,NA,years,Ongoing,2026-02-16,2012-01-01,episode
Barts Health,observation_period,overall,Age,NA,2015-01-01 to 2015-12-31,NA,NA,39,years,Ongoing,2026-02-16,2012-01-01,episode
Barts Health,observation_period,overall,Person-days,NA,2015-01-01 to 2015-12-31,62349101,7.34,NA,years,Ongoing,2026-02-16,2012-01-01,episode
Barts Health,observation_period,overall,Number of records,NA,2016-01-01 to 2016-12-31,1412440,6.6,NA,years,Ongoing,2026-02-16,2012-01-01,episode
Barts Health,observation_period,overall,Number of subjects,NA,2016-01-01 to 2016-12-31,753819,21.85,NA,years,Ongoing,2026-02-16,2012-01-01,episode
Barts Health,observation_period,overall,Age,NA,2016-01-01 to 2016-12-31,NA,NA,38,years,Ongoing,2026-02-16,2012-01-01,episode
Barts Health,observation_period,overall,Person-days,NA,2016-01-01 to 2016-12-31,89275197,10.5,NA,years,Ongoing,2026-02-16,2012-01-01,episode
Barts Health,observation_period,overall,Number of records,NA,2017-01-01 to 2017-12-31,1519964,7.1,NA,years,Ongoing,2026-02-16,2012-01-01,episode
Barts Health,observation_period,overall,Number of subjects,NA,2017-01-01 to 2017-12-31,812209,23.54,NA,years,Ongoing,2026-02-16,2012-01-01,episode
Barts Health,observation_period,overall,Age,NA,2017-01-01 to 2017-12-31,NA,NA,38,years,Ongoing,2026-02-16,2012-01-01,episode
Barts Health,observation_period,overall,Person-days,NA,2017-01-01 to 2017-12-31,99475586,11.7,NA,years,Ongoing,2026-02-16,2012-01-01,episode
Barts Health,observation_period,overall,Number of records,NA,2018-01-01 to 2018-12-31,1703588,7.96,NA,years,Ongoing,2026-02-16,2012-01-01,episode
Barts Health,observation_period,overall,Number of subjects,NA,2018-01-01 to 2018-12-31,867567,25.14,NA,years,Ongoing,2026-02-16,2012-01-01,episode
Barts Health,observation_period,overall,Age,NA,2018-01-01 to 2018-12-31,NA,NA,37,years,Ongoing,2026-02-16,2012-01-01,episode
Barts Health,observation_period,overall,Person-days,NA,2018-01-01 to 2018-12-31,94538781,11.12,NA,years,Ongoing,2026-02-16,2012-01-01,episode
Barts Health,observation_period,overall,Number of records,NA,2019-01-01 to 2019-12-31,1757204,8.21,NA,years,Ongoing,2026-02-16,2012-01-01,episode
Barts Health,observation_period,overall,Number of subjects,NA,2019-01-01 to 2019-12-31,881847,25.56,NA,years,Ongoing,2026-02-16,2012-01-01,episode
Barts Health,observation_period,overall,Age,NA,2019-01-01 to 2019-12-31,NA,NA,37,years,Ongoing,2026-02-16,2012-01-01,episode
Barts Health,observation_period,overall,Person-days,NA,2019-01-01 to 2019-12-31,92749786,10.91,NA,years,Ongoing,2026-02-16,2012-01-01,episode
Barts Health,observation_period,overall,Number of records,NA,2020-01-01 to 2020-12-31,1549882,7.24,NA,years,Ongoing,2026-02-16,2012-01-01,episode
Barts Health,observation_period,overall,Number of subjects,NA,2020-01-01 to 2020-12-31,724208,20.99,NA,years,Ongoing,2026-02-16,2012-01-01,episode
Barts Health,observation_period,overall,Age,NA,2020-01-01 to 2020-12-31,NA,NA,39,years,Ongoing,2026-02-16,2012-01-01,episode
Barts Health,observation_period,overall,Person-days,NA,2020-01-01 to 2020-12-31,65381365,7.69,NA,years,Ongoing,2026-02-16,2012-01-01,episode
Barts Health,observation_period,overall,Number of records,NA,2021-01-01 to 2021-12-31,1833810,8.56,NA,years,Ongoing,2026-02-16,2012-01-01,episode
Barts Health,observation_period,overall,Number of subjects,NA,2021-01-01 to 2021-12-31,788341,22.85,NA,years,Ongoing,2026-02-16,2012-01-01,episode
Barts Health,observation_period,overall,Age,NA,2021-01-01 to 2021-12-31,NA,NA,39,years,Ongoing,2026-02-16,2012-01-01,episode
Barts Health,observation_period,overall,Person-days,NA,2021-01-01 to 2021-12-31,54187479,6.38,NA,years,Ongoing,2026-02-16,2012-01-01,episode
Barts Health,observation_period,overall,Number of records,NA,2022-01-01 to 2022-12-31,2053708,9.59,NA,years,Ongoing,2026-02-16,2012-01-01,episode
Barts Health,observation_period,overall,Number of subjects,NA,2022-01-01 to 2022-12-31,856028,24.81,NA,years,Ongoing,2026-02-16,2012-01-01,episode
Barts Health,observation_period,overall,Age,NA,2022-01-01 to 2022-12-31,NA,NA,40,years,Ongoing,2026-02-16,2012-01-01,episode
Barts Health,observation_period,overall,Person-days,NA,2022-01-01 to 2022-12-31,50356660,5.93,NA,years,Ongoing,2026-02-16,2012-01-01,episode
Barts Health,observation_period,overall,Number of records,NA,2023-01-01 to 2023-12-31,1969127,9.2,NA,years,Ongoing,2026-02-16,2012-01-01,episode
Barts Health,observation_period,overall,Number of subjects,NA,2023-01-01 to 2023-12-31,832688,24.13,NA,years,Ongoing,2026-02-16,2012-01-01,episode
Barts Health,observation_period,overall,Age,NA,2023-01-01 to 2023-12-31,NA,NA,41,years,Ongoing,2026-02-16,2012-01-01,episode
Barts Health,observation_period,overall,Person-days,NA,2023-01-01 to 2023-12-31,53383387,6.28,NA,years,Ongoing,2026-02-16,2012-01-01,episode
Barts Health,observation_period,overall,Number of records,NA,2024-01-01 to 2024-12-31,2082739,9.73,NA,years,Ongoing,2026-02-16,2012-01-01,episode
Barts Health,observation_period,overall,Number of subjects,NA,2024-01-01 to 2024-12-31,847180,24.55,NA,years,Ongoing,2026-02-16,2012-01-01,episode
Barts Health,observation_period,overall,Age,NA,2024-01-01 to 2024-12-31,NA,NA,42,years,Ongoing,2026-02-16,2012-01-01,episode
Barts Health,observation_period,overall,Person-days,NA,2024-01-01 to 2024-12-31,54755315,6.44,NA,years,Ongoing,2026-02-16,2012-01-01,episode
Barts Health,observation_period,overall,Number of records,NA,2025-01-01 to 2025-12-31,2292280,10.71,NA,years,Ongoing,2026-02-16,2012-01-01,episode
Barts Health,observation_period,overall,Number of subjects,NA,2025-01-01 to 2025-12-31,840636,24.36,NA,years,Ongoing,2026-02-16,2012-01-01,episode
Barts Health,observation_period,overall,Age,NA,2025-01-01 to 2025-12-31,NA,NA,43,years,Ongoing,2026-02-16,2012-01-01,episode
Barts Health,observation_period,overall,Person-days,NA,2025-01-01 to 2025-12-31,39873056,4.69,NA,years,Ongoing,2026-02-16,2012-01-01,episode
Barts Health,observation_period,overall,Number of records,NA,2026-01-01 to 2026-12-31,388861,1.82,NA,years,Ongoing,2026-02-16,2012-01-01,episode
Barts Health,observation_period,overall,Number of subjects,NA,2026-01-01 to 2026-12-31,254544,7.38,NA,years,Ongoing,2026-02-16,2012-01-01,episode
Barts Health,observation_period,overall,Age,NA,2026-01-01 to 2026-12-31,NA,NA,44,years,Ongoing,2026-02-16,2012-01-01,episode
Barts Health,observation_period,overall,Person-days,NA,2026-01-01 to 2026-12-31,1329317,0.16,NA,years,Ongoing,2026-02-16,2012-01-01,episode
Barts Health,observation_period,overall,Number of records,NA,overall,21411647,100,NA,years,Ongoing,2026-02-16,2012-01-01,episode
Barts Health,observation_period,overall,Number of subjects,NA,overall,3083049,89.35,NA,years,Ongoing,2026-02-16,2012-01-01,episode
Barts Health,observation_period,overall,Age,NA,overall,NA,NA,39,years,Ongoing,2026-02-16,2012-01-01,episode
Barts Health,observation_period,overall,Person-days,NA,overall,849877386,100,NA,years,Ongoing,2026-02-16,2012-01-01,episode
Barts Health,observation_period,overall,Number of records,NA,2012-01-01 to 2012-12-31,428136,7.96,NA,years,Collapse 365,2026-02-16,2012-01-01,episode
Barts Health,observation_period,overall,Number of subjects,NA,2012-01-01 to 2012-12-31,428136,12.41,NA,years,Collapse 365,2026-02-16,2012-01-01,episode
Barts Health,observation_period,overall,Age,NA,2012-01-01 to 2012-12-31,NA,NA,37,years,Collapse 365,2026-02-16,2012-01-01,episode
Barts Health,observation_period,overall,Person-days,NA,2012-01-01 to 2012-12-31,54185798,2.78,NA,years,Collapse 365,2026-02-16,2012-01-01,episode
Barts Health,observation_period,overall,Number of records,NA,2013-01-01 to 2013-12-31,503934,9.37,NA,years,Collapse 365,2026-02-16,2012-01-01,episode
Barts Health,observation_period,overall,Number of subjects,NA,2013-01-01 to 2013-12-31,503934,14.61,NA,years,Collapse 365,2026-02-16,2012-01-01,episode
Barts Health,observation_period,overall,Age,NA,2013-01-01 to 2013-12-31,NA,NA,37,years,Collapse 365,2026-02-16,2012-01-01,episode
Barts Health,observation_period,overall,Person-days,NA,2013-01-01 to 2013-12-31,89910085,4.61,NA,years,Collapse 365,2026-02-16,2012-01-01,episode
Barts Health,observation_period,overall,Number of records,NA,2014-01-01 to 2014-12-31,594291,11.05,NA,years,Collapse 365,2026-02-16,2012-01-01,episode
Barts Health,observation_period,overall,Number of subjects,NA,2014-01-01 to 2014-12-31,594291,17.22,NA,years,Collapse 365,2026-02-16,2012-01-01,episode
Barts Health,observation_period,overall,Age,NA,2014-01-01 to 2014-12-31,NA,NA,37,years,Collapse 365,2026-02-16,2012-01-01,episode
Barts Health,observation_period,overall,Person-days,NA,2014-01-01 to 2014-12-31,107034434,5.49,NA,years,Collapse 365,2026-02-16,2012-01-01,episode
Barts Health,observation_period,overall,Number of records,NA,2015-01-01 to 2015-12-31,704173,13.09,NA,years,Collapse 365,2026-02-16,2012-01-01,episode
Barts Health,observation_period,overall,Number of subjects,NA,2015-01-01 to 2015-12-31,704173,20.41,NA,years,Collapse 365,2026-02-16,2012-01-01,episode
Barts Health,observation_period,overall,Age,NA,2015-01-01 to 2015-12-31,NA,NA,37,years,Collapse 365,2026-02-16,2012-01-01,episode
Barts Health,observation_period,overall,Person-days,NA,2015-01-01 to 2015-12-31,130987095,6.72,NA,years,Collapse 365,2026-02-16,2012-01-01,episode
Barts Health,observation_period,overall,Number of records,NA,2016-01-01 to 2016-12-31,753936,14.01,NA,years,Collapse 365,2026-02-16,2012-01-01,episode
Barts Health,observation_period,overall,Number of subjects,NA,2016-01-01 to 2016-12-31,753936,21.85,NA,years,Collapse 365,2026-02-16,2012-01-01,episode
Barts Health,observation_period,overall,Age,NA,2016-01-01 to 2016-12-31,NA,NA,36,years,Collapse 365,2026-02-16,2012-01-01,episode
Barts Health,observation_period,overall,Person-days,NA,2016-01-01 to 2016-12-31,154148725,7.91,NA,years,Collapse 365,2026-02-16,2012-01-01,episode
Barts Health,observation_period,overall,Number of records,NA,2017-01-01 to 2017-12-31,812335,15.1,NA,years,Collapse 365,2026-02-16,2012-01-01,episode
Barts Health,observation_period,overall,Number of subjects,NA,2017-01-01 to 2017-12-31,812335,23.54,NA,years,Collapse 365,2026-02-16,2012-01-01,episode
Barts Health,observation_period,overall,Age,NA,2017-01-01 to 2017-12-31,NA,NA,36,years,Collapse 365,2026-02-16,2012-01-01,episode
Barts Health,observation_period,overall,Person-days,NA,2017-01-01 to 2017-12-31,168210495,8.63,NA,years,Collapse 365,2026-02-16,2012-01-01,episode
Barts Health,observation_period,overall,Number of records,NA,2018-01-01 to 2018-12-31,867671,16.13,NA,years,Collapse 365,2026-02-16,2012-01-01,episode
Barts Health,observation_period,overall,Number of subjects,NA,2018-01-01 to 2018-12-31,867671,25.15,NA,years,Collapse 365,2026-02-16,2012-01-01,episode
Barts Health,observation_period,overall,Age,NA,2018-01-01 to 2018-12-31,NA,NA,36,years,Collapse 365,2026-02-16,2012-01-01,episode
Barts Health,observation_period,overall,Person-days,NA,2018-01-01 to 2018-12-31,175712071,9.01,NA,years,Collapse 365,2026-02-16,2012-01-01,episode
Barts Health,observation_period,overall,Number of records,NA,2019-01-01 to 2019-12-31,881958,16.39,NA,years,Collapse 365,2026-02-16,2012-01-01,episode
Barts Health,observation_period,overall,Number of subjects,NA,2019-01-01 to 2019-12-31,881958,25.56,NA,years,Collapse 365,2026-02-16,2012-01-01,episode
Barts Health,observation_period,overall,Age,NA,2019-01-01 to 2019-12-31,NA,NA,36,years,Collapse 365,2026-02-16,2012-01-01,episode
Barts Health,observation_period,overall,Person-days,NA,2019-01-01 to 2019-12-31,171551996,8.8,NA,years,Collapse 365,2026-02-16,2012-01-01,episode
Barts Health,observation_period,overall,Number of records,NA,2020-01-01 to 2020-12-31,724371,13.46,NA,years,Collapse 365,2026-02-16,2012-01-01,episode
Barts Health,observation_period,overall,Number of subjects,NA,2020-01-01 to 2020-12-31,724371,20.99,NA,years,Collapse 365,2026-02-16,2012-01-01,episode
Barts Health,observation_period,overall,Age,NA,2020-01-01 to 2020-12-31,NA,NA,37,years,Collapse 365,2026-02-16,2012-01-01,episode
Barts Health,observation_period,overall,Person-days,NA,2020-01-01 to 2020-12-31,142372791,7.3,NA,years,Collapse 365,2026-02-16,2012-01-01,episode
Barts Health,observation_period,overall,Number of records,NA,2021-01-01 to 2021-12-31,788539,14.66,NA,years,Collapse 365,2026-02-16,2012-01-01,episode
Barts Health,observation_period,overall,Number of subjects,NA,2021-01-01 to 2021-12-31,788539,22.85,NA,years,Collapse 365,2026-02-16,2012-01-01,episode
Barts Health,observation_period,overall,Age,NA,2021-01-01 to 2021-12-31,NA,NA,37,years,Collapse 365,2026-02-16,2012-01-01,episode
Barts Health,observation_period,overall,Person-days,NA,2021-01-01 to 2021-12-31,145653829,7.47,NA,years,Collapse 365,2026-02-16,2012-01-01,episode
Barts Health,observation_period,overall,Number of records,NA,2022-01-01 to 2022-12-31,856239,15.91,NA,years,Collapse 365,2026-02-16,2012-01-01,episode
Barts Health,observation_period,overall,Number of subjects,NA,2022-01-01 to 2022-12-31,856239,24.82,NA,years,Collapse 365,2026-02-16,2012-01-01,episode
Barts Health,observation_period,overall,Age,NA,2022-01-01 to 2022-12-31,NA,NA,38,years,Collapse 365,2026-02-16,2012-01-01,episode
Barts Health,observation_period,overall,Person-days,NA,2022-01-01 to 2022-12-31,154453999,7.92,NA,years,Collapse 365,2026-02-16,2012-01-01,episode
Barts Health,observation_period,overall,Number of records,NA,2023-01-01 to 2023-12-31,832899,15.48,NA,years,Collapse 365,2026-02-16,2012-01-01,episode
Barts Health,observation_period,overall,Number of subjects,NA,2023-01-01 to 2023-12-31,832899,24.14,NA,years,Collapse 365,2026-02-16,2012-01-01,episode
Barts Health,observation_period,overall,Age,NA,2023-01-01 to 2023-12-31,NA,NA,38,years,Collapse 365,2026-02-16,2012-01-01,episode
Barts Health,observation_period,overall,Person-days,NA,2023-01-01 to 2023-12-31,153293049,7.86,NA,years,Collapse 365,2026-02-16,2012-01-01,episode
Barts Health,observation_period,overall,Number of records,NA,2024-01-01 to 2024-12-31,847354,15.75,NA,years,Collapse 365,2026-02-16,2012-01-01,episode
Barts Health,observation_period,overall,Number of subjects,NA,2024-01-01 to 2024-12-31,847354,24.56,NA,years,Collapse 365,2026-02-16,2012-01-01,episode
Barts Health,observation_period,overall,Age,NA,2024-01-01 to 2024-12-31,NA,NA,38,years,Collapse 365,2026-02-16,2012-01-01,episode
Barts Health,observation_period,overall,Person-days,NA,2024-01-01 to 2024-12-31,158504567,8.13,NA,years,Collapse 365,2026-02-16,2012-01-01,episode
Barts Health,observation_period,overall,Number of records,NA,2025-01-01 to 2025-12-31,840796,15.63,NA,years,Collapse 365,2026-02-16,2012-01-01,episode
Barts Health,observation_period,overall,Number of subjects,NA,2025-01-01 to 2025-12-31,840796,24.37,NA,years,Collapse 365,2026-02-16,2012-01-01,episode
Barts Health,observation_period,overall,Age,NA,2025-01-01 to 2025-12-31,NA,NA,38,years,Collapse 365,2026-02-16,2012-01-01,episode
Barts Health,observation_period,overall,Person-days,NA,2025-01-01 to 2025-12-31,137992136,7.08,NA,years,Collapse 365,2026-02-16,2012-01-01,episode
Barts Health,observation_period,overall,Number of records,NA,2026-01-01 to 2026-12-31,254568,4.73,NA,years,Collapse 365,2026-02-16,2012-01-01,episode
Barts Health,observation_period,overall,Number of subjects,NA,2026-01-01 to 2026-12-31,254568,7.38,NA,years,Collapse 365,2026-02-16,2012-01-01,episode
Barts Health,observation_period,overall,Age,NA,2026-01-01 to 2026-12-31,NA,NA,43,years,Collapse 365,2026-02-16,2012-01-01,episode
Barts Health,observation_period,overall,Person-days,NA,2026-01-01 to 2026-12-31,5947036,0.3,NA,years,Collapse 365,2026-02-16,2012-01-01,episode
Barts Health,observation_period,overall,Number of records,NA,overall,5380481,100,NA,years,Collapse 365,2026-02-16,2012-01-01,episode
Barts Health,observation_period,overall,Number of subjects,NA,overall,3083049,89.35,NA,years,Collapse 365,2026-02-16,2012-01-01,episode
Barts Health,observation_period,overall,Age,NA,overall,NA,NA,33,years,Collapse 365,2026-02-16,2012-01-01,episode
Barts Health,observation_period,overall,Person-days,NA,overall,1949958106,100,NA,years,Collapse 365,2026-02-16,2012-01-01,episode
Barts Health,observation_period,overall,Number of records,NA,2012-01-01 to 2012-12-31,428136,7.96,NA,years,Persistence 365,2026-02-16,2012-01-01,episode
Barts Health,observation_period,overall,Number of subjects,NA,2012-01-01 to 2012-12-31,428136,12.41,NA,years,Persistence 365,2026-02-16,2012-01-01,episode
Barts Health,observation_period,overall,Age,NA,2012-01-01 to 2012-12-31,NA,NA,37,years,Persistence 365,2026-02-16,2012-01-01,episode
Barts Health,observation_period,overall,Person-days,NA,2012-01-01 to 2012-12-31,88357859,2.4,NA,years,Persistence 365,2026-02-16,2012-01-01,episode
Barts Health,observation_period,overall,Number of records,NA,2013-01-01 to 2013-12-31,702951,13.06,NA,years,Persistence 365,2026-02-16,2012-01-01,episode
Barts Health,observation_period,overall,Number of subjects,NA,2013-01-01 to 2013-12-31,676804,19.62,NA,years,Persistence 365,2026-02-16,2012-01-01,episode
Barts Health,observation_period,overall,Age,NA,2013-01-01 to 2013-12-31,NA,NA,36,years,Persistence 365,2026-02-16,2012-01-01,episode
Barts Health,observation_period,overall,Person-days,NA,2013-01-01 to 2013-12-31,170573934,4.64,NA,years,Persistence 365,2026-02-16,2012-01-01,episode
Barts Health,observation_period,overall,Number of records,NA,2014-01-01 to 2014-12-31,825578,15.34,NA,years,Persistence 365,2026-02-16,2012-01-01,episode
Barts Health,observation_period,overall,Number of subjects,NA,2014-01-01 to 2014-12-31,788335,22.85,NA,years,Persistence 365,2026-02-16,2012-01-01,episode
Barts Health,observation_period,overall,Age,NA,2014-01-01 to 2014-12-31,NA,NA,36,years,Persistence 365,2026-02-16,2012-01-01,episode
Barts Health,observation_period,overall,Person-days,NA,2014-01-01 to 2014-12-31,196595522,5.35,NA,years,Persistence 365,2026-02-16,2012-01-01,episode
Barts Health,observation_period,overall,Number of records,NA,2015-01-01 to 2015-12-31,977129,18.16,NA,years,Persistence 365,2026-02-16,2012-01-01,episode
Barts Health,observation_period,overall,Number of subjects,NA,2015-01-01 to 2015-12-31,928502,26.91,NA,years,Persistence 365,2026-02-16,2012-01-01,episode
Barts Health,observation_period,overall,Age,NA,2015-01-01 to 2015-12-31,NA,NA,36,years,Persistence 365,2026-02-16,2012-01-01,episode
Barts Health,observation_period,overall,Person-days,NA,2015-01-01 to 2015-12-31,235845361,6.42,NA,years,Persistence 365,2026-02-16,2012-01-01,episode
Barts Health,observation_period,overall,Number of records,NA,2016-01-01 to 2016-12-31,1054514,19.6,NA,years,Persistence 365,2026-02-16,2012-01-01,episode
Barts Health,observation_period,overall,Number of subjects,NA,2016-01-01 to 2016-12-31,1006052,29.16,NA,years,Persistence 365,2026-02-16,2012-01-01,episode
Barts Health,observation_period,overall,Age,NA,2016-01-01 to 2016-12-31,NA,NA,36,years,Persistence 365,2026-02-16,2012-01-01,episode
Barts Health,observation_period,overall,Person-days,NA,2016-01-01 to 2016-12-31,267068268,7.27,NA,years,Persistence 365,2026-02-16,2012-01-01,episode
Barts Health,observation_period,overall,Number of records,NA,2017-01-01 to 2017-12-31,1119286,20.8,NA,years,Persistence 365,2026-02-16,2012-01-01,episode
Barts Health,observation_period,overall,Number of subjects,NA,2017-01-01 to 2017-12-31,1066650,30.91,NA,years,Persistence 365,2026-02-16,2012-01-01,episode
Barts Health,observation_period,overall,Age,NA,2017-01-01 to 2017-12-31,NA,NA,35,years,Persistence 365,2026-02-16,2012-01-01,episode
Barts Health,observation_period,overall,Person-days,NA,2017-01-01 to 2017-12-31,279242423,7.6,NA,years,Persistence 365,2026-02-16,2012-01-01,episode
Barts Health,observation_period,overall,Number of records,NA,2018-01-01 to 2018-12-31,1194733,22.2,NA,years,Persistence 365,2026-02-16,2012-01-01,episode
Barts Health,observation_period,overall,Number of subjects,NA,2018-01-01 to 2018-12-31,1145870,33.21,NA,years,Persistence 365,2026-02-16,2012-01-01,episode
Barts Health,observation_period,overall,Age,NA,2018-01-01 to 2018-12-31,NA,NA,35,years,Persistence 365,2026-02-16,2012-01-01,episode
Barts Health,observation_period,overall,Person-days,NA,2018-01-01 to 2018-12-31,308927897,8.41,NA,years,Persistence 365,2026-02-16,2012-01-01,episode
Barts Health,observation_period,overall,Number of records,NA,2019-01-01 to 2019-12-31,1262447,23.46,NA,years,Persistence 365,2026-02-16,2012-01-01,episode
Barts Health,observation_period,overall,Number of subjects,NA,2019-01-01 to 2019-12-31,1200756,34.8,NA,years,Persistence 365,2026-02-16,2012-01-01,episode
Barts Health,observation_period,overall,Age,NA,2019-01-01 to 2019-12-31,NA,NA,35,years,Persistence 365,2026-02-16,2012-01-01,episode
Barts Health,observation_period,overall,Person-days,NA,2019-01-01 to 2019-12-31,316646125,8.62,NA,years,Persistence 365,2026-02-16,2012-01-01,episode
Barts Health,observation_period,overall,Number of records,NA,2020-01-01 to 2020-12-31,1165436,21.66,NA,years,Persistence 365,2026-02-16,2012-01-01,episode
Barts Health,observation_period,overall,Number of subjects,NA,2020-01-01 to 2020-12-31,1115225,32.32,NA,years,Persistence 365,2026-02-16,2012-01-01,episode
Barts Health,observation_period,overall,Age,NA,2020-01-01 to 2020-12-31,NA,NA,36,years,Persistence 365,2026-02-16,2012-01-01,episode
Barts Health,observation_period,overall,Person-days,NA,2020-01-01 to 2020-12-31,296027574,8.06,NA,years,Persistence 365,2026-02-16,2012-01-01,episode
Barts Health,observation_period,overall,Number of records,NA,2021-01-01 to 2021-12-31,1129582,20.99,NA,years,Persistence 365,2026-02-16,2012-01-01,episode
Barts Health,observation_period,overall,Number of subjects,NA,2021-01-01 to 2021-12-31,1061701,30.77,NA,years,Persistence 365,2026-02-16,2012-01-01,episode
Barts Health,observation_period,overall,Age,NA,2021-01-01 to 2021-12-31,NA,NA,36,years,Persistence 365,2026-02-16,2012-01-01,episode
Barts Health,observation_period,overall,Person-days,NA,2021-01-01 to 2021-12-31,260250916,7.08,NA,years,Persistence 365,2026-02-16,2012-01-01,episode
Barts Health,observation_period,overall,Number of records,NA,2022-01-01 to 2022-12-31,1206318,22.42,NA,years,Persistence 365,2026-02-16,2012-01-01,episode
Barts Health,observation_period,overall,Number of subjects,NA,2022-01-01 to 2022-12-31,1147615,33.26,NA,years,Persistence 365,2026-02-16,2012-01-01,episode
Barts Health,observation_period,overall,Age,NA,2022-01-01 to 2022-12-31,NA,NA,36,years,Persistence 365,2026-02-16,2012-01-01,episode
Barts Health,observation_period,overall,Person-days,NA,2022-01-01 to 2022-12-31,304094187,8.27,NA,years,Persistence 365,2026-02-16,2012-01-01,episode
Barts Health,observation_period,overall,Number of records,NA,2023-01-01 to 2023-12-31,1264527,23.5,NA,years,Persistence 365,2026-02-16,2012-01-01,episode
Barts Health,observation_period,overall,Number of subjects,NA,2023-01-01 to 2023-12-31,1195063,34.64,NA,years,Persistence 365,2026-02-16,2012-01-01,episode
Barts Health,observation_period,overall,Age,NA,2023-01-01 to 2023-12-31,NA,NA,37,years,Persistence 365,2026-02-16,2012-01-01,episode
Barts Health,observation_period,overall,Person-days,NA,2023-01-01 to 2023-12-31,302676203,8.24,NA,years,Persistence 365,2026-02-16,2012-01-01,episode
Barts Health,observation_period,overall,Number of records,NA,2024-01-01 to 2024-12-31,1244667,23.13,NA,years,Persistence 365,2026-02-16,2012-01-01,episode
Barts Health,observation_period,overall,Number of subjects,NA,2024-01-01 to 2024-12-31,1177738,34.13,NA,years,Persistence 365,2026-02-16,2012-01-01,episode
Barts Health,observation_period,overall,Age,NA,2024-01-01 to 2024-12-31,NA,NA,37,years,Persistence 365,2026-02-16,2012-01-01,episode
Barts Health,observation_period,overall,Person-days,NA,2024-01-01 to 2024-12-31,304996898,8.3,NA,years,Persistence 365,2026-02-16,2012-01-01,episode
Barts Health,observation_period,overall,Number of records,NA,2025-01-01 to 2025-12-31,1244193,23.12,NA,years,Persistence 365,2026-02-16,2012-01-01,episode
Barts Health,observation_period,overall,Number of subjects,NA,2025-01-01 to 2025-12-31,1177169,34.12,NA,years,Persistence 365,2026-02-16,2012-01-01,episode
Barts Health,observation_period,overall,Age,NA,2025-01-01 to 2025-12-31,NA,NA,37,years,Persistence 365,2026-02-16,2012-01-01,episode
Barts Health,observation_period,overall,Person-days,NA,2025-01-01 to 2025-12-31,304525328,8.29,NA,years,Persistence 365,2026-02-16,2012-01-01,episode
Barts Health,observation_period,overall,Number of records,NA,2026-01-01 to 2026-12-31,885598,16.46,NA,years,Persistence 365,2026-02-16,2012-01-01,episode
Barts Health,observation_period,overall,Number of subjects,NA,2026-01-01 to 2026-12-31,883681,25.61,NA,years,Persistence 365,2026-02-16,2012-01-01,episode
Barts Health,observation_period,overall,Age,NA,2026-01-01 to 2026-12-31,NA,NA,38,years,Persistence 365,2026-02-16,2012-01-01,episode
Barts Health,observation_period,overall,Person-days,NA,2026-01-01 to 2026-12-31,39117264,1.06,NA,years,Persistence 365,2026-02-16,2012-01-01,episode
Barts Health,observation_period,overall,Number of records,NA,overall,5380481,100,NA,years,Persistence 365,2026-02-16,2012-01-01,episode
Barts Health,observation_period,overall,Number of subjects,NA,overall,3083049,89.35,NA,years,Persistence 365,2026-02-16,2012-01-01,episode
Barts Health,observation_period,overall,Age,NA,overall,NA,NA,33,years,Persistence 365,2026-02-16,2012-01-01,episode
Barts Health,observation_period,overall,Person-days,NA,overall,NA,NA,NA,years,Persistence 365,2026-02-16,2012-01-01,episode
Barts Health,observation_period,overall,Number of records,NA,2012-01-01 to 2012-12-31,428136,10.2,NA,years,Collapse 730,2026-02-16,2012-01-01,episode
Barts Health,observation_period,overall,Number of subjects,NA,2012-01-01 to 2012-12-31,428136,12.41,NA,years,Collapse 730,2026-02-16,2012-01-01,episode
Barts Health,observation_period,overall,Age,NA,2012-01-01 to 2012-12-31,NA,NA,37,years,Collapse 730,2026-02-16,2012-01-01,episode
Barts Health,observation_period,overall,Person-days,NA,2012-01-01 to 2012-12-31,62404755,2.44,NA,years,Collapse 730,2026-02-16,2012-01-01,episode
Barts Health,observation_period,overall,Number of records,NA,2013-01-01 to 2013-12-31,527288,12.57,NA,years,Collapse 730,2026-02-16,2012-01-01,episode
Barts Health,observation_period,overall,Number of subjects,NA,2013-01-01 to 2013-12-31,527288,15.28,NA,years,Collapse 730,2026-02-16,2012-01-01,episode
Barts Health,observation_period,overall,Age,NA,2013-01-01 to 2013-12-31,NA,NA,37,years,Collapse 730,2026-02-16,2012-01-01,episode
Barts Health,observation_period,overall,Person-days,NA,2013-01-01 to 2013-12-31,116610294,4.56,NA,years,Collapse 730,2026-02-16,2012-01-01,episode
Barts Health,observation_period,overall,Number of records,NA,2014-01-01 to 2014-12-31,624565,14.88,NA,years,Collapse 730,2026-02-16,2012-01-01,episode
Barts Health,observation_period,overall,Number of subjects,NA,2014-01-01 to 2014-12-31,624565,18.1,NA,years,Collapse 730,2026-02-16,2012-01-01,episode
Barts Health,observation_period,overall,Age,NA,2014-01-01 to 2014-12-31,NA,NA,37,years,Collapse 730,2026-02-16,2012-01-01,episode
Barts Health,observation_period,overall,Person-days,NA,2014-01-01 to 2014-12-31,144422255,5.65,NA,years,Collapse 730,2026-02-16,2012-01-01,episode
Barts Health,observation_period,overall,Number of records,NA,2015-01-01 to 2015-12-31,739239,17.62,NA,years,Collapse 730,2026-02-16,2012-01-01,episode
Barts Health,observation_period,overall,Number of subjects,NA,2015-01-01 to 2015-12-31,739239,21.42,NA,years,Collapse 730,2026-02-16,2012-01-01,episode
Barts Health,observation_period,overall,Age,NA,2015-01-01 to 2015-12-31,NA,NA,37,years,Collapse 730,2026-02-16,2012-01-01,episode
Barts Health,observation_period,overall,Person-days,NA,2015-01-01 to 2015-12-31,173509508,6.79,NA,years,Collapse 730,2026-02-16,2012-01-01,episode
Barts Health,observation_period,overall,Number of records,NA,2016-01-01 to 2016-12-31,789175,18.81,NA,years,Collapse 730,2026-02-16,2012-01-01,episode
Barts Health,observation_period,overall,Number of subjects,NA,2016-01-01 to 2016-12-31,789175,22.87,NA,years,Collapse 730,2026-02-16,2012-01-01,episode
Barts Health,observation_period,overall,Age,NA,2016-01-01 to 2016-12-31,NA,NA,36,years,Collapse 730,2026-02-16,2012-01-01,episode
Barts Health,observation_period,overall,Person-days,NA,2016-01-01 to 2016-12-31,198659928,7.77,NA,years,Collapse 730,2026-02-16,2012-01-01,episode
Barts Health,observation_period,overall,Number of records,NA,2017-01-01 to 2017-12-31,848703,20.23,NA,years,Collapse 730,2026-02-16,2012-01-01,episode
Barts Health,observation_period,overall,Number of subjects,NA,2017-01-01 to 2017-12-31,848703,24.6,NA,years,Collapse 730,2026-02-16,2012-01-01,episode
Barts Health,observation_period,overall,Age,NA,2017-01-01 to 2017-12-31,NA,NA,36,years,Collapse 730,2026-02-16,2012-01-01,episode
Barts Health,observation_period,overall,Person-days,NA,2017-01-01 to 2017-12-31,213272021,8.34,NA,years,Collapse 730,2026-02-16,2012-01-01,episode
Barts Health,observation_period,overall,Number of records,NA,2018-01-01 to 2018-12-31,908964,21.66,NA,years,Collapse 730,2026-02-16,2012-01-01,episode
Barts Health,observation_period,overall,Number of subjects,NA,2018-01-01 to 2018-12-31,908964,26.34,NA,years,Collapse 730,2026-02-16,2012-01-01,episode
Barts Health,observation_period,overall,Age,NA,2018-01-01 to 2018-12-31,NA,NA,36,years,Collapse 730,2026-02-16,2012-01-01,episode
Barts Health,observation_period,overall,Person-days,NA,2018-01-01 to 2018-12-31,224381117,8.78,NA,years,Collapse 730,2026-02-16,2012-01-01,episode
Barts Health,observation_period,overall,Number of records,NA,2019-01-01 to 2019-12-31,914109,21.78,NA,years,Collapse 730,2026-02-16,2012-01-01,episode
Barts Health,observation_period,overall,Number of subjects,NA,2019-01-01 to 2019-12-31,914109,26.49,NA,years,Collapse 730,2026-02-16,2012-01-01,episode
Barts Health,observation_period,overall,Age,NA,2019-01-01 to 2019-12-31,NA,NA,36,years,Collapse 730,2026-02-16,2012-01-01,episode
Barts Health,observation_period,overall,Person-days,NA,2019-01-01 to 2019-12-31,218274020,8.54,NA,years,Collapse 730,2026-02-16,2012-01-01,episode
Barts Health,observation_period,overall,Number of records,NA,2020-01-01 to 2020-12-31,775915,18.49,NA,years,Collapse 730,2026-02-16,2012-01-01,episode
Barts Health,observation_period,overall,Number of subjects,NA,2020-01-01 to 2020-12-31,775915,22.49,NA,years,Collapse 730,2026-02-16,2012-01-01,episode
Barts Health,observation_period,overall,Age,NA,2020-01-01 to 2020-12-31,NA,NA,37,years,Collapse 730,2026-02-16,2012-01-01,episode
Barts Health,observation_period,overall,Person-days,NA,2020-01-01 to 2020-12-31,198265665,7.75,NA,years,Collapse 730,2026-02-16,2012-01-01,episode
Barts Health,observation_period,overall,Number of records,NA,2021-01-01 to 2021-12-31,827513,19.72,NA,years,Collapse 730,2026-02-16,2012-01-01,episode
Barts Health,observation_period,overall,Number of subjects,NA,2021-01-01 to 2021-12-31,827513,23.98,NA,years,Collapse 730,2026-02-16,2012-01-01,episode
Barts Health,observation_period,overall,Age,NA,2021-01-01 to 2021-12-31,NA,NA,37,years,Collapse 730,2026-02-16,2012-01-01,episode
Barts Health,observation_period,overall,Person-days,NA,2021-01-01 to 2021-12-31,199633106,7.81,NA,years,Collapse 730,2026-02-16,2012-01-01,episode
Barts Health,observation_period,overall,Number of records,NA,2022-01-01 to 2022-12-31,903039,21.52,NA,years,Collapse 730,2026-02-16,2012-01-01,episode
Barts Health,observation_period,overall,Number of subjects,NA,2022-01-01 to 2022-12-31,903039,26.17,NA,years,Collapse 730,2026-02-16,2012-01-01,episode
Barts Health,observation_period,overall,Age,NA,2022-01-01 to 2022-12-31,NA,NA,38,years,Collapse 730,2026-02-16,2012-01-01,episode
Barts Health,observation_period,overall,Person-days,NA,2022-01-01 to 2022-12-31,211481533,8.27,NA,years,Collapse 730,2026-02-16,2012-01-01,episode
Barts Health,observation_period,overall,Number of records,NA,2023-01-01 to 2023-12-31,881337,21,NA,years,Collapse 730,2026-02-16,2012-01-01,episode
Barts Health,observation_period,overall,Number of subjects,NA,2023-01-01 to 2023-12-31,881337,25.54,NA,years,Collapse 730,2026-02-16,2012-01-01,episode
Barts Health,observation_period,overall,Age,NA,2023-01-01 to 2023-12-31,NA,NA,38,years,Collapse 730,2026-02-16,2012-01-01,episode
Barts Health,observation_period,overall,Person-days,NA,2023-01-01 to 2023-12-31,212727194,8.32,NA,years,Collapse 730,2026-02-16,2012-01-01,episode
Barts Health,observation_period,overall,Number of records,NA,2024-01-01 to 2024-12-31,891773,21.25,NA,years,Collapse 730,2026-02-16,2012-01-01,episode
Barts Health,observation_period,overall,Number of subjects,NA,2024-01-01 to 2024-12-31,891773,25.85,NA,years,Collapse 730,2026-02-16,2012-01-01,episode
Barts Health,observation_period,overall,Age,NA,2024-01-01 to 2024-12-31,NA,NA,38,years,Collapse 730,2026-02-16,2012-01-01,episode
Barts Health,observation_period,overall,Person-days,NA,2024-01-01 to 2024-12-31,212864346,8.33,NA,years,Collapse 730,2026-02-16,2012-01-01,episode
Barts Health,observation_period,overall,Number of records,NA,2025-01-01 to 2025-12-31,854186,20.36,NA,years,Collapse 730,2026-02-16,2012-01-01,episode
Barts Health,observation_period,overall,Number of subjects,NA,2025-01-01 to 2025-12-31,854186,24.76,NA,years,Collapse 730,2026-02-16,2012-01-01,episode
Barts Health,observation_period,overall,Age,NA,2025-01-01 to 2025-12-31,NA,NA,38,years,Collapse 730,2026-02-16,2012-01-01,episode
Barts Health,observation_period,overall,Person-days,NA,2025-01-01 to 2025-12-31,163924218,6.41,NA,years,Collapse 730,2026-02-16,2012-01-01,episode
Barts Health,observation_period,overall,Number of records,NA,2026-01-01 to 2026-12-31,254568,6.07,NA,years,Collapse 730,2026-02-16,2012-01-01,episode
Barts Health,observation_period,overall,Number of subjects,NA,2026-01-01 to 2026-12-31,254568,7.38,NA,years,Collapse 730,2026-02-16,2012-01-01,episode
Barts Health,observation_period,overall,Age,NA,2026-01-01 to 2026-12-31,NA,NA,43,years,Collapse 730,2026-02-16,2012-01-01,episode
Barts Health,observation_period,overall,Person-days,NA,2026-01-01 to 2026-12-31,6301085,0.25,NA,years,Collapse 730,2026-02-16,2012-01-01,episode
Barts Health,observation_period,overall,Number of records,NA,overall,4196211,100,NA,years,Collapse 730,2026-02-16,2012-01-01,episode
Barts Health,observation_period,overall,Number of subjects,NA,overall,3083049,89.35,NA,years,Collapse 730,2026-02-16,2012-01-01,episode
Barts Health,observation_period,overall,Age,NA,overall,NA,NA,32,years,Collapse 730,2026-02-16,2012-01-01,episode
Barts Health,observation_period,overall,Person-days,NA,overall,NA,NA,NA,years,Collapse 730,2026-02-16,2012-01-01,episode
Barts Health,observation_period,overall,Number of records,NA,2012-01-01 to 2012-12-31,428136,10.2,NA,years,Persistence 730,2026-02-16,2012-01-01,episode
Barts Health,observation_period,overall,Number of subjects,NA,2012-01-01 to 2012-12-31,428136,12.41,NA,years,Persistence 730,2026-02-16,2012-01-01,episode
Barts Health,observation_period,overall,Age,NA,2012-01-01 to 2012-12-31,NA,NA,37,years,Persistence 730,2026-02-16,2012-01-01,episode
Barts Health,observation_period,overall,Person-days,NA,2012-01-01 to 2012-12-31,88358010,1.78,NA,years,Persistence 730,2026-02-16,2012-01-01,episode
Barts Health,observation_period,overall,Number of records,NA,2013-01-01 to 2013-12-31,677036,16.13,NA,years,Persistence 730,2026-02-16,2012-01-01,episode
Barts Health,observation_period,overall,Number of subjects,NA,2013-01-01 to 2013-12-31,677036,19.62,NA,years,Persistence 730,2026-02-16,2012-01-01,episode
Barts Health,observation_period,overall,Age,NA,2013-01-01 to 2013-12-31,NA,NA,35,years,Persistence 730,2026-02-16,2012-01-01,episode
Barts Health,observation_period,overall,Person-days,NA,2013-01-01 to 2013-12-31,201385770,4.05,NA,years,Persistence 730,2026-02-16,2012-01-01,episode
Barts Health,observation_period,overall,Number of records,NA,2014-01-01 to 2014-12-31,937232,22.34,NA,years,Persistence 730,2026-02-16,2012-01-01,episode
Barts Health,observation_period,overall,Number of subjects,NA,2014-01-01 to 2014-12-31,924869,26.8,NA,years,Persistence 730,2026-02-16,2012-01-01,episode
Barts Health,observation_period,overall,Age,NA,2014-01-01 to 2014-12-31,NA,NA,35,years,Persistence 730,2026-02-16,2012-01-01,episode
Barts Health,observation_period,overall,Person-days,NA,2014-01-01 to 2014-12-31,265107457,5.33,NA,years,Persistence 730,2026-02-16,2012-01-01,episode
Barts Health,observation_period,overall,Number of records,NA,2015-01-01 to 2015-12-31,1091550,26.01,NA,years,Persistence 730,2026-02-16,2012-01-01,episode
Barts Health,observation_period,overall,Number of subjects,NA,2015-01-01 to 2015-12-31,1071577,31.06,NA,years,Persistence 730,2026-02-16,2012-01-01,episode
Barts Health,observation_period,overall,Age,NA,2015-01-01 to 2015-12-31,NA,NA,35,years,Persistence 730,2026-02-16,2012-01-01,episode
Barts Health,observation_period,overall,Person-days,NA,2015-01-01 to 2015-12-31,309889935,6.23,NA,years,Persistence 730,2026-02-16,2012-01-01,episode
Barts Health,observation_period,overall,Number of records,NA,2016-01-01 to 2016-12-31,1194872,28.48,NA,years,Persistence 730,2026-02-16,2012-01-01,episode
Barts Health,observation_period,overall,Number of subjects,NA,2016-01-01 to 2016-12-31,1176622,34.1,NA,years,Persistence 730,2026-02-16,2012-01-01,episode
Barts Health,observation_period,overall,Age,NA,2016-01-01 to 2016-12-31,NA,NA,35,years,Persistence 730,2026-02-16,2012-01-01,episode
Barts Health,observation_period,overall,Person-days,NA,2016-01-01 to 2016-12-31,354257864,7.13,NA,years,Persistence 730,2026-02-16,2012-01-01,episode
Barts Health,observation_period,overall,Number of records,NA,2017-01-01 to 2017-12-31,1283068,30.58,NA,years,Persistence 730,2026-02-16,2012-01-01,episode
Barts Health,observation_period,overall,Number of subjects,NA,2017-01-01 to 2017-12-31,1261300,36.56,NA,years,Persistence 730,2026-02-16,2012-01-01,episode
Barts Health,observation_period,overall,Age,NA,2017-01-01 to 2017-12-31,NA,NA,35,years,Persistence 730,2026-02-16,2012-01-01,episode
Barts Health,observation_period,overall,Person-days,NA,2017-01-01 to 2017-12-31,373635337,7.51,NA,years,Persistence 730,2026-02-16,2012-01-01,episode
Barts Health,observation_period,overall,Number of records,NA,2018-01-01 to 2018-12-31,1363520,32.49,NA,years,Persistence 730,2026-02-16,2012-01-01,episode
Barts Health,observation_period,overall,Number of subjects,NA,2018-01-01 to 2018-12-31,1341786,38.89,NA,years,Persistence 730,2026-02-16,2012-01-01,episode
Barts Health,observation_period,overall,Age,NA,2018-01-01 to 2018-12-31,NA,NA,35,years,Persistence 730,2026-02-16,2012-01-01,episode
Barts Health,observation_period,overall,Person-days,NA,2018-01-01 to 2018-12-31,401603824,8.08,NA,years,Persistence 730,2026-02-16,2012-01-01,episode
Barts Health,observation_period,overall,Number of records,NA,2019-01-01 to 2019-12-31,1437414,34.26,NA,years,Persistence 730,2026-02-16,2012-01-01,episode
Barts Health,observation_period,overall,Number of subjects,NA,2019-01-01 to 2019-12-31,1416848,41.06,NA,years,Persistence 730,2026-02-16,2012-01-01,episode
Barts Health,observation_period,overall,Age,NA,2019-01-01 to 2019-12-31,NA,NA,35,years,Persistence 730,2026-02-16,2012-01-01,episode
Barts Health,observation_period,overall,Person-days,NA,2019-01-01 to 2019-12-31,428819005,8.62,NA,years,Persistence 730,2026-02-16,2012-01-01,episode
Barts Health,observation_period,overall,Number of records,NA,2020-01-01 to 2020-12-31,1401631,33.4,NA,years,Persistence 730,2026-02-16,2012-01-01,episode
Barts Health,observation_period,overall,Number of subjects,NA,2020-01-01 to 2020-12-31,1383609,40.1,NA,years,Persistence 730,2026-02-16,2012-01-01,episode
Barts Health,observation_period,overall,Age,NA,2020-01-01 to 2020-12-31,NA,NA,35,years,Persistence 730,2026-02-16,2012-01-01,episode
Barts Health,observation_period,overall,Person-days,NA,2020-01-01 to 2020-12-31,422833592,8.5,NA,years,Persistence 730,2026-02-16,2012-01-01,episode
Barts Health,observation_period,overall,Number of records,NA,2021-01-01 to 2021-12-31,1400739,33.38,NA,years,Persistence 730,2026-02-16,2012-01-01,episode
Barts Health,observation_period,overall,Number of subjects,NA,2021-01-01 to 2021-12-31,1366275,39.6,NA,years,Persistence 730,2026-02-16,2012-01-01,episode
Barts Health,observation_period,overall,Age,NA,2021-01-01 to 2021-12-31,NA,NA,35,years,Persistence 730,2026-02-16,2012-01-01,episode
Barts Health,observation_period,overall,Person-days,NA,2021-01-01 to 2021-12-31,389804269,7.84,NA,years,Persistence 730,2026-02-16,2012-01-01,episode
Barts Health,observation_period,overall,Number of records,NA,2022-01-01 to 2022-12-31,1381238,32.92,NA,years,Persistence 730,2026-02-16,2012-01-01,episode
Barts Health,observation_period,overall,Number of subjects,NA,2022-01-01 to 2022-12-31,1354777,39.26,NA,years,Persistence 730,2026-02-16,2012-01-01,episode
Barts Health,observation_period,overall,Age,NA,2022-01-01 to 2022-12-31,NA,NA,36,years,Persistence 730,2026-02-16,2012-01-01,episode
Barts Health,observation_period,overall,Person-days,NA,2022-01-01 to 2022-12-31,398053754,8.01,NA,years,Persistence 730,2026-02-16,2012-01-01,episode
Barts Health,observation_period,overall,Number of records,NA,2023-01-01 to 2023-12-31,1439300,34.3,NA,years,Persistence 730,2026-02-16,2012-01-01,episode
Barts Health,observation_period,overall,Number of subjects,NA,2023-01-01 to 2023-12-31,1416887,41.06,NA,years,Persistence 730,2026-02-16,2012-01-01,episode
Barts Health,observation_period,overall,Age,NA,2023-01-01 to 2023-12-31,NA,NA,36,years,Persistence 730,2026-02-16,2012-01-01,episode
Barts Health,observation_period,overall,Person-days,NA,2023-01-01 to 2023-12-31,427319989,8.59,NA,years,Persistence 730,2026-02-16,2012-01-01,episode
Barts Health,observation_period,overall,Number of records,NA,2024-01-01 to 2024-12-31,1490650,35.52,NA,years,Persistence 730,2026-02-16,2012-01-01,episode
Barts Health,observation_period,overall,Number of subjects,NA,2024-01-01 to 2024-12-31,1461899,42.37,NA,years,Persistence 730,2026-02-16,2012-01-01,episode
Barts Health,observation_period,overall,Age,NA,2024-01-01 to 2024-12-31,NA,NA,36,years,Persistence 730,2026-02-16,2012-01-01,episode
Barts Health,observation_period,overall,Person-days,NA,2024-01-01 to 2024-12-31,429574896,8.64,NA,years,Persistence 730,2026-02-16,2012-01-01,episode
Barts Health,observation_period,overall,Number of records,NA,2025-01-01 to 2025-12-31,1463081,34.87,NA,years,Persistence 730,2026-02-16,2012-01-01,episode
Barts Health,observation_period,overall,Number of subjects,NA,2025-01-01 to 2025-12-31,1437171,41.65,NA,years,Persistence 730,2026-02-16,2012-01-01,episode
Barts Health,observation_period,overall,Age,NA,2025-01-01 to 2025-12-31,NA,NA,36,years,Persistence 730,2026-02-16,2012-01-01,episode
Barts Health,observation_period,overall,Person-days,NA,2025-01-01 to 2025-12-31,426490761,8.58,NA,years,Persistence 730,2026-02-16,2012-01-01,episode
Barts Health,observation_period,overall,Number of records,NA,2026-01-01 to 2026-12-31,1206315,28.75,NA,years,Persistence 730,2026-02-16,2012-01-01,episode
Barts Health,observation_period,overall,Number of subjects,NA,2026-01-01 to 2026-12-31,1205766,34.95,NA,years,Persistence 730,2026-02-16,2012-01-01,episode
Barts Health,observation_period,overall,Age,NA,2026-01-01 to 2026-12-31,NA,NA,37,years,Persistence 730,2026-02-16,2012-01-01,episode
Barts Health,observation_period,overall,Person-days,NA,2026-01-01 to 2026-12-31,54896471,1.1,NA,years,Persistence 730,2026-02-16,2012-01-01,episode
Barts Health,observation_period,overall,Number of records,NA,overall,4196211,100,NA,years,Persistence 730,2026-02-16,2012-01-01,episode
Barts Health,observation_period,overall,Number of subjects,NA,overall,3083049,89.35,NA,years,Persistence 730,2026-02-16,2012-01-01,episode
Barts Health,observation_period,overall,Age,NA,overall,NA,NA,32,years,Persistence 730,2026-02-16,2012-01-01,episode
Barts Health,observation_period,overall,Person-days,NA,overall,NA,NA,NA,years,Persistence 730,2026-02-16,2012-01-01,episode
DataLoch Lothian,observation_period,overall,Person-days,NA,2012-01-01 to 2012-12-31,372747129,5.36,NA,years,NA,2026-02-27,2012-01-01,episode
DataLoch Lothian,observation_period,overall,Person-days,NA,2013-01-01 to 2013-12-31,393351383,5.66,NA,years,NA,2026-02-27,2012-01-01,episode
DataLoch Lothian,observation_period,overall,Person-days,NA,2014-01-01 to 2014-12-31,413831075,5.95,NA,years,NA,2026-02-27,2012-01-01,episode
DataLoch Lothian,observation_period,overall,Person-days,NA,2015-01-01 to 2015-12-31,433283749,6.23,NA,years,NA,2026-02-27,2012-01-01,episode
DataLoch Lothian,observation_period,overall,Person-days,NA,2016-01-01 to 2016-12-31,453537662,6.52,NA,years,NA,2026-02-27,2012-01-01,episode
DataLoch Lothian,observation_period,overall,Person-days,NA,2017-01-01 to 2017-12-31,470597062,6.77,NA,years,NA,2026-02-27,2012-01-01,episode
DataLoch Lothian,observation_period,overall,Person-days,NA,2018-01-01 to 2018-12-31,487965946,7.02,NA,years,NA,2026-02-27,2012-01-01,episode
DataLoch Lothian,observation_period,overall,Person-days,NA,2019-01-01 to 2019-12-31,505668862,7.27,NA,years,NA,2026-02-27,2012-01-01,episode
DataLoch Lothian,observation_period,overall,Person-days,NA,2020-01-01 to 2020-12-31,521204071,7.5,NA,years,NA,2026-02-27,2012-01-01,episode
DataLoch Lothian,observation_period,overall,Person-days,NA,2021-01-01 to 2021-12-31,533142412,7.67,NA,years,NA,2026-02-27,2012-01-01,episode
DataLoch Lothian,observation_period,overall,Person-days,NA,2022-01-01 to 2022-12-31,547632340,7.88,NA,years,NA,2026-02-27,2012-01-01,episode
DataLoch Lothian,observation_period,overall,Person-days,NA,2023-01-01 to 2023-12-31,561635775,8.08,NA,years,NA,2026-02-27,2012-01-01,episode
DataLoch Lothian,observation_period,overall,Person-days,NA,2024-01-01 to 2024-12-31,577248300,8.3,NA,years,NA,2026-02-27,2012-01-01,episode
DataLoch Lothian,observation_period,overall,Person-days,NA,2025-01-01 to 2025-12-31,587527784,8.45,NA,years,NA,2026-02-27,2012-01-01,episode
DataLoch Lothian,observation_period,overall,Person-days,NA,2026-01-01 to 2026-12-31,93997696,1.35,NA,years,NA,2026-02-27,2012-01-01,episode
DataLoch Lothian,observation_period,overall,Person-days,NA,overall,NA,100,NA,years,NA,2026-02-27,2012-01-01,episode
DataLoch Lothian,visit_occurrence,overall,Number of records,NA,2012-01-01 to 2012-12-31,1064415,6.21,NA,years,NA,2026-02-27,2012-01-01,event
DataLoch Lothian,visit_occurrence,TRUE,Number of records,NA,2012-01-01 to 2012-12-31,1064415,6.21,NA,years,NA,2026-02-27,2012-01-01,event
DataLoch Lothian,condition_occurrence,overall,Number of records,NA,2012-01-01 to 2012-12-31,244465,7.75,NA,years,NA,2026-02-27,2012-01-01,event
DataLoch Lothian,condition_occurrence,TRUE,Number of records,NA,2012-01-01 to 2012-12-31,244465,7.75,NA,years,NA,2026-02-27,2012-01-01,event
DataLoch Lothian,drug_exposure,overall,Number of records,NA,2012-01-01 to 2012-12-31,9744177,5.59,NA,years,NA,2026-02-27,2012-01-01,event
DataLoch Lothian,drug_exposure,TRUE,Number of records,NA,2012-01-01 to 2012-12-31,9744177,5.59,NA,years,NA,2026-02-27,2012-01-01,event
DataLoch Lothian,procedure_occurrence,overall,Number of records,NA,2012-01-01 to 2012-12-31,225917,7.59,NA,years,NA,2026-02-27,2012-01-01,event
DataLoch Lothian,procedure_occurrence,TRUE,Number of records,NA,2012-01-01 to 2012-12-31,225917,7.59,NA,years,NA,2026-02-27,2012-01-01,event
DataLoch Lothian,measurement,overall,Number of records,NA,2012-01-01 to 2012-12-31,23956606,6.04,NA,years,NA,2026-02-27,2012-01-01,event
DataLoch Lothian,measurement,TRUE,Number of records,NA,2012-01-01 to 2012-12-31,23956606,6.04,NA,years,NA,2026-02-27,2012-01-01,event
DataLoch Lothian,observation,overall,Number of records,NA,2012-01-01 to 2012-12-31,2968433,6.67,NA,years,NA,2026-02-27,2012-01-01,event
DataLoch Lothian,observation,TRUE,Number of records,NA,2012-01-01 to 2012-12-31,2968433,6.67,NA,years,NA,2026-02-27,2012-01-01,event
DataLoch Lothian,death,overall,Number of records,NA,2012-01-01 to 2012-12-31,10240,5.81,NA,years,NA,2026-02-27,2012-01-01,event
DataLoch Lothian,death,TRUE,Number of records,NA,2012-01-01 to 2012-12-31,10240,5.81,NA,years,NA,2026-02-27,2012-01-01,event
DataLoch Lothian,drug_era,overall,Number of records,NA,2012-01-01 to 2012-12-31,7095459,6.89,NA,years,NA,2026-02-27,2012-01-01,event
DataLoch Lothian,drug_era,TRUE,Number of records,NA,2012-01-01 to 2012-12-31,7095459,6.89,NA,years,NA,2026-02-27,2012-01-01,event
DataLoch Lothian,condition_era,overall,Number of records,NA,2012-01-01 to 2012-12-31,244411,7.75,NA,years,NA,2026-02-27,2012-01-01,event
DataLoch Lothian,condition_era,TRUE,Number of records,NA,2012-01-01 to 2012-12-31,244411,7.75,NA,years,NA,2026-02-27,2012-01-01,event
DataLoch Lothian,visit_occurrence,overall,Number of records,NA,2013-01-01 to 2013-12-31,1090093,6.36,NA,years,NA,2026-02-27,2012-01-01,event
DataLoch Lothian,visit_occurrence,TRUE,Number of records,NA,2013-01-01 to 2013-12-31,1090093,6.36,NA,years,NA,2026-02-27,2012-01-01,event
DataLoch Lothian,condition_occurrence,overall,Number of records,NA,2013-01-01 to 2013-12-31,241521,7.65,NA,years,NA,2026-02-27,2012-01-01,event
DataLoch Lothian,condition_occurrence,TRUE,Number of records,NA,2013-01-01 to 2013-12-31,241521,7.65,NA,years,NA,2026-02-27,2012-01-01,event
DataLoch Lothian,drug_exposure,overall,Number of records,NA,2013-01-01 to 2013-12-31,10072913,5.77,NA,years,NA,2026-02-27,2012-01-01,event
DataLoch Lothian,drug_exposure,TRUE,Number of records,NA,2013-01-01 to 2013-12-31,10072913,5.77,NA,years,NA,2026-02-27,2012-01-01,event
DataLoch Lothian,procedure_occurrence,overall,Number of records,NA,2013-01-01 to 2013-12-31,224312,7.54,NA,years,NA,2026-02-27,2012-01-01,event
DataLoch Lothian,procedure_occurrence,TRUE,Number of records,NA,2013-01-01 to 2013-12-31,224312,7.54,NA,years,NA,2026-02-27,2012-01-01,event
DataLoch Lothian,measurement,overall,Number of records,NA,2013-01-01 to 2013-12-31,25037091,6.31,NA,years,NA,2026-02-27,2012-01-01,event
DataLoch Lothian,measurement,TRUE,Number of records,NA,2013-01-01 to 2013-12-31,25037091,6.31,NA,years,NA,2026-02-27,2012-01-01,event
DataLoch Lothian,observation,overall,Number of records,NA,2013-01-01 to 2013-12-31,3060980,6.88,NA,years,NA,2026-02-27,2012-01-01,event
DataLoch Lothian,observation,TRUE,Number of records,NA,2013-01-01 to 2013-12-31,3060980,6.88,NA,years,NA,2026-02-27,2012-01-01,event
DataLoch Lothian,death,overall,Number of records,NA,2013-01-01 to 2013-12-31,10428,5.92,NA,years,NA,2026-02-27,2012-01-01,event
DataLoch Lothian,death,TRUE,Number of records,NA,2013-01-01 to 2013-12-31,10428,5.92,NA,years,NA,2026-02-27,2012-01-01,event
DataLoch Lothian,drug_era,overall,Number of records,NA,2013-01-01 to 2013-12-31,6729039,6.54,NA,years,NA,2026-02-27,2012-01-01,event
DataLoch Lothian,drug_era,TRUE,Number of records,NA,2013-01-01 to 2013-12-31,6729039,6.54,NA,years,NA,2026-02-27,2012-01-01,event
DataLoch Lothian,condition_era,overall,Number of records,NA,2013-01-01 to 2013-12-31,241457,7.65,NA,years,NA,2026-02-27,2012-01-01,event
DataLoch Lothian,condition_era,TRUE,Number of records,NA,2013-01-01 to 2013-12-31,241457,7.65,NA,years,NA,2026-02-27,2012-01-01,event
DataLoch Lothian,visit_occurrence,overall,Number of records,NA,2014-01-01 to 2014-12-31,1134593,6.62,NA,years,NA,2026-02-27,2012-01-01,event
DataLoch Lothian,visit_occurrence,TRUE,Number of records,NA,2014-01-01 to 2014-12-31,1134593,6.62,NA,years,NA,2026-02-27,2012-01-01,event
DataLoch Lothian,condition_occurrence,overall,Number of records,NA,2014-01-01 to 2014-12-31,242375,7.68,NA,years,NA,2026-02-27,2012-01-01,event
DataLoch Lothian,condition_occurrence,TRUE,Number of records,NA,2014-01-01 to 2014-12-31,242375,7.68,NA,years,NA,2026-02-27,2012-01-01,event
DataLoch Lothian,drug_exposure,overall,Number of records,NA,2014-01-01 to 2014-12-31,10435335,5.98,NA,years,NA,2026-02-27,2012-01-01,event
DataLoch Lothian,drug_exposure,TRUE,Number of records,NA,2014-01-01 to 2014-12-31,10435335,5.98,NA,years,NA,2026-02-27,2012-01-01,event
DataLoch Lothian,procedure_occurrence,overall,Number of records,NA,2014-01-01 to 2014-12-31,231743,7.79,NA,years,NA,2026-02-27,2012-01-01,event
DataLoch Lothian,procedure_occurrence,TRUE,Number of records,NA,2014-01-01 to 2014-12-31,231743,7.79,NA,years,NA,2026-02-27,2012-01-01,event
DataLoch Lothian,measurement,overall,Number of records,NA,2014-01-01 to 2014-12-31,25481617,6.42,NA,years,NA,2026-02-27,2012-01-01,event
DataLoch Lothian,measurement,TRUE,Number of records,NA,2014-01-01 to 2014-12-31,25481617,6.42,NA,years,NA,2026-02-27,2012-01-01,event
DataLoch Lothian,observation,overall,Number of records,NA,2014-01-01 to 2014-12-31,3110089,6.99,NA,years,NA,2026-02-27,2012-01-01,event
DataLoch Lothian,observation,TRUE,Number of records,NA,2014-01-01 to 2014-12-31,3110089,6.99,NA,years,NA,2026-02-27,2012-01-01,event
DataLoch Lothian,death,overall,Number of records,NA,2014-01-01 to 2014-12-31,10688,6.07,NA,years,NA,2026-02-27,2012-01-01,event
DataLoch Lothian,death,TRUE,Number of records,NA,2014-01-01 to 2014-12-31,10688,6.07,NA,years,NA,2026-02-27,2012-01-01,event
DataLoch Lothian,drug_era,overall,Number of records,NA,2014-01-01 to 2014-12-31,6867076,6.67,NA,years,NA,2026-02-27,2012-01-01,event
DataLoch Lothian,drug_era,TRUE,Number of records,NA,2014-01-01 to 2014-12-31,6867076,6.67,NA,years,NA,2026-02-27,2012-01-01,event
DataLoch Lothian,condition_era,overall,Number of records,NA,2014-01-01 to 2014-12-31,242319,7.68,NA,years,NA,2026-02-27,2012-01-01,event
DataLoch Lothian,condition_era,TRUE,Number of records,NA,2014-01-01 to 2014-12-31,242319,7.68,NA,years,NA,2026-02-27,2012-01-01,event
DataLoch Lothian,visit_occurrence,overall,Number of records,NA,2015-01-01 to 2015-12-31,1180683,6.89,NA,years,NA,2026-02-27,2012-01-01,event
DataLoch Lothian,visit_occurrence,TRUE,Number of records,NA,2015-01-01 to 2015-12-31,1180683,6.89,NA,years,NA,2026-02-27,2012-01-01,event
DataLoch Lothian,condition_occurrence,overall,Number of records,NA,2015-01-01 to 2015-12-31,237890,7.54,NA,years,NA,2026-02-27,2012-01-01,event
DataLoch Lothian,condition_occurrence,TRUE,Number of records,NA,2015-01-01 to 2015-12-31,237890,7.54,NA,years,NA,2026-02-27,2012-01-01,event
DataLoch Lothian,drug_exposure,overall,Number of records,NA,2015-01-01 to 2015-12-31,10607164,6.08,NA,years,NA,2026-02-27,2012-01-01,event
DataLoch Lothian,drug_exposure,TRUE,Number of records,NA,2015-01-01 to 2015-12-31,10607164,6.08,NA,years,NA,2026-02-27,2012-01-01,event
DataLoch Lothian,procedure_occurrence,overall,Number of records,NA,2015-01-01 to 2015-12-31,235760,7.93,NA,years,NA,2026-02-27,2012-01-01,event
DataLoch Lothian,procedure_occurrence,TRUE,Number of records,NA,2015-01-01 to 2015-12-31,235760,7.93,NA,years,NA,2026-02-27,2012-01-01,event
DataLoch Lothian,measurement,overall,Number of records,NA,2015-01-01 to 2015-12-31,25888335,6.53,NA,years,NA,2026-02-27,2012-01-01,event
DataLoch Lothian,measurement,TRUE,Number of records,NA,2015-01-01 to 2015-12-31,25888335,6.53,NA,years,NA,2026-02-27,2012-01-01,event
DataLoch Lothian,observation,overall,Number of records,NA,2015-01-01 to 2015-12-31,3120928,7.01,NA,years,NA,2026-02-27,2012-01-01,event
DataLoch Lothian,observation,TRUE,Number of records,NA,2015-01-01 to 2015-12-31,3120928,7.01,NA,years,NA,2026-02-27,2012-01-01,event
DataLoch Lothian,death,overall,Number of records,NA,2015-01-01 to 2015-12-31,11393,6.47,NA,years,NA,2026-02-27,2012-01-01,event
DataLoch Lothian,death,TRUE,Number of records,NA,2015-01-01 to 2015-12-31,11393,6.47,NA,years,NA,2026-02-27,2012-01-01,event
DataLoch Lothian,drug_era,overall,Number of records,NA,2015-01-01 to 2015-12-31,6932819,6.73,NA,years,NA,2026-02-27,2012-01-01,event
DataLoch Lothian,drug_era,TRUE,Number of records,NA,2015-01-01 to 2015-12-31,6932819,6.73,NA,years,NA,2026-02-27,2012-01-01,event
DataLoch Lothian,condition_era,overall,Number of records,NA,2015-01-01 to 2015-12-31,237827,7.54,NA,years,NA,2026-02-27,2012-01-01,event
DataLoch Lothian,condition_era,TRUE,Number of records,NA,2015-01-01 to 2015-12-31,237827,7.54,NA,years,NA,2026-02-27,2012-01-01,event
DataLoch Lothian,visit_occurrence,overall,Number of records,NA,2016-01-01 to 2016-12-31,1174956,6.86,NA,years,NA,2026-02-27,2012-01-01,event
DataLoch Lothian,visit_occurrence,TRUE,Number of records,NA,2016-01-01 to 2016-12-31,1174956,6.86,NA,years,NA,2026-02-27,2012-01-01,event
DataLoch Lothian,condition_occurrence,overall,Number of records,NA,2016-01-01 to 2016-12-31,231893,7.35,NA,years,NA,2026-02-27,2012-01-01,event
DataLoch Lothian,condition_occurrence,TRUE,Number of records,NA,2016-01-01 to 2016-12-31,231893,7.35,NA,years,NA,2026-02-27,2012-01-01,event
DataLoch Lothian,drug_exposure,overall,Number of records,NA,2016-01-01 to 2016-12-31,10771072,6.17,NA,years,NA,2026-02-27,2012-01-01,event
DataLoch Lothian,drug_exposure,TRUE,Number of records,NA,2016-01-01 to 2016-12-31,10771072,6.17,NA,years,NA,2026-02-27,2012-01-01,event
DataLoch Lothian,procedure_occurrence,overall,Number of records,NA,2016-01-01 to 2016-12-31,226120,7.6,NA,years,NA,2026-02-27,2012-01-01,event
DataLoch Lothian,procedure_occurrence,TRUE,Number of records,NA,2016-01-01 to 2016-12-31,226120,7.6,NA,years,NA,2026-02-27,2012-01-01,event
DataLoch Lothian,measurement,overall,Number of records,NA,2016-01-01 to 2016-12-31,25977184,6.55,NA,years,NA,2026-02-27,2012-01-01,event
DataLoch Lothian,measurement,TRUE,Number of records,NA,2016-01-01 to 2016-12-31,25977184,6.55,NA,years,NA,2026-02-27,2012-01-01,event
DataLoch Lothian,observation,overall,Number of records,NA,2016-01-01 to 2016-12-31,3041534,6.83,NA,years,NA,2026-02-27,2012-01-01,event
DataLoch Lothian,observation,TRUE,Number of records,NA,2016-01-01 to 2016-12-31,3041534,6.83,NA,years,NA,2026-02-27,2012-01-01,event
DataLoch Lothian,death,overall,Number of records,NA,2016-01-01 to 2016-12-31,11594,6.58,NA,years,NA,2026-02-27,2012-01-01,event
DataLoch Lothian,death,TRUE,Number of records,NA,2016-01-01 to 2016-12-31,11594,6.58,NA,years,NA,2026-02-27,2012-01-01,event
DataLoch Lothian,drug_era,overall,Number of records,NA,2016-01-01 to 2016-12-31,7581169,7.36,NA,years,NA,2026-02-27,2012-01-01,event
DataLoch Lothian,drug_era,TRUE,Number of records,NA,2016-01-01 to 2016-12-31,7581169,7.36,NA,years,NA,2026-02-27,2012-01-01,event
DataLoch Lothian,condition_era,overall,Number of records,NA,2016-01-01 to 2016-12-31,231841,7.35,NA,years,NA,2026-02-27,2012-01-01,event
DataLoch Lothian,condition_era,TRUE,Number of records,NA,2016-01-01 to 2016-12-31,231841,7.35,NA,years,NA,2026-02-27,2012-01-01,event
DataLoch Lothian,visit_occurrence,overall,Number of records,NA,2017-01-01 to 2017-12-31,1173467,6.85,NA,years,NA,2026-02-27,2012-01-01,event
DataLoch Lothian,visit_occurrence,TRUE,Number of records,NA,2017-01-01 to 2017-12-31,1173467,6.85,NA,years,NA,2026-02-27,2012-01-01,event
DataLoch Lothian,condition_occurrence,overall,Number of records,NA,2017-01-01 to 2017-12-31,234787,7.44,NA,years,NA,2026-02-27,2012-01-01,event
DataLoch Lothian,condition_occurrence,TRUE,Number of records,NA,2017-01-01 to 2017-12-31,234787,7.44,NA,years,NA,2026-02-27,2012-01-01,event
DataLoch Lothian,drug_exposure,overall,Number of records,NA,2017-01-01 to 2017-12-31,10741271,6.16,NA,years,NA,2026-02-27,2012-01-01,event
DataLoch Lothian,drug_exposure,TRUE,Number of records,NA,2017-01-01 to 2017-12-31,10741271,6.16,NA,years,NA,2026-02-27,2012-01-01,event
DataLoch Lothian,procedure_occurrence,overall,Number of records,NA,2017-01-01 to 2017-12-31,229082,7.7,NA,years,NA,2026-02-27,2012-01-01,event
DataLoch Lothian,procedure_occurrence,TRUE,Number of records,NA,2017-01-01 to 2017-12-31,229082,7.7,NA,years,NA,2026-02-27,2012-01-01,event
DataLoch Lothian,measurement,overall,Number of records,NA,2017-01-01 to 2017-12-31,26832815,6.76,NA,years,NA,2026-02-27,2012-01-01,event
DataLoch Lothian,measurement,TRUE,Number of records,NA,2017-01-01 to 2017-12-31,26832815,6.76,NA,years,NA,2026-02-27,2012-01-01,event
DataLoch Lothian,observation,overall,Number of records,NA,2017-01-01 to 2017-12-31,2992178,6.72,NA,years,NA,2026-02-27,2012-01-01,event
DataLoch Lothian,observation,TRUE,Number of records,NA,2017-01-01 to 2017-12-31,2992178,6.72,NA,years,NA,2026-02-27,2012-01-01,event
DataLoch Lothian,death,overall,Number of records,NA,2017-01-01 to 2017-12-31,12135,6.89,NA,years,NA,2026-02-27,2012-01-01,event
DataLoch Lothian,death,TRUE,Number of records,NA,2017-01-01 to 2017-12-31,12135,6.89,NA,years,NA,2026-02-27,2012-01-01,event
DataLoch Lothian,drug_era,overall,Number of records,NA,2017-01-01 to 2017-12-31,6908287,6.71,NA,years,NA,2026-02-27,2012-01-01,event
DataLoch Lothian,drug_era,TRUE,Number of records,NA,2017-01-01 to 2017-12-31,6908287,6.71,NA,years,NA,2026-02-27,2012-01-01,event
DataLoch Lothian,condition_era,overall,Number of records,NA,2017-01-01 to 2017-12-31,234739,7.44,NA,years,NA,2026-02-27,2012-01-01,event
DataLoch Lothian,condition_era,TRUE,Number of records,NA,2017-01-01 to 2017-12-31,234739,7.44,NA,years,NA,2026-02-27,2012-01-01,event
DataLoch Lothian,visit_occurrence,overall,Number of records,NA,2018-01-01 to 2018-12-31,1171024,6.83,NA,years,NA,2026-02-27,2012-01-01,event
DataLoch Lothian,visit_occurrence,TRUE,Number of records,NA,2018-01-01 to 2018-12-31,1171024,6.83,NA,years,NA,2026-02-27,2012-01-01,event
DataLoch Lothian,condition_occurrence,overall,Number of records,NA,2018-01-01 to 2018-12-31,229316,7.27,NA,years,NA,2026-02-27,2012-01-01,event
DataLoch Lothian,condition_occurrence,TRUE,Number of records,NA,2018-01-01 to 2018-12-31,229316,7.27,NA,years,NA,2026-02-27,2012-01-01,event
DataLoch Lothian,drug_exposure,overall,Number of records,NA,2018-01-01 to 2018-12-31,10719570,6.14,NA,years,NA,2026-02-27,2012-01-01,event
DataLoch Lothian,drug_exposure,TRUE,Number of records,NA,2018-01-01 to 2018-12-31,10719570,6.14,NA,years,NA,2026-02-27,2012-01-01,event
DataLoch Lothian,procedure_occurrence,overall,Number of records,NA,2018-01-01 to 2018-12-31,229066,7.7,NA,years,NA,2026-02-27,2012-01-01,event
DataLoch Lothian,procedure_occurrence,TRUE,Number of records,NA,2018-01-01 to 2018-12-31,229066,7.7,NA,years,NA,2026-02-27,2012-01-01,event
DataLoch Lothian,measurement,overall,Number of records,NA,2018-01-01 to 2018-12-31,27426029,6.91,NA,years,NA,2026-02-27,2012-01-01,event
DataLoch Lothian,measurement,TRUE,Number of records,NA,2018-01-01 to 2018-12-31,27426029,6.91,NA,years,NA,2026-02-27,2012-01-01,event
DataLoch Lothian,observation,overall,Number of records,NA,2018-01-01 to 2018-12-31,2975661,6.69,NA,years,NA,2026-02-27,2012-01-01,event
DataLoch Lothian,observation,TRUE,Number of records,NA,2018-01-01 to 2018-12-31,2975661,6.69,NA,years,NA,2026-02-27,2012-01-01,event
DataLoch Lothian,death,overall,Number of records,NA,2018-01-01 to 2018-12-31,12301,6.98,NA,years,NA,2026-02-27,2012-01-01,event
DataLoch Lothian,death,TRUE,Number of records,NA,2018-01-01 to 2018-12-31,12301,6.98,NA,years,NA,2026-02-27,2012-01-01,event
DataLoch Lothian,drug_era,overall,Number of records,NA,2018-01-01 to 2018-12-31,6861491,6.66,NA,years,NA,2026-02-27,2012-01-01,event
DataLoch Lothian,drug_era,TRUE,Number of records,NA,2018-01-01 to 2018-12-31,6861491,6.66,NA,years,NA,2026-02-27,2012-01-01,event
DataLoch Lothian,condition_era,overall,Number of records,NA,2018-01-01 to 2018-12-31,229259,7.27,NA,years,NA,2026-02-27,2012-01-01,event
DataLoch Lothian,condition_era,TRUE,Number of records,NA,2018-01-01 to 2018-12-31,229259,7.27,NA,years,NA,2026-02-27,2012-01-01,event
DataLoch Lothian,visit_occurrence,overall,Number of records,NA,2019-01-01 to 2019-12-31,1184645,6.91,NA,years,NA,2026-02-27,2012-01-01,event
DataLoch Lothian,visit_occurrence,TRUE,Number of records,NA,2019-01-01 to 2019-12-31,1184645,6.91,NA,years,NA,2026-02-27,2012-01-01,event
DataLoch Lothian,condition_occurrence,overall,Number of records,NA,2019-01-01 to 2019-12-31,240501,7.62,NA,years,NA,2026-02-27,2012-01-01,event
DataLoch Lothian,condition_occurrence,TRUE,Number of records,NA,2019-01-01 to 2019-12-31,240501,7.62,NA,years,NA,2026-02-27,2012-01-01,event
DataLoch Lothian,drug_exposure,overall,Number of records,NA,2019-01-01 to 2019-12-31,10856176,6.22,NA,years,NA,2026-02-27,2012-01-01,event
DataLoch Lothian,drug_exposure,TRUE,Number of records,NA,2019-01-01 to 2019-12-31,10856176,6.22,NA,years,NA,2026-02-27,2012-01-01,event
DataLoch Lothian,procedure_occurrence,overall,Number of records,NA,2019-01-01 to 2019-12-31,229807,7.73,NA,years,NA,2026-02-27,2012-01-01,event
DataLoch Lothian,procedure_occurrence,TRUE,Number of records,NA,2019-01-01 to 2019-12-31,229807,7.73,NA,years,NA,2026-02-27,2012-01-01,event
DataLoch Lothian,measurement,overall,Number of records,NA,2019-01-01 to 2019-12-31,27648985,6.97,NA,years,NA,2026-02-27,2012-01-01,event
DataLoch Lothian,measurement,TRUE,Number of records,NA,2019-01-01 to 2019-12-31,27648985,6.97,NA,years,NA,2026-02-27,2012-01-01,event
DataLoch Lothian,observation,overall,Number of records,NA,2019-01-01 to 2019-12-31,3015870,6.78,NA,years,NA,2026-02-27,2012-01-01,event
DataLoch Lothian,observation,TRUE,Number of records,NA,2019-01-01 to 2019-12-31,3015870,6.78,NA,years,NA,2026-02-27,2012-01-01,event
DataLoch Lothian,death,overall,Number of records,NA,2019-01-01 to 2019-12-31,12367,7.02,NA,years,NA,2026-02-27,2012-01-01,event
DataLoch Lothian,death,TRUE,Number of records,NA,2019-01-01 to 2019-12-31,12367,7.02,NA,years,NA,2026-02-27,2012-01-01,event
DataLoch Lothian,drug_era,overall,Number of records,NA,2019-01-01 to 2019-12-31,6866468,6.67,NA,years,NA,2026-02-27,2012-01-01,event
DataLoch Lothian,drug_era,TRUE,Number of records,NA,2019-01-01 to 2019-12-31,6866468,6.67,NA,years,NA,2026-02-27,2012-01-01,event
DataLoch Lothian,condition_era,overall,Number of records,NA,2019-01-01 to 2019-12-31,240433,7.62,NA,years,NA,2026-02-27,2012-01-01,event
DataLoch Lothian,condition_era,TRUE,Number of records,NA,2019-01-01 to 2019-12-31,240433,7.62,NA,years,NA,2026-02-27,2012-01-01,event
DataLoch Lothian,visit_occurrence,overall,Number of records,NA,2020-01-01 to 2020-12-31,943341,5.5,NA,years,NA,2026-02-27,2012-01-01,event
DataLoch Lothian,visit_occurrence,TRUE,Number of records,NA,2020-01-01 to 2020-12-31,943341,5.5,NA,years,NA,2026-02-27,2012-01-01,event
DataLoch Lothian,condition_occurrence,overall,Number of records,NA,2020-01-01 to 2020-12-31,197921,6.27,NA,years,NA,2026-02-27,2012-01-01,event
DataLoch Lothian,condition_occurrence,TRUE,Number of records,NA,2020-01-01 to 2020-12-31,197921,6.27,NA,years,NA,2026-02-27,2012-01-01,event
DataLoch Lothian,drug_exposure,overall,Number of records,NA,2020-01-01 to 2020-12-31,10831075,6.21,NA,years,NA,2026-02-27,2012-01-01,event
DataLoch Lothian,drug_exposure,TRUE,Number of records,NA,2020-01-01 to 2020-12-31,10831075,6.21,NA,years,NA,2026-02-27,2012-01-01,event
DataLoch Lothian,procedure_occurrence,overall,Number of records,NA,2020-01-01 to 2020-12-31,158714,5.34,NA,years,NA,2026-02-27,2012-01-01,event
DataLoch Lothian,procedure_occurrence,TRUE,Number of records,NA,2020-01-01 to 2020-12-31,158714,5.34,NA,years,NA,2026-02-27,2012-01-01,event
DataLoch Lothian,measurement,overall,Number of records,NA,2020-01-01 to 2020-12-31,23695875,5.97,NA,years,NA,2026-02-27,2012-01-01,event
DataLoch Lothian,measurement,TRUE,Number of records,NA,2020-01-01 to 2020-12-31,23695875,5.97,NA,years,NA,2026-02-27,2012-01-01,event
DataLoch Lothian,observation,overall,Number of records,NA,2020-01-01 to 2020-12-31,2322264,5.22,NA,years,NA,2026-02-27,2012-01-01,event
DataLoch Lothian,observation,TRUE,Number of records,NA,2020-01-01 to 2020-12-31,2322264,5.22,NA,years,NA,2026-02-27,2012-01-01,event
DataLoch Lothian,death,overall,Number of records,NA,2020-01-01 to 2020-12-31,13767,7.81,NA,years,NA,2026-02-27,2012-01-01,event
DataLoch Lothian,death,TRUE,Number of records,NA,2020-01-01 to 2020-12-31,13767,7.81,NA,years,NA,2026-02-27,2012-01-01,event
DataLoch Lothian,drug_era,overall,Number of records,NA,2020-01-01 to 2020-12-31,7253675,7.04,NA,years,NA,2026-02-27,2012-01-01,event
DataLoch Lothian,drug_era,TRUE,Number of records,NA,2020-01-01 to 2020-12-31,7253675,7.04,NA,years,NA,2026-02-27,2012-01-01,event
DataLoch Lothian,condition_era,overall,Number of records,NA,2020-01-01 to 2020-12-31,197854,6.27,NA,years,NA,2026-02-27,2012-01-01,event
DataLoch Lothian,condition_era,TRUE,Number of records,NA,2020-01-01 to 2020-12-31,197854,6.27,NA,years,NA,2026-02-27,2012-01-01,event
DataLoch Lothian,visit_occurrence,overall,Number of records,NA,2021-01-01 to 2021-12-31,1090020,6.36,NA,years,NA,2026-02-27,2012-01-01,event
DataLoch Lothian,visit_occurrence,TRUE,Number of records,NA,2021-01-01 to 2021-12-31,1090020,6.36,NA,years,NA,2026-02-27,2012-01-01,event
DataLoch Lothian,condition_occurrence,overall,Number of records,NA,2021-01-01 to 2021-12-31,214078,6.78,NA,years,NA,2026-02-27,2012-01-01,event
DataLoch Lothian,condition_occurrence,TRUE,Number of records,NA,2021-01-01 to 2021-12-31,214078,6.78,NA,years,NA,2026-02-27,2012-01-01,event
DataLoch Lothian,drug_exposure,overall,Number of records,NA,2021-01-01 to 2021-12-31,12191033,6.99,NA,years,NA,2026-02-27,2012-01-01,event
DataLoch Lothian,drug_exposure,TRUE,Number of records,NA,2021-01-01 to 2021-12-31,12191033,6.99,NA,years,NA,2026-02-27,2012-01-01,event
DataLoch Lothian,procedure_occurrence,overall,Number of records,NA,2021-01-01 to 2021-12-31,180946,6.08,NA,years,NA,2026-02-27,2012-01-01,event
DataLoch Lothian,procedure_occurrence,TRUE,Number of records,NA,2021-01-01 to 2021-12-31,180946,6.08,NA,years,NA,2026-02-27,2012-01-01,event
DataLoch Lothian,measurement,overall,Number of records,NA,2021-01-01 to 2021-12-31,28836882,7.27,NA,years,NA,2026-02-27,2012-01-01,event
DataLoch Lothian,measurement,TRUE,Number of records,NA,2021-01-01 to 2021-12-31,28836882,7.27,NA,years,NA,2026-02-27,2012-01-01,event
DataLoch Lothian,observation,overall,Number of records,NA,2021-01-01 to 2021-12-31,2734735,6.14,NA,years,NA,2026-02-27,2012-01-01,event
DataLoch Lothian,observation,TRUE,Number of records,NA,2021-01-01 to 2021-12-31,2734735,6.14,NA,years,NA,2026-02-27,2012-01-01,event
DataLoch Lothian,death,overall,Number of records,NA,2021-01-01 to 2021-12-31,13808,7.84,NA,years,NA,2026-02-27,2012-01-01,event
DataLoch Lothian,death,TRUE,Number of records,NA,2021-01-01 to 2021-12-31,13808,7.84,NA,years,NA,2026-02-27,2012-01-01,event
DataLoch Lothian,drug_era,overall,Number of records,NA,2021-01-01 to 2021-12-31,6966118,6.77,NA,years,NA,2026-02-27,2012-01-01,event
DataLoch Lothian,drug_era,TRUE,Number of records,NA,2021-01-01 to 2021-12-31,6966118,6.77,NA,years,NA,2026-02-27,2012-01-01,event
DataLoch Lothian,condition_era,overall,Number of records,NA,2021-01-01 to 2021-12-31,214002,6.78,NA,years,NA,2026-02-27,2012-01-01,event
DataLoch Lothian,condition_era,TRUE,Number of records,NA,2021-01-01 to 2021-12-31,214002,6.78,NA,years,NA,2026-02-27,2012-01-01,event
DataLoch Lothian,visit_occurrence,overall,Number of records,NA,2022-01-01 to 2022-12-31,1259635,7.35,NA,years,NA,2026-02-27,2012-01-01,event
DataLoch Lothian,visit_occurrence,TRUE,Number of records,NA,2022-01-01 to 2022-12-31,1259635,7.35,NA,years,NA,2026-02-27,2012-01-01,event
DataLoch Lothian,condition_occurrence,overall,Number of records,NA,2022-01-01 to 2022-12-31,211034,6.69,NA,years,NA,2026-02-27,2012-01-01,event
DataLoch Lothian,condition_occurrence,TRUE,Number of records,NA,2022-01-01 to 2022-12-31,211034,6.69,NA,years,NA,2026-02-27,2012-01-01,event
DataLoch Lothian,drug_exposure,overall,Number of records,NA,2022-01-01 to 2022-12-31,14571678,8.35,NA,years,NA,2026-02-27,2012-01-01,event
DataLoch Lothian,drug_exposure,TRUE,Number of records,NA,2022-01-01 to 2022-12-31,14571678,8.35,NA,years,NA,2026-02-27,2012-01-01,event
DataLoch Lothian,procedure_occurrence,overall,Number of records,NA,2022-01-01 to 2022-12-31,190451,6.4,NA,years,NA,2026-02-27,2012-01-01,event
DataLoch Lothian,procedure_occurrence,TRUE,Number of records,NA,2022-01-01 to 2022-12-31,190451,6.4,NA,years,NA,2026-02-27,2012-01-01,event
DataLoch Lothian,measurement,overall,Number of records,NA,2022-01-01 to 2022-12-31,28563617,7.2,NA,years,NA,2026-02-27,2012-01-01,event
DataLoch Lothian,measurement,TRUE,Number of records,NA,2022-01-01 to 2022-12-31,28563617,7.2,NA,years,NA,2026-02-27,2012-01-01,event
DataLoch Lothian,observation,overall,Number of records,NA,2022-01-01 to 2022-12-31,3061131,6.88,NA,years,NA,2026-02-27,2012-01-01,event
DataLoch Lothian,observation,TRUE,Number of records,NA,2022-01-01 to 2022-12-31,3061131,6.88,NA,years,NA,2026-02-27,2012-01-01,event
DataLoch Lothian,death,overall,Number of records,NA,2022-01-01 to 2022-12-31,14540,8.25,NA,years,NA,2026-02-27,2012-01-01,event
DataLoch Lothian,death,TRUE,Number of records,NA,2022-01-01 to 2022-12-31,14540,8.25,NA,years,NA,2026-02-27,2012-01-01,event
DataLoch Lothian,drug_era,overall,Number of records,NA,2022-01-01 to 2022-12-31,7574938,7.36,NA,years,NA,2026-02-27,2012-01-01,event
DataLoch Lothian,drug_era,TRUE,Number of records,NA,2022-01-01 to 2022-12-31,7574938,7.36,NA,years,NA,2026-02-27,2012-01-01,event
DataLoch Lothian,condition_era,overall,Number of records,NA,2022-01-01 to 2022-12-31,210946,6.69,NA,years,NA,2026-02-27,2012-01-01,event
DataLoch Lothian,condition_era,TRUE,Number of records,NA,2022-01-01 to 2022-12-31,210946,6.69,NA,years,NA,2026-02-27,2012-01-01,event
DataLoch Lothian,visit_occurrence,overall,Number of records,NA,2023-01-01 to 2023-12-31,1459205,8.51,NA,years,NA,2026-02-27,2012-01-01,event
DataLoch Lothian,visit_occurrence,TRUE,Number of records,NA,2023-01-01 to 2023-12-31,1459205,8.51,NA,years,NA,2026-02-27,2012-01-01,event
DataLoch Lothian,condition_occurrence,overall,Number of records,NA,2023-01-01 to 2023-12-31,230178,7.29,NA,years,NA,2026-02-27,2012-01-01,event
DataLoch Lothian,condition_occurrence,TRUE,Number of records,NA,2023-01-01 to 2023-12-31,230178,7.29,NA,years,NA,2026-02-27,2012-01-01,event
DataLoch Lothian,drug_exposure,overall,Number of records,NA,2023-01-01 to 2023-12-31,17245383,9.89,NA,years,NA,2026-02-27,2012-01-01,event
DataLoch Lothian,drug_exposure,TRUE,Number of records,NA,2023-01-01 to 2023-12-31,17245383,9.89,NA,years,NA,2026-02-27,2012-01-01,event
DataLoch Lothian,procedure_occurrence,overall,Number of records,NA,2023-01-01 to 2023-12-31,213929,7.19,NA,years,NA,2026-02-27,2012-01-01,event
DataLoch Lothian,procedure_occurrence,TRUE,Number of records,NA,2023-01-01 to 2023-12-31,213929,7.19,NA,years,NA,2026-02-27,2012-01-01,event
DataLoch Lothian,measurement,overall,Number of records,NA,2023-01-01 to 2023-12-31,30823338,7.77,NA,years,NA,2026-02-27,2012-01-01,event
DataLoch Lothian,measurement,TRUE,Number of records,NA,2023-01-01 to 2023-12-31,30823338,7.77,NA,years,NA,2026-02-27,2012-01-01,event
DataLoch Lothian,observation,overall,Number of records,NA,2023-01-01 to 2023-12-31,3515710,7.9,NA,years,NA,2026-02-27,2012-01-01,event
DataLoch Lothian,observation,TRUE,Number of records,NA,2023-01-01 to 2023-12-31,3515710,7.9,NA,years,NA,2026-02-27,2012-01-01,event
DataLoch Lothian,death,overall,Number of records,NA,2023-01-01 to 2023-12-31,14475,8.21,NA,years,NA,2026-02-27,2012-01-01,event
DataLoch Lothian,death,TRUE,Number of records,NA,2023-01-01 to 2023-12-31,14475,8.21,NA,years,NA,2026-02-27,2012-01-01,event
DataLoch Lothian,drug_era,overall,Number of records,NA,2023-01-01 to 2023-12-31,8270392,8.03,NA,years,NA,2026-02-27,2012-01-01,event
DataLoch Lothian,drug_era,TRUE,Number of records,NA,2023-01-01 to 2023-12-31,8270392,8.03,NA,years,NA,2026-02-27,2012-01-01,event
DataLoch Lothian,condition_era,overall,Number of records,NA,2023-01-01 to 2023-12-31,230061,7.29,NA,years,NA,2026-02-27,2012-01-01,event
DataLoch Lothian,condition_era,TRUE,Number of records,NA,2023-01-01 to 2023-12-31,230061,7.29,NA,years,NA,2026-02-27,2012-01-01,event
DataLoch Lothian,visit_occurrence,overall,Number of records,NA,2024-01-01 to 2024-12-31,1578460,9.21,NA,years,NA,2026-02-27,2012-01-01,event
DataLoch Lothian,visit_occurrence,TRUE,Number of records,NA,2024-01-01 to 2024-12-31,1578460,9.21,NA,years,NA,2026-02-27,2012-01-01,event
DataLoch Lothian,condition_occurrence,overall,Number of records,NA,2024-01-01 to 2024-12-31,224351,7.11,NA,years,NA,2026-02-27,2012-01-01,event
DataLoch Lothian,condition_occurrence,TRUE,Number of records,NA,2024-01-01 to 2024-12-31,224351,7.11,NA,years,NA,2026-02-27,2012-01-01,event
DataLoch Lothian,drug_exposure,overall,Number of records,NA,2024-01-01 to 2024-12-31,18105415,10.38,NA,years,NA,2026-02-27,2012-01-01,event
DataLoch Lothian,drug_exposure,TRUE,Number of records,NA,2024-01-01 to 2024-12-31,18105415,10.38,NA,years,NA,2026-02-27,2012-01-01,event
DataLoch Lothian,procedure_occurrence,overall,Number of records,NA,2024-01-01 to 2024-12-31,214261,7.2,NA,years,NA,2026-02-27,2012-01-01,event
DataLoch Lothian,procedure_occurrence,TRUE,Number of records,NA,2024-01-01 to 2024-12-31,214261,7.2,NA,years,NA,2026-02-27,2012-01-01,event
DataLoch Lothian,measurement,overall,Number of records,NA,2024-01-01 to 2024-12-31,35762229,9.01,NA,years,NA,2026-02-27,2012-01-01,event
DataLoch Lothian,measurement,TRUE,Number of records,NA,2024-01-01 to 2024-12-31,35762229,9.01,NA,years,NA,2026-02-27,2012-01-01,event
DataLoch Lothian,observation,overall,Number of records,NA,2024-01-01 to 2024-12-31,3756449,8.44,NA,years,NA,2026-02-27,2012-01-01,event
DataLoch Lothian,observation,TRUE,Number of records,NA,2024-01-01 to 2024-12-31,3756449,8.44,NA,years,NA,2026-02-27,2012-01-01,event
DataLoch Lothian,death,overall,Number of records,NA,2024-01-01 to 2024-12-31,14316,8.12,NA,years,NA,2026-02-27,2012-01-01,event
DataLoch Lothian,death,TRUE,Number of records,NA,2024-01-01 to 2024-12-31,14316,8.12,NA,years,NA,2026-02-27,2012-01-01,event
DataLoch Lothian,drug_era,overall,Number of records,NA,2024-01-01 to 2024-12-31,9294705,9.03,NA,years,NA,2026-02-27,2012-01-01,event
DataLoch Lothian,drug_era,TRUE,Number of records,NA,2024-01-01 to 2024-12-31,9294705,9.03,NA,years,NA,2026-02-27,2012-01-01,event
DataLoch Lothian,condition_era,overall,Number of records,NA,2024-01-01 to 2024-12-31,224234,7.11,NA,years,NA,2026-02-27,2012-01-01,event
DataLoch Lothian,condition_era,TRUE,Number of records,NA,2024-01-01 to 2024-12-31,224234,7.11,NA,years,NA,2026-02-27,2012-01-01,event
DataLoch Lothian,visit_occurrence,overall,Number of records,NA,2025-01-01 to 2025-12-31,1634203,9.54,NA,years,NA,2026-02-27,2012-01-01,event
DataLoch Lothian,visit_occurrence,TRUE,Number of records,NA,2025-01-01 to 2025-12-31,1634203,9.54,NA,years,NA,2026-02-27,2012-01-01,event
DataLoch Lothian,condition_occurrence,overall,Number of records,NA,2025-01-01 to 2025-12-31,175871,5.57,NA,years,NA,2026-02-27,2012-01-01,event
DataLoch Lothian,condition_occurrence,TRUE,Number of records,NA,2025-01-01 to 2025-12-31,175871,5.57,NA,years,NA,2026-02-27,2012-01-01,event
DataLoch Lothian,drug_exposure,overall,Number of records,NA,2025-01-01 to 2025-12-31,16734197,9.59,NA,years,NA,2026-02-27,2012-01-01,event
DataLoch Lothian,drug_exposure,TRUE,Number of records,NA,2025-01-01 to 2025-12-31,16734197,9.59,NA,years,NA,2026-02-27,2012-01-01,event
DataLoch Lothian,procedure_occurrence,overall,Number of records,NA,2025-01-01 to 2025-12-31,184496,6.2,NA,years,NA,2026-02-27,2012-01-01,event
DataLoch Lothian,procedure_occurrence,TRUE,Number of records,NA,2025-01-01 to 2025-12-31,184496,6.2,NA,years,NA,2026-02-27,2012-01-01,event
DataLoch Lothian,measurement,overall,Number of records,NA,2025-01-01 to 2025-12-31,37109146,9.35,NA,years,NA,2026-02-27,2012-01-01,event
DataLoch Lothian,measurement,TRUE,Number of records,NA,2025-01-01 to 2025-12-31,37109146,9.35,NA,years,NA,2026-02-27,2012-01-01,event
DataLoch Lothian,observation,overall,Number of records,NA,2025-01-01 to 2025-12-31,3841456,8.63,NA,years,NA,2026-02-27,2012-01-01,event
DataLoch Lothian,observation,TRUE,Number of records,NA,2025-01-01 to 2025-12-31,3841456,8.63,NA,years,NA,2026-02-27,2012-01-01,event
DataLoch Lothian,death,overall,Number of records,NA,2025-01-01 to 2025-12-31,13961,7.92,NA,years,NA,2026-02-27,2012-01-01,event
DataLoch Lothian,death,TRUE,Number of records,NA,2025-01-01 to 2025-12-31,13961,7.92,NA,years,NA,2026-02-27,2012-01-01,event
DataLoch Lothian,drug_era,overall,Number of records,NA,2025-01-01 to 2025-12-31,7602357,7.38,NA,years,NA,2026-02-27,2012-01-01,event
DataLoch Lothian,drug_era,TRUE,Number of records,NA,2025-01-01 to 2025-12-31,7602357,7.38,NA,years,NA,2026-02-27,2012-01-01,event
DataLoch Lothian,condition_era,overall,Number of records,NA,2025-01-01 to 2025-12-31,175863,5.57,NA,years,NA,2026-02-27,2012-01-01,event
DataLoch Lothian,condition_era,TRUE,Number of records,NA,2025-01-01 to 2025-12-31,175863,5.57,NA,years,NA,2026-02-27,2012-01-01,event
DataLoch Lothian,visit_occurrence,overall,Number of records,NA,2026-01-01 to 2026-12-31,172,0,NA,years,NA,2026-02-27,2012-01-01,event
DataLoch Lothian,visit_occurrence,TRUE,Number of records,NA,2026-01-01 to 2026-12-31,172,0,NA,years,NA,2026-02-27,2012-01-01,event
DataLoch Lothian,drug_exposure,overall,Number of records,NA,2026-01-01 to 2026-12-31,832886,0.48,NA,years,NA,2026-02-27,2012-01-01,event
DataLoch Lothian,drug_exposure,TRUE,Number of records,NA,2026-01-01 to 2026-12-31,832886,0.48,NA,years,NA,2026-02-27,2012-01-01,event
DataLoch Lothian,procedure_occurrence,overall,Number of records,NA,2026-01-01 to 2026-12-31,12,0,NA,years,NA,2026-02-27,2012-01-01,event
DataLoch Lothian,procedure_occurrence,TRUE,Number of records,NA,2026-01-01 to 2026-12-31,12,0,NA,years,NA,2026-02-27,2012-01-01,event
DataLoch Lothian,measurement,overall,Number of records,NA,2026-01-01 to 2026-12-31,3661057,0.92,NA,years,NA,2026-02-27,2012-01-01,event
DataLoch Lothian,measurement,TRUE,Number of records,NA,2026-01-01 to 2026-12-31,3661057,0.92,NA,years,NA,2026-02-27,2012-01-01,event
DataLoch Lothian,observation,overall,Number of records,NA,2026-01-01 to 2026-12-31,989387,2.22,NA,years,NA,2026-02-27,2012-01-01,event
DataLoch Lothian,observation,TRUE,Number of records,NA,2026-01-01 to 2026-12-31,989387,2.22,NA,years,NA,2026-02-27,2012-01-01,event
DataLoch Lothian,death,overall,Number of records,NA,2026-01-01 to 2026-12-31,202,0.11,NA,years,NA,2026-02-27,2012-01-01,event
DataLoch Lothian,death,TRUE,Number of records,NA,2026-01-01 to 2026-12-31,202,0.11,NA,years,NA,2026-02-27,2012-01-01,event
DataLoch Lothian,drug_era,overall,Number of records,NA,2026-01-01 to 2026-12-31,158869,0.15,NA,years,NA,2026-02-27,2012-01-01,event
DataLoch Lothian,drug_era,TRUE,Number of records,NA,2026-01-01 to 2026-12-31,158869,0.15,NA,years,NA,2026-02-27,2012-01-01,event
DataLoch Lothian,visit_occurrence,overall,Number of records,NA,overall,17138912,100,NA,years,NA,2026-02-27,2012-01-01,event
DataLoch Lothian,visit_occurrence,TRUE,Number of records,NA,overall,17138912,100,NA,years,NA,2026-02-27,2012-01-01,event
DataLoch Lothian,condition_occurrence,overall,Number of records,NA,overall,3156181,100,NA,years,NA,2026-02-27,2012-01-01,event
DataLoch Lothian,condition_occurrence,TRUE,Number of records,NA,overall,3156181,100,NA,years,NA,2026-02-27,2012-01-01,event
DataLoch Lothian,drug_exposure,overall,Number of records,NA,overall,174459345,100,NA,years,NA,2026-02-27,2012-01-01,event
DataLoch Lothian,drug_exposure,TRUE,Number of records,NA,overall,174459345,100,NA,years,NA,2026-02-27,2012-01-01,event
DataLoch Lothian,procedure_occurrence,overall,Number of records,NA,overall,2974616,100,NA,years,NA,2026-02-27,2012-01-01,event
DataLoch Lothian,procedure_occurrence,TRUE,Number of records,NA,overall,2974616,100,NA,years,NA,2026-02-27,2012-01-01,event
DataLoch Lothian,measurement,overall,Number of records,NA,overall,396700806,100,NA,years,NA,2026-02-27,2012-01-01,event
DataLoch Lothian,measurement,TRUE,Number of records,NA,overall,396700806,100,NA,years,NA,2026-02-27,2012-01-01,event
DataLoch Lothian,observation,overall,Number of records,NA,overall,44506805,100,NA,years,NA,2026-02-27,2012-01-01,event
DataLoch Lothian,observation,TRUE,Number of records,NA,overall,44506805,100,NA,years,NA,2026-02-27,2012-01-01,event
DataLoch Lothian,death,overall,Number of records,NA,overall,176215,100,NA,years,NA,2026-02-27,2012-01-01,event
DataLoch Lothian,death,TRUE,Number of records,NA,overall,176215,100,NA,years,NA,2026-02-27,2012-01-01,event
DataLoch Lothian,drug_era,overall,Number of records,NA,overall,102962862,100,NA,years,NA,2026-02-27,2012-01-01,event
DataLoch Lothian,drug_era,TRUE,Number of records,NA,overall,102962862,100,NA,years,NA,2026-02-27,2012-01-01,event
DataLoch Lothian,condition_era,overall,Number of records,NA,overall,3155246,100,NA,years,NA,2026-02-27,2012-01-01,event
DataLoch Lothian,condition_era,TRUE,Number of records,NA,overall,3155246,100,NA,years,NA,2026-02-27,2012-01-01,event
DataLoch Lothian,observation_period,overall,Number of records,NA,2012-01-01 to 2012-12-31,982046,55.01,NA,years,First to extract,2026-02-27,2012-01-01,episode
DataLoch Lothian,observation_period,overall,Number of subjects,NA,2012-01-01 to 2012-12-31,982046,53.83,NA,years,First to extract,2026-02-27,2012-01-01,episode
DataLoch Lothian,observation_period,overall,Age,NA,2012-01-01 to 2012-12-31,NA,NA,39,years,First to extract,2026-02-27,2012-01-01,episode
DataLoch Lothian,observation_period,overall,Person-days,NA,2012-01-01 to 2012-12-31,341400019,5.11,NA,years,First to extract,2026-02-27,2012-01-01,episode
DataLoch Lothian,observation_period,overall,Number of records,NA,2013-01-01 to 2013-12-31,1047714,58.69,NA,years,First to extract,2026-02-27,2012-01-01,episode
DataLoch Lothian,observation_period,overall,Number of subjects,NA,2013-01-01 to 2013-12-31,1047714,57.43,NA,years,First to extract,2026-02-27,2012-01-01,episode
DataLoch Lothian,observation_period,overall,Age,NA,2013-01-01 to 2013-12-31,NA,NA,38,years,First to extract,2026-02-27,2012-01-01,episode
DataLoch Lothian,observation_period,overall,Person-days,NA,2013-01-01 to 2013-12-31,366248993,5.48,NA,years,First to extract,2026-02-27,2012-01-01,episode
DataLoch Lothian,observation_period,overall,Number of records,NA,2014-01-01 to 2014-12-31,1109390,62.15,NA,years,First to extract,2026-02-27,2012-01-01,episode
DataLoch Lothian,observation_period,overall,Number of subjects,NA,2014-01-01 to 2014-12-31,1109390,60.81,NA,years,First to extract,2026-02-27,2012-01-01,episode
DataLoch Lothian,observation_period,overall,Age,NA,2014-01-01 to 2014-12-31,NA,NA,38,years,First to extract,2026-02-27,2012-01-01,episode
DataLoch Lothian,observation_period,overall,Person-days,NA,2014-01-01 to 2014-12-31,389459183,5.83,NA,years,First to extract,2026-02-27,2012-01-01,episode
DataLoch Lothian,observation_period,overall,Number of records,NA,2015-01-01 to 2015-12-31,1167723,65.41,NA,years,First to extract,2026-02-27,2012-01-01,episode
DataLoch Lothian,observation_period,overall,Number of subjects,NA,2015-01-01 to 2015-12-31,1167723,64.01,NA,years,First to extract,2026-02-27,2012-01-01,episode
DataLoch Lothian,observation_period,overall,Age,NA,2015-01-01 to 2015-12-31,NA,NA,38,years,First to extract,2026-02-27,2012-01-01,episode
DataLoch Lothian,observation_period,overall,Person-days,NA,2015-01-01 to 2015-12-31,411015887,6.15,NA,years,First to extract,2026-02-27,2012-01-01,episode
DataLoch Lothian,observation_period,overall,Number of records,NA,2016-01-01 to 2016-12-31,1222089,68.46,NA,years,First to extract,2026-02-27,2012-01-01,episode
DataLoch Lothian,observation_period,overall,Number of subjects,NA,2016-01-01 to 2016-12-31,1222089,66.99,NA,years,First to extract,2026-02-27,2012-01-01,episode
DataLoch Lothian,observation_period,overall,Age,NA,2016-01-01 to 2016-12-31,NA,NA,38,years,First to extract,2026-02-27,2012-01-01,episode
DataLoch Lothian,observation_period,overall,Person-days,NA,2016-01-01 to 2016-12-31,432713485,6.48,NA,years,First to extract,2026-02-27,2012-01-01,episode
DataLoch Lothian,observation_period,overall,Number of records,NA,2017-01-01 to 2017-12-31,1273013,71.31,NA,years,First to extract,2026-02-27,2012-01-01,episode
DataLoch Lothian,observation_period,overall,Number of subjects,NA,2017-01-01 to 2017-12-31,1273013,69.78,NA,years,First to extract,2026-02-27,2012-01-01,episode
DataLoch Lothian,observation_period,overall,Age,NA,2017-01-01 to 2017-12-31,NA,NA,38,years,First to extract,2026-02-27,2012-01-01,episode
DataLoch Lothian,observation_period,overall,Person-days,NA,2017-01-01 to 2017-12-31,450780594,6.75,NA,years,First to extract,2026-02-27,2012-01-01,episode
DataLoch Lothian,observation_period,overall,Number of records,NA,2018-01-01 to 2018-12-31,1322705,74.09,NA,years,First to extract,2026-02-27,2012-01-01,episode
DataLoch Lothian,observation_period,overall,Number of subjects,NA,2018-01-01 to 2018-12-31,1322705,72.5,NA,years,First to extract,2026-02-27,2012-01-01,episode
DataLoch Lothian,observation_period,overall,Age,NA,2018-01-01 to 2018-12-31,NA,NA,38,years,First to extract,2026-02-27,2012-01-01,episode
DataLoch Lothian,observation_period,overall,Person-days,NA,2018-01-01 to 2018-12-31,468722542,7.02,NA,years,First to extract,2026-02-27,2012-01-01,episode
DataLoch Lothian,observation_period,overall,Number of records,NA,2019-01-01 to 2019-12-31,1372658,76.89,NA,years,First to extract,2026-02-27,2012-01-01,episode
DataLoch Lothian,observation_period,overall,Number of subjects,NA,2019-01-01 to 2019-12-31,1372658,75.24,NA,years,First to extract,2026-02-27,2012-01-01,episode
DataLoch Lothian,observation_period,overall,Age,NA,2019-01-01 to 2019-12-31,NA,NA,38,years,First to extract,2026-02-27,2012-01-01,episode
DataLoch Lothian,observation_period,overall,Person-days,NA,2019-01-01 to 2019-12-31,487072127,7.29,NA,years,First to extract,2026-02-27,2012-01-01,episode
DataLoch Lothian,observation_period,overall,Number of records,NA,2020-01-01 to 2020-12-31,1402390,78.56,NA,years,First to extract,2026-02-27,2012-01-01,episode
DataLoch Lothian,observation_period,overall,Number of subjects,NA,2020-01-01 to 2020-12-31,1402390,76.87,NA,years,First to extract,2026-02-27,2012-01-01,episode
DataLoch Lothian,observation_period,overall,Age,NA,2020-01-01 to 2020-12-31,NA,NA,38,years,First to extract,2026-02-27,2012-01-01,episode
DataLoch Lothian,observation_period,overall,Person-days,NA,2020-01-01 to 2020-12-31,502891832,7.53,NA,years,First to extract,2026-02-27,2012-01-01,episode
DataLoch Lothian,observation_period,overall,Number of records,NA,2021-01-01 to 2021-12-31,1440886,80.71,NA,years,First to extract,2026-02-27,2012-01-01,episode
DataLoch Lothian,observation_period,overall,Number of subjects,NA,2021-01-01 to 2021-12-31,1440886,78.98,NA,years,First to extract,2026-02-27,2012-01-01,episode
DataLoch Lothian,observation_period,overall,Age,NA,2021-01-01 to 2021-12-31,NA,NA,39,years,First to extract,2026-02-27,2012-01-01,episode
DataLoch Lothian,observation_period,overall,Person-days,NA,2021-01-01 to 2021-12-31,512938848,7.68,NA,years,First to extract,2026-02-27,2012-01-01,episode
DataLoch Lothian,observation_period,overall,Number of records,NA,2022-01-01 to 2022-12-31,1486445,83.27,NA,years,First to extract,2026-02-27,2012-01-01,episode
DataLoch Lothian,observation_period,overall,Number of subjects,NA,2022-01-01 to 2022-12-31,1486445,81.48,NA,years,First to extract,2026-02-27,2012-01-01,episode
DataLoch Lothian,observation_period,overall,Age,NA,2022-01-01 to 2022-12-31,NA,NA,39,years,First to extract,2026-02-27,2012-01-01,episode
DataLoch Lothian,observation_period,overall,Person-days,NA,2022-01-01 to 2022-12-31,528187459,7.91,NA,years,First to extract,2026-02-27,2012-01-01,episode
DataLoch Lothian,observation_period,overall,Number of records,NA,2023-01-01 to 2023-12-31,1536773,86.09,NA,years,First to extract,2026-02-27,2012-01-01,episode
DataLoch Lothian,observation_period,overall,Number of subjects,NA,2023-01-01 to 2023-12-31,1536773,84.24,NA,years,First to extract,2026-02-27,2012-01-01,episode
DataLoch Lothian,observation_period,overall,Age,NA,2023-01-01 to 2023-12-31,NA,NA,39,years,First to extract,2026-02-27,2012-01-01,episode
DataLoch Lothian,observation_period,overall,Person-days,NA,2023-01-01 to 2023-12-31,545993114,8.18,NA,years,First to extract,2026-02-27,2012-01-01,episode
DataLoch Lothian,observation_period,overall,Number of records,NA,2024-01-01 to 2024-12-31,1586042,88.85,NA,years,First to extract,2026-02-27,2012-01-01,episode
DataLoch Lothian,observation_period,overall,Number of subjects,NA,2024-01-01 to 2024-12-31,1586042,86.94,NA,years,First to extract,2026-02-27,2012-01-01,episode
DataLoch Lothian,observation_period,overall,Age,NA,2024-01-01 to 2024-12-31,NA,NA,39,years,First to extract,2026-02-27,2012-01-01,episode
DataLoch Lothian,observation_period,overall,Person-days,NA,2024-01-01 to 2024-12-31,565831382,8.47,NA,years,First to extract,2026-02-27,2012-01-01,episode
DataLoch Lothian,observation_period,overall,Number of records,NA,2025-01-01 to 2025-12-31,1625408,91.05,NA,years,First to extract,2026-02-27,2012-01-01,episode
DataLoch Lothian,observation_period,overall,Number of subjects,NA,2025-01-01 to 2025-12-31,1625408,89.1,NA,years,First to extract,2026-02-27,2012-01-01,episode
DataLoch Lothian,observation_period,overall,Age,NA,2025-01-01 to 2025-12-31,NA,NA,40,years,First to extract,2026-02-27,2012-01-01,episode
DataLoch Lothian,observation_period,overall,Person-days,NA,2025-01-01 to 2025-12-31,581509559,8.71,NA,years,First to extract,2026-02-27,2012-01-01,episode
DataLoch Lothian,observation_period,overall,Number of records,NA,2026-01-01 to 2026-12-31,1611784,90.29,NA,years,First to extract,2026-02-27,2012-01-01,episode
DataLoch Lothian,observation_period,overall,Number of subjects,NA,2026-01-01 to 2026-12-31,1611784,88.35,NA,years,First to extract,2026-02-27,2012-01-01,episode
DataLoch Lothian,observation_period,overall,Age,NA,2026-01-01 to 2026-12-31,NA,NA,41,years,First to extract,2026-02-27,2012-01-01,episode
DataLoch Lothian,observation_period,overall,Person-days,NA,2026-01-01 to 2026-12-31,93471633,1.4,NA,years,First to extract,2026-02-27,2012-01-01,episode
DataLoch Lothian,observation_period,overall,Number of records,NA,overall,1785153,100,NA,years,First to extract,2026-02-27,2012-01-01,episode
DataLoch Lothian,observation_period,overall,Number of subjects,NA,overall,1785153,97.85,NA,years,First to extract,2026-02-27,2012-01-01,episode
DataLoch Lothian,observation_period,overall,Age,NA,overall,NA,NA,33,years,First to extract,2026-02-27,2012-01-01,episode
DataLoch Lothian,observation_period,overall,Person-days,NA,overall,NA,100,NA,years,First to extract,2026-02-27,2012-01-01,episode
DataLoch Lothian,observation_period,overall,Number of records,NA,2012-01-01 to 2012-12-31,851583,51.46,NA,years,First to last,2026-02-27,2012-01-01,episode
DataLoch Lothian,observation_period,overall,Number of subjects,NA,2012-01-01 to 2012-12-31,851583,46.68,NA,years,First to last,2026-02-27,2012-01-01,episode
DataLoch Lothian,observation_period,overall,Age,NA,2012-01-01 to 2012-12-31,NA,NA,39,years,First to last,2026-02-27,2012-01-01,episode
DataLoch Lothian,observation_period,overall,Person-days,NA,2012-01-01 to 2012-12-31,286300832,6.83,NA,years,First to last,2026-02-27,2012-01-01,episode
DataLoch Lothian,observation_period,overall,Number of records,NA,2013-01-01 to 2013-12-31,875387,52.9,NA,years,First to last,2026-02-27,2012-01-01,episode
DataLoch Lothian,observation_period,overall,Number of subjects,NA,2013-01-01 to 2013-12-31,875387,47.98,NA,years,First to last,2026-02-27,2012-01-01,episode
DataLoch Lothian,observation_period,overall,Age,NA,2013-01-01 to 2013-12-31,NA,NA,39,years,First to last,2026-02-27,2012-01-01,episode
DataLoch Lothian,observation_period,overall,Person-days,NA,2013-01-01 to 2013-12-31,295940670,7.06,NA,years,First to last,2026-02-27,2012-01-01,episode
DataLoch Lothian,observation_period,overall,Number of records,NA,2014-01-01 to 2014-12-31,894855,54.08,NA,years,First to last,2026-02-27,2012-01-01,episode
DataLoch Lothian,observation_period,overall,Number of subjects,NA,2014-01-01 to 2014-12-31,894855,49.05,NA,years,First to last,2026-02-27,2012-01-01,episode
DataLoch Lothian,observation_period,overall,Age,NA,2014-01-01 to 2014-12-31,NA,NA,40,years,First to last,2026-02-27,2012-01-01,episode
DataLoch Lothian,observation_period,overall,Person-days,NA,2014-01-01 to 2014-12-31,303641844,7.25,NA,years,First to last,2026-02-27,2012-01-01,episode
DataLoch Lothian,observation_period,overall,Number of records,NA,2015-01-01 to 2015-12-31,910580,55.03,NA,years,First to last,2026-02-27,2012-01-01,episode
DataLoch Lothian,observation_period,overall,Number of subjects,NA,2015-01-01 to 2015-12-31,910580,49.91,NA,years,First to last,2026-02-27,2012-01-01,episode
DataLoch Lothian,observation_period,overall,Age,NA,2015-01-01 to 2015-12-31,NA,NA,40,years,First to last,2026-02-27,2012-01-01,episode
DataLoch Lothian,observation_period,overall,Person-days,NA,2015-01-01 to 2015-12-31,309462317,7.39,NA,years,First to last,2026-02-27,2012-01-01,episode
DataLoch Lothian,observation_period,overall,Number of records,NA,2016-01-01 to 2016-12-31,921060,55.66,NA,years,First to last,2026-02-27,2012-01-01,episode
DataLoch Lothian,observation_period,overall,Number of subjects,NA,2016-01-01 to 2016-12-31,921060,50.49,NA,years,First to last,2026-02-27,2012-01-01,episode
DataLoch Lothian,observation_period,overall,Age,NA,2016-01-01 to 2016-12-31,NA,NA,40,years,First to last,2026-02-27,2012-01-01,episode
DataLoch Lothian,observation_period,overall,Person-days,NA,2016-01-01 to 2016-12-31,314538472,7.51,NA,years,First to last,2026-02-27,2012-01-01,episode
DataLoch Lothian,observation_period,overall,Number of records,NA,2017-01-01 to 2017-12-31,926161,55.97,NA,years,First to last,2026-02-27,2012-01-01,episode
DataLoch Lothian,observation_period,overall,Number of subjects,NA,2017-01-01 to 2017-12-31,926161,50.77,NA,years,First to last,2026-02-27,2012-01-01,episode
DataLoch Lothian,observation_period,overall,Age,NA,2017-01-01 to 2017-12-31,NA,NA,40,years,First to last,2026-02-27,2012-01-01,episode
DataLoch Lothian,observation_period,overall,Person-days,NA,2017-01-01 to 2017-12-31,315821223,7.54,NA,years,First to last,2026-02-27,2012-01-01,episode
DataLoch Lothian,observation_period,overall,Number of records,NA,2018-01-01 to 2018-12-31,928738,56.13,NA,years,First to last,2026-02-27,2012-01-01,episode
DataLoch Lothian,observation_period,overall,Number of subjects,NA,2018-01-01 to 2018-12-31,928738,50.91,NA,years,First to last,2026-02-27,2012-01-01,episode
DataLoch Lothian,observation_period,overall,Age,NA,2018-01-01 to 2018-12-31,NA,NA,40,years,First to last,2026-02-27,2012-01-01,episode
DataLoch Lothian,observation_period,overall,Person-days,NA,2018-01-01 to 2018-12-31,316551281,7.56,NA,years,First to last,2026-02-27,2012-01-01,episode
DataLoch Lothian,observation_period,overall,Number of records,NA,2019-01-01 to 2019-12-31,930076,56.21,NA,years,First to last,2026-02-27,2012-01-01,episode
DataLoch Lothian,observation_period,overall,Number of subjects,NA,2019-01-01 to 2019-12-31,930076,50.98,NA,years,First to last,2026-02-27,2012-01-01,episode
DataLoch Lothian,observation_period,overall,Age,NA,2019-01-01 to 2019-12-31,NA,NA,40,years,First to last,2026-02-27,2012-01-01,episode
DataLoch Lothian,observation_period,overall,Person-days,NA,2019-01-01 to 2019-12-31,315776468,7.54,NA,years,First to last,2026-02-27,2012-01-01,episode
DataLoch Lothian,observation_period,overall,Number of records,NA,2020-01-01 to 2020-12-31,901958,54.51,NA,years,First to last,2026-02-27,2012-01-01,episode
DataLoch Lothian,observation_period,overall,Number of subjects,NA,2020-01-01 to 2020-12-31,901958,49.44,NA,years,First to last,2026-02-27,2012-01-01,episode
DataLoch Lothian,observation_period,overall,Age,NA,2020-01-01 to 2020-12-31,NA,NA,41,years,First to last,2026-02-27,2012-01-01,episode
DataLoch Lothian,observation_period,overall,Person-days,NA,2020-01-01 to 2020-12-31,312887022,7.47,NA,years,First to last,2026-02-27,2012-01-01,episode
DataLoch Lothian,observation_period,overall,Number of records,NA,2021-01-01 to 2021-12-31,903027,54.57,NA,years,First to last,2026-02-27,2012-01-01,episode
DataLoch Lothian,observation_period,overall,Number of subjects,NA,2021-01-01 to 2021-12-31,903027,49.5,NA,years,First to last,2026-02-27,2012-01-01,episode
DataLoch Lothian,observation_period,overall,Age,NA,2021-01-01 to 2021-12-31,NA,NA,41,years,First to last,2026-02-27,2012-01-01,episode
DataLoch Lothian,observation_period,overall,Person-days,NA,2021-01-01 to 2021-12-31,309669617,7.39,NA,years,First to last,2026-02-27,2012-01-01,episode
DataLoch Lothian,observation_period,overall,Number of records,NA,2022-01-01 to 2022-12-31,905281,54.71,NA,years,First to last,2026-02-27,2012-01-01,episode
DataLoch Lothian,observation_period,overall,Number of subjects,NA,2022-01-01 to 2022-12-31,905281,49.62,NA,years,First to last,2026-02-27,2012-01-01,episode
DataLoch Lothian,observation_period,overall,Age,NA,2022-01-01 to 2022-12-31,NA,NA,41,years,First to last,2026-02-27,2012-01-01,episode
DataLoch Lothian,observation_period,overall,Person-days,NA,2022-01-01 to 2022-12-31,307345039,7.34,NA,years,First to last,2026-02-27,2012-01-01,episode
DataLoch Lothian,observation_period,overall,Number of records,NA,2023-01-01 to 2023-12-31,901320,54.47,NA,years,First to last,2026-02-27,2012-01-01,episode
DataLoch Lothian,observation_period,overall,Number of subjects,NA,2023-01-01 to 2023-12-31,901320,49.41,NA,years,First to last,2026-02-27,2012-01-01,episode
DataLoch Lothian,observation_period,overall,Age,NA,2023-01-01 to 2023-12-31,NA,NA,41,years,First to last,2026-02-27,2012-01-01,episode
DataLoch Lothian,observation_period,overall,Person-days,NA,2023-01-01 to 2023-12-31,300878057,7.18,NA,years,First to last,2026-02-27,2012-01-01,episode
DataLoch Lothian,observation_period,overall,Number of records,NA,2024-01-01 to 2024-12-31,870656,52.62,NA,years,First to last,2026-02-27,2012-01-01,episode
DataLoch Lothian,observation_period,overall,Number of subjects,NA,2024-01-01 to 2024-12-31,870656,47.72,NA,years,First to last,2026-02-27,2012-01-01,episode
DataLoch Lothian,observation_period,overall,Age,NA,2024-01-01 to 2024-12-31,NA,NA,42,years,First to last,2026-02-27,2012-01-01,episode
DataLoch Lothian,observation_period,overall,Person-days,NA,2024-01-01 to 2024-12-31,283477908,6.77,NA,years,First to last,2026-02-27,2012-01-01,episode
DataLoch Lothian,observation_period,overall,Number of records,NA,2025-01-01 to 2025-12-31,779705,47.12,NA,years,First to last,2026-02-27,2012-01-01,episode
DataLoch Lothian,observation_period,overall,Number of subjects,NA,2025-01-01 to 2025-12-31,779705,42.74,NA,years,First to last,2026-02-27,2012-01-01,episode
DataLoch Lothian,observation_period,overall,Age,NA,2025-01-01 to 2025-12-31,NA,NA,44,years,First to last,2026-02-27,2012-01-01,episode
DataLoch Lothian,observation_period,overall,Person-days,NA,2025-01-01 to 2025-12-31,216652277,5.17,NA,years,First to last,2026-02-27,2012-01-01,episode
DataLoch Lothian,observation_period,overall,Number of records,NA,2026-01-01 to 2026-12-31,23954,1.45,NA,years,First to last,2026-02-27,2012-01-01,episode
DataLoch Lothian,observation_period,overall,Number of subjects,NA,2026-01-01 to 2026-12-31,23954,1.31,NA,years,First to last,2026-02-27,2012-01-01,episode
DataLoch Lothian,observation_period,overall,Age,NA,2026-01-01 to 2026-12-31,NA,NA,54,years,First to last,2026-02-27,2012-01-01,episode
DataLoch Lothian,observation_period,overall,Person-days,NA,2026-01-01 to 2026-12-31,943377,0.02,NA,years,First to last,2026-02-27,2012-01-01,episode
DataLoch Lothian,observation_period,overall,Number of records,NA,overall,1654690,100,NA,years,First to last,2026-02-27,2012-01-01,episode
DataLoch Lothian,observation_period,overall,Number of subjects,NA,overall,1654690,90.7,NA,years,First to last,2026-02-27,2012-01-01,episode
DataLoch Lothian,observation_period,overall,Age,NA,overall,NA,NA,33,years,First to last,2026-02-27,2012-01-01,episode
DataLoch Lothian,observation_period,overall,Person-days,NA,overall,NA,100,NA,years,First to last,2026-02-27,2012-01-01,episode
DataLoch Lothian,observation_period,overall,Number of records,NA,2012-01-01 to 2012-12-31,3154270,7.3,NA,years,Ongoing,2026-02-27,2012-01-01,episode
DataLoch Lothian,observation_period,overall,Number of subjects,NA,2012-01-01 to 2012-12-31,714880,39.19,NA,years,Ongoing,2026-02-27,2012-01-01,episode
DataLoch Lothian,observation_period,overall,Age,NA,2012-01-01 to 2012-12-31,NA,NA,50,years,Ongoing,2026-02-27,2012-01-01,episode
DataLoch Lothian,observation_period,overall,Person-days,NA,2012-01-01 to 2012-12-31,95091215,6.56,NA,years,Ongoing,2026-02-27,2012-01-01,episode
DataLoch Lothian,observation_period,overall,Number of records,NA,2013-01-01 to 2013-12-31,3207624,7.42,NA,years,Ongoing,2026-02-27,2012-01-01,episode
DataLoch Lothian,observation_period,overall,Number of subjects,NA,2013-01-01 to 2013-12-31,720817,39.51,NA,years,Ongoing,2026-02-27,2012-01-01,episode
DataLoch Lothian,observation_period,overall,Age,NA,2013-01-01 to 2013-12-31,NA,NA,50,years,Ongoing,2026-02-27,2012-01-01,episode
DataLoch Lothian,observation_period,overall,Person-days,NA,2013-01-01 to 2013-12-31,96829107,6.68,NA,years,Ongoing,2026-02-27,2012-01-01,episode
DataLoch Lothian,observation_period,overall,Number of records,NA,2014-01-01 to 2014-12-31,3270584,7.57,NA,years,Ongoing,2026-02-27,2012-01-01,episode
DataLoch Lothian,observation_period,overall,Number of subjects,NA,2014-01-01 to 2014-12-31,726569,39.83,NA,years,Ongoing,2026-02-27,2012-01-01,episode
DataLoch Lothian,observation_period,overall,Age,NA,2014-01-01 to 2014-12-31,NA,NA,50,years,Ongoing,2026-02-27,2012-01-01,episode
DataLoch Lothian,observation_period,overall,Person-days,NA,2014-01-01 to 2014-12-31,98619856,6.81,NA,years,Ongoing,2026-02-27,2012-01-01,episode
DataLoch Lothian,observation_period,overall,Number of records,NA,2015-01-01 to 2015-12-31,3329606,7.71,NA,years,Ongoing,2026-02-27,2012-01-01,episode
DataLoch Lothian,observation_period,overall,Number of subjects,NA,2015-01-01 to 2015-12-31,734903,40.28,NA,years,Ongoing,2026-02-27,2012-01-01,episode
DataLoch Lothian,observation_period,overall,Age,NA,2015-01-01 to 2015-12-31,NA,NA,51,years,Ongoing,2026-02-27,2012-01-01,episode
DataLoch Lothian,observation_period,overall,Person-days,NA,2015-01-01 to 2015-12-31,100188595,6.91,NA,years,Ongoing,2026-02-27,2012-01-01,episode
DataLoch Lothian,observation_period,overall,Number of records,NA,2016-01-01 to 2016-12-31,3343062,7.74,NA,years,Ongoing,2026-02-27,2012-01-01,episode
DataLoch Lothian,observation_period,overall,Number of subjects,NA,2016-01-01 to 2016-12-31,738928,40.5,NA,years,Ongoing,2026-02-27,2012-01-01,episode
DataLoch Lothian,observation_period,overall,Age,NA,2016-01-01 to 2016-12-31,NA,NA,51,years,Ongoing,2026-02-27,2012-01-01,episode
DataLoch Lothian,observation_period,overall,Person-days,NA,2016-01-01 to 2016-12-31,101646640,7.01,NA,years,Ongoing,2026-02-27,2012-01-01,episode
DataLoch Lothian,observation_period,overall,Number of records,NA,2017-01-01 to 2017-12-31,3327128,7.7,NA,years,Ongoing,2026-02-27,2012-01-01,episode
DataLoch Lothian,observation_period,overall,Number of subjects,NA,2017-01-01 to 2017-12-31,736670,40.38,NA,years,Ongoing,2026-02-27,2012-01-01,episode
DataLoch Lothian,observation_period,overall,Age,NA,2017-01-01 to 2017-12-31,NA,NA,51,years,Ongoing,2026-02-27,2012-01-01,episode
DataLoch Lothian,observation_period,overall,Person-days,NA,2017-01-01 to 2017-12-31,101131599,6.98,NA,years,Ongoing,2026-02-27,2012-01-01,episode
DataLoch Lothian,observation_period,overall,Number of records,NA,2018-01-01 to 2018-12-31,3337501,7.72,NA,years,Ongoing,2026-02-27,2012-01-01,episode
DataLoch Lothian,observation_period,overall,Number of subjects,NA,2018-01-01 to 2018-12-31,738135,40.46,NA,years,Ongoing,2026-02-27,2012-01-01,episode
DataLoch Lothian,observation_period,overall,Age,NA,2018-01-01 to 2018-12-31,NA,NA,52,years,Ongoing,2026-02-27,2012-01-01,episode
DataLoch Lothian,observation_period,overall,Person-days,NA,2018-01-01 to 2018-12-31,101262202,6.99,NA,years,Ongoing,2026-02-27,2012-01-01,episode
DataLoch Lothian,observation_period,overall,Number of records,NA,2019-01-01 to 2019-12-31,3384718,7.83,NA,years,Ongoing,2026-02-27,2012-01-01,episode
DataLoch Lothian,observation_period,overall,Number of subjects,NA,2019-01-01 to 2019-12-31,747196,40.96,NA,years,Ongoing,2026-02-27,2012-01-01,episode
DataLoch Lothian,observation_period,overall,Age,NA,2019-01-01 to 2019-12-31,NA,NA,52,years,Ongoing,2026-02-27,2012-01-01,episode
DataLoch Lothian,observation_period,overall,Person-days,NA,2019-01-01 to 2019-12-31,102873066,7.1,NA,years,Ongoing,2026-02-27,2012-01-01,episode
DataLoch Lothian,observation_period,overall,Number of records,NA,2020-01-01 to 2020-12-31,3205579,7.42,NA,years,Ongoing,2026-02-27,2012-01-01,episode
DataLoch Lothian,observation_period,overall,Number of subjects,NA,2020-01-01 to 2020-12-31,694867,38.09,NA,years,Ongoing,2026-02-27,2012-01-01,episode
DataLoch Lothian,observation_period,overall,Age,NA,2020-01-01 to 2020-12-31,NA,NA,53,years,Ongoing,2026-02-27,2012-01-01,episode
DataLoch Lothian,observation_period,overall,Person-days,NA,2020-01-01 to 2020-12-31,100513986,6.94,NA,years,Ongoing,2026-02-27,2012-01-01,episode
DataLoch Lothian,observation_period,overall,Number of records,NA,2021-01-01 to 2021-12-31,3307066,7.65,NA,years,Ongoing,2026-02-27,2012-01-01,episode
DataLoch Lothian,observation_period,overall,Number of subjects,NA,2021-01-01 to 2021-12-31,713268,39.1,NA,years,Ongoing,2026-02-27,2012-01-01,episode
DataLoch Lothian,observation_period,overall,Age,NA,2021-01-01 to 2021-12-31,NA,NA,53,years,Ongoing,2026-02-27,2012-01-01,episode
DataLoch Lothian,observation_period,overall,Person-days,NA,2021-01-01 to 2021-12-31,102864266,7.1,NA,years,Ongoing,2026-02-27,2012-01-01,episode
DataLoch Lothian,observation_period,overall,Number of records,NA,2022-01-01 to 2022-12-31,3446652,7.98,NA,years,Ongoing,2026-02-27,2012-01-01,episode
DataLoch Lothian,observation_period,overall,Number of subjects,NA,2022-01-01 to 2022-12-31,747026,40.95,NA,years,Ongoing,2026-02-27,2012-01-01,episode
DataLoch Lothian,observation_period,overall,Age,NA,2022-01-01 to 2022-12-31,NA,NA,52,years,Ongoing,2026-02-27,2012-01-01,episode
DataLoch Lothian,observation_period,overall,Person-days,NA,2022-01-01 to 2022-12-31,106571852,7.35,NA,years,Ongoing,2026-02-27,2012-01-01,episode
DataLoch Lothian,observation_period,overall,Number of records,NA,2023-01-01 to 2023-12-31,3593965,8.32,NA,years,Ongoing,2026-02-27,2012-01-01,episode
DataLoch Lothian,observation_period,overall,Number of subjects,NA,2023-01-01 to 2023-12-31,779542,42.73,NA,years,Ongoing,2026-02-27,2012-01-01,episode
DataLoch Lothian,observation_period,overall,Age,NA,2023-01-01 to 2023-12-31,NA,NA,52,years,Ongoing,2026-02-27,2012-01-01,episode
DataLoch Lothian,observation_period,overall,Person-days,NA,2023-01-01 to 2023-12-31,111373035,7.69,NA,years,Ongoing,2026-02-27,2012-01-01,episode
DataLoch Lothian,observation_period,overall,Number of records,NA,2024-01-01 to 2024-12-31,3720739,8.61,NA,years,Ongoing,2026-02-27,2012-01-01,episode
DataLoch Lothian,observation_period,overall,Number of subjects,NA,2024-01-01 to 2024-12-31,796473,43.66,NA,years,Ongoing,2026-02-27,2012-01-01,episode
DataLoch Lothian,observation_period,overall,Age,NA,2024-01-01 to 2024-12-31,NA,NA,52,years,Ongoing,2026-02-27,2012-01-01,episode
DataLoch Lothian,observation_period,overall,Person-days,NA,2024-01-01 to 2024-12-31,116116839,8.01,NA,years,Ongoing,2026-02-27,2012-01-01,episode
DataLoch Lothian,observation_period,overall,Number of records,NA,2025-01-01 to 2025-12-31,3411158,7.89,NA,years,Ongoing,2026-02-27,2012-01-01,episode
DataLoch Lothian,observation_period,overall,Number of subjects,NA,2025-01-01 to 2025-12-31,778751,42.69,NA,years,Ongoing,2026-02-27,2012-01-01,episode
DataLoch Lothian,observation_period,overall,Age,NA,2025-01-01 to 2025-12-31,NA,NA,52,years,Ongoing,2026-02-27,2012-01-01,episode
DataLoch Lothian,observation_period,overall,Person-days,NA,2025-01-01 to 2025-12-31,113402414,7.83,NA,years,Ongoing,2026-02-27,2012-01-01,episode
DataLoch Lothian,observation_period,overall,Number of records,NA,2026-01-01 to 2026-12-31,24876,0.06,NA,years,Ongoing,2026-02-27,2012-01-01,episode
DataLoch Lothian,observation_period,overall,Number of subjects,NA,2026-01-01 to 2026-12-31,23954,1.31,NA,years,Ongoing,2026-02-27,2012-01-01,episode
DataLoch Lothian,observation_period,overall,Age,NA,2026-01-01 to 2026-12-31,NA,NA,54,years,Ongoing,2026-02-27,2012-01-01,episode
DataLoch Lothian,observation_period,overall,Person-days,NA,2026-01-01 to 2026-12-31,593167,0.04,NA,years,Ongoing,2026-02-27,2012-01-01,episode
DataLoch Lothian,observation_period,overall,Number of records,NA,overall,43210092,100,NA,years,Ongoing,2026-02-27,2012-01-01,episode
DataLoch Lothian,observation_period,overall,Number of subjects,NA,overall,1654690,90.7,NA,years,Ongoing,2026-02-27,2012-01-01,episode
DataLoch Lothian,observation_period,overall,Age,NA,overall,NA,NA,51,years,Ongoing,2026-02-27,2012-01-01,episode
DataLoch Lothian,observation_period,overall,Person-days,NA,overall,1449077839,100,NA,years,Ongoing,2026-02-27,2012-01-01,episode
DataLoch Lothian,observation_period,overall,Number of records,NA,2012-01-01 to 2012-12-31,714880,23.63,NA,years,Collapse 365,2026-02-27,2012-01-01,episode
DataLoch Lothian,observation_period,overall,Number of subjects,NA,2012-01-01 to 2012-12-31,714880,39.19,NA,years,Collapse 365,2026-02-27,2012-01-01,episode
DataLoch Lothian,observation_period,overall,Age,NA,2012-01-01 to 2012-12-31,NA,NA,41,years,Collapse 365,2026-02-27,2012-01-01,episode
DataLoch Lothian,observation_period,overall,Person-days,NA,2012-01-01 to 2012-12-31,196726336,6.87,NA,years,Collapse 365,2026-02-27,2012-01-01,episode
DataLoch Lothian,observation_period,overall,Number of records,NA,2013-01-01 to 2013-12-31,720817,23.83,NA,years,Collapse 365,2026-02-27,2012-01-01,episode
DataLoch Lothian,observation_period,overall,Number of subjects,NA,2013-01-01 to 2013-12-31,720817,39.51,NA,years,Collapse 365,2026-02-27,2012-01-01,episode
DataLoch Lothian,observation_period,overall,Age,NA,2013-01-01 to 2013-12-31,NA,NA,41,years,Collapse 365,2026-02-27,2012-01-01,episode
DataLoch Lothian,observation_period,overall,Person-days,NA,2013-01-01 to 2013-12-31,199005747,6.95,NA,years,Collapse 365,2026-02-27,2012-01-01,episode
DataLoch Lothian,observation_period,overall,Number of records,NA,2014-01-01 to 2014-12-31,726569,24.02,NA,years,Collapse 365,2026-02-27,2012-01-01,episode
DataLoch Lothian,observation_period,overall,Number of subjects,NA,2014-01-01 to 2014-12-31,726569,39.83,NA,years,Collapse 365,2026-02-27,2012-01-01,episode
DataLoch Lothian,observation_period,overall,Age,NA,2014-01-01 to 2014-12-31,NA,NA,42,years,Collapse 365,2026-02-27,2012-01-01,episode
DataLoch Lothian,observation_period,overall,Person-days,NA,2014-01-01 to 2014-12-31,201246938,7.03,NA,years,Collapse 365,2026-02-27,2012-01-01,episode
DataLoch Lothian,observation_period,overall,Number of records,NA,2015-01-01 to 2015-12-31,734903,24.29,NA,years,Collapse 365,2026-02-27,2012-01-01,episode
DataLoch Lothian,observation_period,overall,Number of subjects,NA,2015-01-01 to 2015-12-31,734903,40.28,NA,years,Collapse 365,2026-02-27,2012-01-01,episode
DataLoch Lothian,observation_period,overall,Age,NA,2015-01-01 to 2015-12-31,NA,NA,42,years,Collapse 365,2026-02-27,2012-01-01,episode
DataLoch Lothian,observation_period,overall,Person-days,NA,2015-01-01 to 2015-12-31,203580558,7.11,NA,years,Collapse 365,2026-02-27,2012-01-01,episode
DataLoch Lothian,observation_period,overall,Number of records,NA,2016-01-01 to 2016-12-31,738928,24.43,NA,years,Collapse 365,2026-02-27,2012-01-01,episode
DataLoch Lothian,observation_period,overall,Number of subjects,NA,2016-01-01 to 2016-12-31,738928,40.5,NA,years,Collapse 365,2026-02-27,2012-01-01,episode
DataLoch Lothian,observation_period,overall,Age,NA,2016-01-01 to 2016-12-31,NA,NA,42,years,Collapse 365,2026-02-27,2012-01-01,episode
DataLoch Lothian,observation_period,overall,Person-days,NA,2016-01-01 to 2016-12-31,205206151,7.17,NA,years,Collapse 365,2026-02-27,2012-01-01,episode
DataLoch Lothian,observation_period,overall,Number of records,NA,2017-01-01 to 2017-12-31,736670,24.35,NA,years,Collapse 365,2026-02-27,2012-01-01,episode
DataLoch Lothian,observation_period,overall,Number of subjects,NA,2017-01-01 to 2017-12-31,736670,40.38,NA,years,Collapse 365,2026-02-27,2012-01-01,episode
DataLoch Lothian,observation_period,overall,Age,NA,2017-01-01 to 2017-12-31,NA,NA,42,years,Collapse 365,2026-02-27,2012-01-01,episode
DataLoch Lothian,observation_period,overall,Person-days,NA,2017-01-01 to 2017-12-31,204397205,7.14,NA,years,Collapse 365,2026-02-27,2012-01-01,episode
DataLoch Lothian,observation_period,overall,Number of records,NA,2018-01-01 to 2018-12-31,738135,24.4,NA,years,Collapse 365,2026-02-27,2012-01-01,episode
DataLoch Lothian,observation_period,overall,Number of subjects,NA,2018-01-01 to 2018-12-31,738135,40.46,NA,years,Collapse 365,2026-02-27,2012-01-01,episode
DataLoch Lothian,observation_period,overall,Age,NA,2018-01-01 to 2018-12-31,NA,NA,43,years,Collapse 365,2026-02-27,2012-01-01,episode
DataLoch Lothian,observation_period,overall,Person-days,NA,2018-01-01 to 2018-12-31,204558376,7.15,NA,years,Collapse 365,2026-02-27,2012-01-01,episode
DataLoch Lothian,observation_period,overall,Number of records,NA,2019-01-01 to 2019-12-31,747196,24.7,NA,years,Collapse 365,2026-02-27,2012-01-01,episode
DataLoch Lothian,observation_period,overall,Number of subjects,NA,2019-01-01 to 2019-12-31,747196,40.96,NA,years,Collapse 365,2026-02-27,2012-01-01,episode
DataLoch Lothian,observation_period,overall,Age,NA,2019-01-01 to 2019-12-31,NA,NA,43,years,Collapse 365,2026-02-27,2012-01-01,episode
DataLoch Lothian,observation_period,overall,Person-days,NA,2019-01-01 to 2019-12-31,204948092,7.16,NA,years,Collapse 365,2026-02-27,2012-01-01,episode
DataLoch Lothian,observation_period,overall,Number of records,NA,2020-01-01 to 2020-12-31,694867,22.97,NA,years,Collapse 365,2026-02-27,2012-01-01,episode
DataLoch Lothian,observation_period,overall,Number of subjects,NA,2020-01-01 to 2020-12-31,694867,38.09,NA,years,Collapse 365,2026-02-27,2012-01-01,episode
DataLoch Lothian,observation_period,overall,Age,NA,2020-01-01 to 2020-12-31,NA,NA,44,years,Collapse 365,2026-02-27,2012-01-01,episode
DataLoch Lothian,observation_period,overall,Person-days,NA,2020-01-01 to 2020-12-31,195725804,6.84,NA,years,Collapse 365,2026-02-27,2012-01-01,episode
DataLoch Lothian,observation_period,overall,Number of records,NA,2021-01-01 to 2021-12-31,713268,23.58,NA,years,Collapse 365,2026-02-27,2012-01-01,episode
DataLoch Lothian,observation_period,overall,Number of subjects,NA,2021-01-01 to 2021-12-31,713268,39.1,NA,years,Collapse 365,2026-02-27,2012-01-01,episode
DataLoch Lothian,observation_period,overall,Age,NA,2021-01-01 to 2021-12-31,NA,NA,44,years,Collapse 365,2026-02-27,2012-01-01,episode
DataLoch Lothian,observation_period,overall,Person-days,NA,2021-01-01 to 2021-12-31,198180872,6.93,NA,years,Collapse 365,2026-02-27,2012-01-01,episode
DataLoch Lothian,observation_period,overall,Number of records,NA,2022-01-01 to 2022-12-31,747026,24.7,NA,years,Collapse 365,2026-02-27,2012-01-01,episode
DataLoch Lothian,observation_period,overall,Number of subjects,NA,2022-01-01 to 2022-12-31,747026,40.95,NA,years,Collapse 365,2026-02-27,2012-01-01,episode
DataLoch Lothian,observation_period,overall,Age,NA,2022-01-01 to 2022-12-31,NA,NA,44,years,Collapse 365,2026-02-27,2012-01-01,episode
DataLoch Lothian,observation_period,overall,Person-days,NA,2022-01-01 to 2022-12-31,208976776,7.3,NA,years,Collapse 365,2026-02-27,2012-01-01,episode
DataLoch Lothian,observation_period,overall,Number of records,NA,2023-01-01 to 2023-12-31,779542,25.77,NA,years,Collapse 365,2026-02-27,2012-01-01,episode
DataLoch Lothian,observation_period,overall,Number of subjects,NA,2023-01-01 to 2023-12-31,779542,42.73,NA,years,Collapse 365,2026-02-27,2012-01-01,episode
DataLoch Lothian,observation_period,overall,Age,NA,2023-01-01 to 2023-12-31,NA,NA,43,years,Collapse 365,2026-02-27,2012-01-01,episode
DataLoch Lothian,observation_period,overall,Person-days,NA,2023-01-01 to 2023-12-31,218176692,7.62,NA,years,Collapse 365,2026-02-27,2012-01-01,episode
DataLoch Lothian,observation_period,overall,Number of records,NA,2024-01-01 to 2024-12-31,796473,26.33,NA,years,Collapse 365,2026-02-27,2012-01-01,episode
DataLoch Lothian,observation_period,overall,Number of subjects,NA,2024-01-01 to 2024-12-31,796473,43.66,NA,years,Collapse 365,2026-02-27,2012-01-01,episode
DataLoch Lothian,observation_period,overall,Age,NA,2024-01-01 to 2024-12-31,NA,NA,43,years,Collapse 365,2026-02-27,2012-01-01,episode
DataLoch Lothian,observation_period,overall,Person-days,NA,2024-01-01 to 2024-12-31,223698776,7.82,NA,years,Collapse 365,2026-02-27,2012-01-01,episode
DataLoch Lothian,observation_period,overall,Number of records,NA,2025-01-01 to 2025-12-31,778751,25.74,NA,years,Collapse 365,2026-02-27,2012-01-01,episode
DataLoch Lothian,observation_period,overall,Number of subjects,NA,2025-01-01 to 2025-12-31,778751,42.69,NA,years,Collapse 365,2026-02-27,2012-01-01,episode
DataLoch Lothian,observation_period,overall,Age,NA,2025-01-01 to 2025-12-31,NA,NA,44,years,Collapse 365,2026-02-27,2012-01-01,episode
DataLoch Lothian,observation_period,overall,Person-days,NA,2025-01-01 to 2025-12-31,196432350,6.86,NA,years,Collapse 365,2026-02-27,2012-01-01,episode
DataLoch Lothian,observation_period,overall,Number of records,NA,2026-01-01 to 2026-12-31,23954,0.79,NA,years,Collapse 365,2026-02-27,2012-01-01,episode
DataLoch Lothian,observation_period,overall,Number of subjects,NA,2026-01-01 to 2026-12-31,23954,1.31,NA,years,Collapse 365,2026-02-27,2012-01-01,episode
DataLoch Lothian,observation_period,overall,Age,NA,2026-01-01 to 2026-12-31,NA,NA,54,years,Collapse 365,2026-02-27,2012-01-01,episode
DataLoch Lothian,observation_period,overall,Person-days,NA,2026-01-01 to 2026-12-31,916105,0.03,NA,years,Collapse 365,2026-02-27,2012-01-01,episode
DataLoch Lothian,observation_period,overall,Number of records,NA,overall,3024957,100,NA,years,Collapse 365,2026-02-27,2012-01-01,episode
DataLoch Lothian,observation_period,overall,Number of subjects,NA,overall,1654690,90.7,NA,years,Collapse 365,2026-02-27,2012-01-01,episode
DataLoch Lothian,observation_period,overall,Age,NA,overall,NA,NA,32,years,Collapse 365,2026-02-27,2012-01-01,episode
DataLoch Lothian,observation_period,overall,Person-days,NA,overall,NA,100,NA,years,Collapse 365,2026-02-27,2012-01-01,episode
DataLoch Lothian,observation_period,overall,Number of records,NA,2012-01-01 to 2012-12-31,884826,27.69,NA,years,Persistence 365,2026-02-27,2012-01-01,episode
DataLoch Lothian,observation_period,overall,Number of subjects,NA,2012-01-01 to 2012-12-31,841634,46.13,NA,years,Persistence 365,2026-02-27,2012-01-01,episode
DataLoch Lothian,observation_period,overall,Age,NA,2012-01-01 to 2012-12-31,NA,NA,39,years,Persistence 365,2026-02-27,2012-01-01,episode
DataLoch Lothian,observation_period,overall,Person-days,NA,2012-01-01 to 2012-12-31,257814556,6.84,NA,years,Persistence 365,2026-02-27,2012-01-01,episode
DataLoch Lothian,observation_period,overall,Number of records,NA,2013-01-01 to 2013-12-31,883905,27.67,NA,years,Persistence 365,2026-02-27,2012-01-01,episode
DataLoch Lothian,observation_period,overall,Number of subjects,NA,2013-01-01 to 2013-12-31,841285,46.11,NA,years,Persistence 365,2026-02-27,2012-01-01,episode
DataLoch Lothian,observation_period,overall,Age,NA,2013-01-01 to 2013-12-31,NA,NA,39,years,Persistence 365,2026-02-27,2012-01-01,episode
DataLoch Lothian,observation_period,overall,Person-days,NA,2013-01-01 to 2013-12-31,258727585,6.86,NA,years,Persistence 365,2026-02-27,2012-01-01,episode
DataLoch Lothian,observation_period,overall,Number of records,NA,2014-01-01 to 2014-12-31,891000,27.89,NA,years,Persistence 365,2026-02-27,2012-01-01,episode
DataLoch Lothian,observation_period,overall,Number of subjects,NA,2014-01-01 to 2014-12-31,847943,46.48,NA,years,Persistence 365,2026-02-27,2012-01-01,episode
DataLoch Lothian,observation_period,overall,Age,NA,2014-01-01 to 2014-12-31,NA,NA,39,years,Persistence 365,2026-02-27,2012-01-01,episode
DataLoch Lothian,observation_period,overall,Person-days,NA,2014-01-01 to 2014-12-31,260629772,6.91,NA,years,Persistence 365,2026-02-27,2012-01-01,episode
DataLoch Lothian,observation_period,overall,Number of records,NA,2015-01-01 to 2015-12-31,897146,28.08,NA,years,Persistence 365,2026-02-27,2012-01-01,episode
DataLoch Lothian,observation_period,overall,Number of subjects,NA,2015-01-01 to 2015-12-31,854817,46.86,NA,years,Persistence 365,2026-02-27,2012-01-01,episode
DataLoch Lothian,observation_period,overall,Age,NA,2015-01-01 to 2015-12-31,NA,NA,39,years,Persistence 365,2026-02-27,2012-01-01,episode
DataLoch Lothian,observation_period,overall,Person-days,NA,2015-01-01 to 2015-12-31,263167730,6.98,NA,years,Persistence 365,2026-02-27,2012-01-01,episode
DataLoch Lothian,observation_period,overall,Number of records,NA,2016-01-01 to 2016-12-31,904185,28.3,NA,years,Persistence 365,2026-02-27,2012-01-01,episode
DataLoch Lothian,observation_period,overall,Number of subjects,NA,2016-01-01 to 2016-12-31,861521,47.22,NA,years,Persistence 365,2026-02-27,2012-01-01,episode
DataLoch Lothian,observation_period,overall,Age,NA,2016-01-01 to 2016-12-31,NA,NA,39,years,Persistence 365,2026-02-27,2012-01-01,episode
DataLoch Lothian,observation_period,overall,Person-days,NA,2016-01-01 to 2016-12-31,266189789,7.06,NA,years,Persistence 365,2026-02-27,2012-01-01,episode
DataLoch Lothian,observation_period,overall,Number of records,NA,2017-01-01 to 2017-12-31,906395,28.37,NA,years,Persistence 365,2026-02-27,2012-01-01,episode
DataLoch Lothian,observation_period,overall,Number of subjects,NA,2017-01-01 to 2017-12-31,863214,47.32,NA,years,Persistence 365,2026-02-27,2012-01-01,episode
DataLoch Lothian,observation_period,overall,Age,NA,2017-01-01 to 2017-12-31,NA,NA,39,years,Persistence 365,2026-02-27,2012-01-01,episode
DataLoch Lothian,observation_period,overall,Person-days,NA,2017-01-01 to 2017-12-31,265832205,7.05,NA,years,Persistence 365,2026-02-27,2012-01-01,episode
DataLoch Lothian,observation_period,overall,Number of records,NA,2018-01-01 to 2018-12-31,905963,28.36,NA,years,Persistence 365,2026-02-27,2012-01-01,episode
DataLoch Lothian,observation_period,overall,Number of subjects,NA,2018-01-01 to 2018-12-31,864004,47.36,NA,years,Persistence 365,2026-02-27,2012-01-01,episode
DataLoch Lothian,observation_period,overall,Age,NA,2018-01-01 to 2018-12-31,NA,NA,40,years,Persistence 365,2026-02-27,2012-01-01,episode
DataLoch Lothian,observation_period,overall,Person-days,NA,2018-01-01 to 2018-12-31,265453999,7.04,NA,years,Persistence 365,2026-02-27,2012-01-01,episode
DataLoch Lothian,observation_period,overall,Number of records,NA,2019-01-01 to 2019-12-31,914257,28.62,NA,years,Persistence 365,2026-02-27,2012-01-01,episode
DataLoch Lothian,observation_period,overall,Number of subjects,NA,2019-01-01 to 2019-12-31,870673,47.73,NA,years,Persistence 365,2026-02-27,2012-01-01,episode
DataLoch Lothian,observation_period,overall,Age,NA,2019-01-01 to 2019-12-31,NA,NA,40,years,Persistence 365,2026-02-27,2012-01-01,episode
DataLoch Lothian,observation_period,overall,Person-days,NA,2019-01-01 to 2019-12-31,267455330,7.09,NA,years,Persistence 365,2026-02-27,2012-01-01,episode
DataLoch Lothian,observation_period,overall,Number of records,NA,2020-01-01 to 2020-12-31,881350,27.59,NA,years,Persistence 365,2026-02-27,2012-01-01,episode
DataLoch Lothian,observation_period,overall,Number of subjects,NA,2020-01-01 to 2020-12-31,844173,46.27,NA,years,Persistence 365,2026-02-27,2012-01-01,episode
DataLoch Lothian,observation_period,overall,Age,NA,2020-01-01 to 2020-12-31,NA,NA,41,years,Persistence 365,2026-02-27,2012-01-01,episode
DataLoch Lothian,observation_period,overall,Person-days,NA,2020-01-01 to 2020-12-31,262115075,6.95,NA,years,Persistence 365,2026-02-27,2012-01-01,episode
DataLoch Lothian,observation_period,overall,Number of records,NA,2021-01-01 to 2021-12-31,868609,27.19,NA,years,Persistence 365,2026-02-27,2012-01-01,episode
DataLoch Lothian,observation_period,overall,Number of subjects,NA,2021-01-01 to 2021-12-31,821996,45.06,NA,years,Persistence 365,2026-02-27,2012-01-01,episode
DataLoch Lothian,observation_period,overall,Age,NA,2021-01-01 to 2021-12-31,NA,NA,41,years,Persistence 365,2026-02-27,2012-01-01,episode
DataLoch Lothian,observation_period,overall,Person-days,NA,2021-01-01 to 2021-12-31,249239437,6.61,NA,years,Persistence 365,2026-02-27,2012-01-01,episode
DataLoch Lothian,observation_period,overall,Number of records,NA,2022-01-01 to 2022-12-31,891086,27.89,NA,years,Persistence 365,2026-02-27,2012-01-01,episode
DataLoch Lothian,observation_period,overall,Number of subjects,NA,2022-01-01 to 2022-12-31,851575,46.68,NA,years,Persistence 365,2026-02-27,2012-01-01,episode
DataLoch Lothian,observation_period,overall,Age,NA,2022-01-01 to 2022-12-31,NA,NA,41,years,Persistence 365,2026-02-27,2012-01-01,episode
DataLoch Lothian,observation_period,overall,Person-days,NA,2022-01-01 to 2022-12-31,262199454,6.96,NA,years,Persistence 365,2026-02-27,2012-01-01,episode
DataLoch Lothian,observation_period,overall,Number of records,NA,2023-01-01 to 2023-12-31,925888,28.98,NA,years,Persistence 365,2026-02-27,2012-01-01,episode
DataLoch Lothian,observation_period,overall,Number of subjects,NA,2023-01-01 to 2023-12-31,887691,48.66,NA,years,Persistence 365,2026-02-27,2012-01-01,episode
DataLoch Lothian,observation_period,overall,Age,NA,2023-01-01 to 2023-12-31,NA,NA,41,years,Persistence 365,2026-02-27,2012-01-01,episode
DataLoch Lothian,observation_period,overall,Person-days,NA,2023-01-01 to 2023-12-31,275719470,7.31,NA,years,Persistence 365,2026-02-27,2012-01-01,episode
DataLoch Lothian,observation_period,overall,Number of records,NA,2024-01-01 to 2024-12-31,960361,30.06,NA,years,Persistence 365,2026-02-27,2012-01-01,episode
DataLoch Lothian,observation_period,overall,Number of subjects,NA,2024-01-01 to 2024-12-31,916358,50.23,NA,years,Persistence 365,2026-02-27,2012-01-01,episode
DataLoch Lothian,observation_period,overall,Age,NA,2024-01-01 to 2024-12-31,NA,NA,41,years,Persistence 365,2026-02-27,2012-01-01,episode
DataLoch Lothian,observation_period,overall,Person-days,NA,2024-01-01 to 2024-12-31,284563785,7.55,NA,years,Persistence 365,2026-02-27,2012-01-01,episode
DataLoch Lothian,observation_period,overall,Number of records,NA,2025-01-01 to 2025-12-31,952114,29.8,NA,years,Persistence 365,2026-02-27,2012-01-01,episode
DataLoch Lothian,observation_period,overall,Number of subjects,NA,2025-01-01 to 2025-12-31,914163,50.11,NA,years,Persistence 365,2026-02-27,2012-01-01,episode
DataLoch Lothian,observation_period,overall,Age,NA,2025-01-01 to 2025-12-31,NA,NA,41,years,Persistence 365,2026-02-27,2012-01-01,episode
DataLoch Lothian,observation_period,overall,Person-days,NA,2025-01-01 to 2025-12-31,286516158,7.6,NA,years,Persistence 365,2026-02-27,2012-01-01,episode
DataLoch Lothian,observation_period,overall,Number of records,NA,2026-01-01 to 2026-12-31,770514,24.12,NA,years,Persistence 365,2026-02-27,2012-01-01,episode
DataLoch Lothian,observation_period,overall,Number of subjects,NA,2026-01-01 to 2026-12-31,770461,42.23,NA,years,Persistence 365,2026-02-27,2012-01-01,episode
DataLoch Lothian,observation_period,overall,Age,NA,2026-01-01 to 2026-12-31,NA,NA,45,years,Persistence 365,2026-02-27,2012-01-01,episode
DataLoch Lothian,observation_period,overall,Person-days,NA,2026-01-01 to 2026-12-31,44066361,1.17,NA,years,Persistence 365,2026-02-27,2012-01-01,episode
DataLoch Lothian,observation_period,overall,Number of records,NA,overall,3194903,100,NA,years,Persistence 365,2026-02-27,2012-01-01,episode
DataLoch Lothian,observation_period,overall,Number of subjects,NA,overall,1705977,93.51,NA,years,Persistence 365,2026-02-27,2012-01-01,episode
DataLoch Lothian,observation_period,overall,Age,NA,overall,NA,NA,32,years,Persistence 365,2026-02-27,2012-01-01,episode
DataLoch Lothian,observation_period,overall,Person-days,NA,overall,NA,100,NA,years,Persistence 365,2026-02-27,2012-01-01,episode
DataLoch Lothian,observation_period,overall,Number of records,NA,2012-01-01 to 2012-12-31,738819,33.66,NA,years,Collapse 730,2026-02-27,2012-01-01,episode
DataLoch Lothian,observation_period,overall,Number of subjects,NA,2012-01-01 to 2012-12-31,738819,40.5,NA,years,Collapse 730,2026-02-27,2012-01-01,episode
DataLoch Lothian,observation_period,overall,Age,NA,2012-01-01 to 2012-12-31,NA,NA,41,years,Collapse 730,2026-02-27,2012-01-01,episode
DataLoch Lothian,observation_period,overall,Person-days,NA,2012-01-01 to 2012-12-31,230107667,6.98,NA,years,Collapse 730,2026-02-27,2012-01-01,episode
DataLoch Lothian,observation_period,overall,Number of records,NA,2013-01-01 to 2013-12-31,744766,33.93,NA,years,Collapse 730,2026-02-27,2012-01-01,episode
DataLoch Lothian,observation_period,overall,Number of subjects,NA,2013-01-01 to 2013-12-31,744766,40.82,NA,years,Collapse 730,2026-02-27,2012-01-01,episode
DataLoch Lothian,observation_period,overall,Age,NA,2013-01-01 to 2013-12-31,NA,NA,41,years,Collapse 730,2026-02-27,2012-01-01,episode
DataLoch Lothian,observation_period,overall,Person-days,NA,2013-01-01 to 2013-12-31,232193101,7.04,NA,years,Collapse 730,2026-02-27,2012-01-01,episode
DataLoch Lothian,observation_period,overall,Number of records,NA,2014-01-01 to 2014-12-31,750843,34.21,NA,years,Collapse 730,2026-02-27,2012-01-01,episode
DataLoch Lothian,observation_period,overall,Number of subjects,NA,2014-01-01 to 2014-12-31,750843,41.16,NA,years,Collapse 730,2026-02-27,2012-01-01,episode
DataLoch Lothian,observation_period,overall,Age,NA,2014-01-01 to 2014-12-31,NA,NA,41,years,Collapse 730,2026-02-27,2012-01-01,episode
DataLoch Lothian,observation_period,overall,Person-days,NA,2014-01-01 to 2014-12-31,234497386,7.11,NA,years,Collapse 730,2026-02-27,2012-01-01,episode
DataLoch Lothian,observation_period,overall,Number of records,NA,2015-01-01 to 2015-12-31,758823,34.57,NA,years,Collapse 730,2026-02-27,2012-01-01,episode
DataLoch Lothian,observation_period,overall,Number of subjects,NA,2015-01-01 to 2015-12-31,758823,41.59,NA,years,Collapse 730,2026-02-27,2012-01-01,episode
DataLoch Lothian,observation_period,overall,Age,NA,2015-01-01 to 2015-12-31,NA,NA,41,years,Collapse 730,2026-02-27,2012-01-01,episode
DataLoch Lothian,observation_period,overall,Person-days,NA,2015-01-01 to 2015-12-31,236616615,7.17,NA,years,Collapse 730,2026-02-27,2012-01-01,episode
DataLoch Lothian,observation_period,overall,Number of records,NA,2016-01-01 to 2016-12-31,762846,34.76,NA,years,Collapse 730,2026-02-27,2012-01-01,episode
DataLoch Lothian,observation_period,overall,Number of subjects,NA,2016-01-01 to 2016-12-31,762846,41.82,NA,years,Collapse 730,2026-02-27,2012-01-01,episode
DataLoch Lothian,observation_period,overall,Age,NA,2016-01-01 to 2016-12-31,NA,NA,41,years,Collapse 730,2026-02-27,2012-01-01,episode
DataLoch Lothian,observation_period,overall,Person-days,NA,2016-01-01 to 2016-12-31,238525699,7.23,NA,years,Collapse 730,2026-02-27,2012-01-01,episode
DataLoch Lothian,observation_period,overall,Number of records,NA,2017-01-01 to 2017-12-31,761096,34.68,NA,years,Collapse 730,2026-02-27,2012-01-01,episode
DataLoch Lothian,observation_period,overall,Number of subjects,NA,2017-01-01 to 2017-12-31,761096,41.72,NA,years,Collapse 730,2026-02-27,2012-01-01,episode
DataLoch Lothian,observation_period,overall,Age,NA,2017-01-01 to 2017-12-31,NA,NA,42,years,Collapse 730,2026-02-27,2012-01-01,episode
DataLoch Lothian,observation_period,overall,Person-days,NA,2017-01-01 to 2017-12-31,237722884,7.21,NA,years,Collapse 730,2026-02-27,2012-01-01,episode
DataLoch Lothian,observation_period,overall,Number of records,NA,2018-01-01 to 2018-12-31,762962,34.76,NA,years,Collapse 730,2026-02-27,2012-01-01,episode
DataLoch Lothian,observation_period,overall,Number of subjects,NA,2018-01-01 to 2018-12-31,762962,41.82,NA,years,Collapse 730,2026-02-27,2012-01-01,episode
DataLoch Lothian,observation_period,overall,Age,NA,2018-01-01 to 2018-12-31,NA,NA,42,years,Collapse 730,2026-02-27,2012-01-01,episode
DataLoch Lothian,observation_period,overall,Person-days,NA,2018-01-01 to 2018-12-31,237754850,7.21,NA,years,Collapse 730,2026-02-27,2012-01-01,episode
DataLoch Lothian,observation_period,overall,Number of records,NA,2019-01-01 to 2019-12-31,767516,34.97,NA,years,Collapse 730,2026-02-27,2012-01-01,episode
DataLoch Lothian,observation_period,overall,Number of subjects,NA,2019-01-01 to 2019-12-31,767516,42.07,NA,years,Collapse 730,2026-02-27,2012-01-01,episode
DataLoch Lothian,observation_period,overall,Age,NA,2019-01-01 to 2019-12-31,NA,NA,42,years,Collapse 730,2026-02-27,2012-01-01,episode
DataLoch Lothian,observation_period,overall,Person-days,NA,2019-01-01 to 2019-12-31,235740923,7.15,NA,years,Collapse 730,2026-02-27,2012-01-01,episode
DataLoch Lothian,observation_period,overall,Number of records,NA,2020-01-01 to 2020-12-31,722153,32.9,NA,years,Collapse 730,2026-02-27,2012-01-01,episode
DataLoch Lothian,observation_period,overall,Number of subjects,NA,2020-01-01 to 2020-12-31,722153,39.58,NA,years,Collapse 730,2026-02-27,2012-01-01,episode
DataLoch Lothian,observation_period,overall,Age,NA,2020-01-01 to 2020-12-31,NA,NA,44,years,Collapse 730,2026-02-27,2012-01-01,episode
DataLoch Lothian,observation_period,overall,Person-days,NA,2020-01-01 to 2020-12-31,229946738,6.97,NA,years,Collapse 730,2026-02-27,2012-01-01,episode
DataLoch Lothian,observation_period,overall,Number of records,NA,2021-01-01 to 2021-12-31,735099,33.49,NA,years,Collapse 730,2026-02-27,2012-01-01,episode
DataLoch Lothian,observation_period,overall,Number of subjects,NA,2021-01-01 to 2021-12-31,735099,40.29,NA,years,Collapse 730,2026-02-27,2012-01-01,episode
DataLoch Lothian,observation_period,overall,Age,NA,2021-01-01 to 2021-12-31,NA,NA,44,years,Collapse 730,2026-02-27,2012-01-01,episode
DataLoch Lothian,observation_period,overall,Person-days,NA,2021-01-01 to 2021-12-31,230919102,7,NA,years,Collapse 730,2026-02-27,2012-01-01,episode
DataLoch Lothian,observation_period,overall,Number of records,NA,2022-01-01 to 2022-12-31,770952,35.13,NA,years,Collapse 730,2026-02-27,2012-01-01,episode
DataLoch Lothian,observation_period,overall,Number of subjects,NA,2022-01-01 to 2022-12-31,770952,42.26,NA,years,Collapse 730,2026-02-27,2012-01-01,episode
DataLoch Lothian,observation_period,overall,Age,NA,2022-01-01 to 2022-12-31,NA,NA,43,years,Collapse 730,2026-02-27,2012-01-01,episode
DataLoch Lothian,observation_period,overall,Person-days,NA,2022-01-01 to 2022-12-31,240568635,7.29,NA,years,Collapse 730,2026-02-27,2012-01-01,episode
DataLoch Lothian,observation_period,overall,Number of records,NA,2023-01-01 to 2023-12-31,803992,36.63,NA,years,Collapse 730,2026-02-27,2012-01-01,episode
DataLoch Lothian,observation_period,overall,Number of subjects,NA,2023-01-01 to 2023-12-31,803992,44.07,NA,years,Collapse 730,2026-02-27,2012-01-01,episode
DataLoch Lothian,observation_period,overall,Age,NA,2023-01-01 to 2023-12-31,NA,NA,43,years,Collapse 730,2026-02-27,2012-01-01,episode
DataLoch Lothian,observation_period,overall,Person-days,NA,2023-01-01 to 2023-12-31,250991015,7.61,NA,years,Collapse 730,2026-02-27,2012-01-01,episode
DataLoch Lothian,observation_period,overall,Number of records,NA,2024-01-01 to 2024-12-31,820054,37.36,NA,years,Collapse 730,2026-02-27,2012-01-01,episode
DataLoch Lothian,observation_period,overall,Number of subjects,NA,2024-01-01 to 2024-12-31,820054,44.95,NA,years,Collapse 730,2026-02-27,2012-01-01,episode
DataLoch Lothian,observation_period,overall,Age,NA,2024-01-01 to 2024-12-31,NA,NA,43,years,Collapse 730,2026-02-27,2012-01-01,episode
DataLoch Lothian,observation_period,overall,Person-days,NA,2024-01-01 to 2024-12-31,254077975,7.7,NA,years,Collapse 730,2026-02-27,2012-01-01,episode
DataLoch Lothian,observation_period,overall,Number of records,NA,2025-01-01 to 2025-12-31,779211,35.5,NA,years,Collapse 730,2026-02-27,2012-01-01,episode
DataLoch Lothian,observation_period,overall,Number of subjects,NA,2025-01-01 to 2025-12-31,779211,42.71,NA,years,Collapse 730,2026-02-27,2012-01-01,episode
DataLoch Lothian,observation_period,overall,Age,NA,2025-01-01 to 2025-12-31,NA,NA,44,years,Collapse 730,2026-02-27,2012-01-01,episode
DataLoch Lothian,observation_period,overall,Person-days,NA,2025-01-01 to 2025-12-31,207625210,6.3,NA,years,Collapse 730,2026-02-27,2012-01-01,episode
DataLoch Lothian,observation_period,overall,Number of records,NA,2026-01-01 to 2026-12-31,23954,1.09,NA,years,Collapse 730,2026-02-27,2012-01-01,episode
DataLoch Lothian,observation_period,overall,Number of subjects,NA,2026-01-01 to 2026-12-31,23954,1.31,NA,years,Collapse 730,2026-02-27,2012-01-01,episode
DataLoch Lothian,observation_period,overall,Age,NA,2026-01-01 to 2026-12-31,NA,NA,54,years,Collapse 730,2026-02-27,2012-01-01,episode
DataLoch Lothian,observation_period,overall,Person-days,NA,2026-01-01 to 2026-12-31,930279,0.03,NA,years,Collapse 730,2026-02-27,2012-01-01,episode
DataLoch Lothian,observation_period,overall,Number of records,NA,overall,2194820,100,NA,years,Collapse 730,2026-02-27,2012-01-01,episode
DataLoch Lothian,observation_period,overall,Number of subjects,NA,overall,1654690,90.7,NA,years,Collapse 730,2026-02-27,2012-01-01,episode
DataLoch Lothian,observation_period,overall,Age,NA,overall,NA,NA,33,years,Collapse 730,2026-02-27,2012-01-01,episode
DataLoch Lothian,observation_period,overall,Person-days,NA,overall,NA,100,NA,years,Collapse 730,2026-02-27,2012-01-01,episode
DataLoch Lothian,observation_period,overall,Number of records,NA,2012-01-01 to 2012-12-31,935804,39.13,NA,years,Persistence 730,2026-02-27,2012-01-01,episode
DataLoch Lothian,observation_period,overall,Number of subjects,NA,2012-01-01 to 2012-12-31,922277,50.55,NA,years,Persistence 730,2026-02-27,2012-01-01,episode
DataLoch Lothian,observation_period,overall,Age,NA,2012-01-01 to 2012-12-31,NA,NA,39,years,Persistence 730,2026-02-27,2012-01-01,episode
DataLoch Lothian,observation_period,overall,Person-days,NA,2012-01-01 to 2012-12-31,302139409,6.87,NA,years,Persistence 730,2026-02-27,2012-01-01,episode
DataLoch Lothian,observation_period,overall,Number of records,NA,2013-01-01 to 2013-12-31,943032,39.43,NA,years,Persistence 730,2026-02-27,2012-01-01,episode
DataLoch Lothian,observation_period,overall,Number of subjects,NA,2013-01-01 to 2013-12-31,930371,51,NA,years,Persistence 730,2026-02-27,2012-01-01,episode
DataLoch Lothian,observation_period,overall,Age,NA,2013-01-01 to 2013-12-31,NA,NA,39,years,Persistence 730,2026-02-27,2012-01-01,episode
DataLoch Lothian,observation_period,overall,Person-days,NA,2013-01-01 to 2013-12-31,303867606,6.91,NA,years,Persistence 730,2026-02-27,2012-01-01,episode
DataLoch Lothian,observation_period,overall,Number of records,NA,2014-01-01 to 2014-12-31,943645,39.45,NA,years,Persistence 730,2026-02-27,2012-01-01,episode
DataLoch Lothian,observation_period,overall,Number of subjects,NA,2014-01-01 to 2014-12-31,930729,51.02,NA,years,Persistence 730,2026-02-27,2012-01-01,episode
DataLoch Lothian,observation_period,overall,Age,NA,2014-01-01 to 2014-12-31,NA,NA,39,years,Persistence 730,2026-02-27,2012-01-01,episode
DataLoch Lothian,observation_period,overall,Person-days,NA,2014-01-01 to 2014-12-31,304739940,6.93,NA,years,Persistence 730,2026-02-27,2012-01-01,episode
DataLoch Lothian,observation_period,overall,Number of records,NA,2015-01-01 to 2015-12-31,951143,39.77,NA,years,Persistence 730,2026-02-27,2012-01-01,episode
DataLoch Lothian,observation_period,overall,Number of subjects,NA,2015-01-01 to 2015-12-31,937933,51.41,NA,years,Persistence 730,2026-02-27,2012-01-01,episode
DataLoch Lothian,observation_period,overall,Age,NA,2015-01-01 to 2015-12-31,NA,NA,39,years,Persistence 730,2026-02-27,2012-01-01,episode
DataLoch Lothian,observation_period,overall,Person-days,NA,2015-01-01 to 2015-12-31,306880072,6.98,NA,years,Persistence 730,2026-02-27,2012-01-01,episode
DataLoch Lothian,observation_period,overall,Number of records,NA,2016-01-01 to 2016-12-31,956658,40,NA,years,Persistence 730,2026-02-27,2012-01-01,episode
DataLoch Lothian,observation_period,overall,Number of subjects,NA,2016-01-01 to 2016-12-31,943940,51.74,NA,years,Persistence 730,2026-02-27,2012-01-01,episode
DataLoch Lothian,observation_period,overall,Age,NA,2016-01-01 to 2016-12-31,NA,NA,39,years,Persistence 730,2026-02-27,2012-01-01,episode
DataLoch Lothian,observation_period,overall,Person-days,NA,2016-01-01 to 2016-12-31,310348168,7.06,NA,years,Persistence 730,2026-02-27,2012-01-01,episode
DataLoch Lothian,observation_period,overall,Number of records,NA,2017-01-01 to 2017-12-31,961034,40.18,NA,years,Persistence 730,2026-02-27,2012-01-01,episode
DataLoch Lothian,observation_period,overall,Number of subjects,NA,2017-01-01 to 2017-12-31,948037,51.97,NA,years,Persistence 730,2026-02-27,2012-01-01,episode
DataLoch Lothian,observation_period,overall,Age,NA,2017-01-01 to 2017-12-31,NA,NA,39,years,Persistence 730,2026-02-27,2012-01-01,episode
DataLoch Lothian,observation_period,overall,Person-days,NA,2017-01-01 to 2017-12-31,311077005,7.08,NA,years,Persistence 730,2026-02-27,2012-01-01,episode
DataLoch Lothian,observation_period,overall,Number of records,NA,2018-01-01 to 2018-12-31,965288,40.36,NA,years,Persistence 730,2026-02-27,2012-01-01,episode
DataLoch Lothian,observation_period,overall,Number of subjects,NA,2018-01-01 to 2018-12-31,951714,52.17,NA,years,Persistence 730,2026-02-27,2012-01-01,episode
DataLoch Lothian,observation_period,overall,Age,NA,2018-01-01 to 2018-12-31,NA,NA,39,years,Persistence 730,2026-02-27,2012-01-01,episode
DataLoch Lothian,observation_period,overall,Person-days,NA,2018-01-01 to 2018-12-31,311312275,7.08,NA,years,Persistence 730,2026-02-27,2012-01-01,episode
DataLoch Lothian,observation_period,overall,Number of records,NA,2019-01-01 to 2019-12-31,970855,40.59,NA,years,Persistence 730,2026-02-27,2012-01-01,episode
DataLoch Lothian,observation_period,overall,Number of subjects,NA,2019-01-01 to 2019-12-31,956896,52.45,NA,years,Persistence 730,2026-02-27,2012-01-01,episode
DataLoch Lothian,observation_period,overall,Age,NA,2019-01-01 to 2019-12-31,NA,NA,39,years,Persistence 730,2026-02-27,2012-01-01,episode
DataLoch Lothian,observation_period,overall,Person-days,NA,2019-01-01 to 2019-12-31,312676863,7.11,NA,years,Persistence 730,2026-02-27,2012-01-01,episode
DataLoch Lothian,observation_period,overall,Number of records,NA,2020-01-01 to 2020-12-31,946453,39.57,NA,years,Persistence 730,2026-02-27,2012-01-01,episode
DataLoch Lothian,observation_period,overall,Number of subjects,NA,2020-01-01 to 2020-12-31,935417,51.27,NA,years,Persistence 730,2026-02-27,2012-01-01,episode
DataLoch Lothian,observation_period,overall,Age,NA,2020-01-01 to 2020-12-31,NA,NA,40,years,Persistence 730,2026-02-27,2012-01-01,episode
DataLoch Lothian,observation_period,overall,Person-days,NA,2020-01-01 to 2020-12-31,310586807,7.06,NA,years,Persistence 730,2026-02-27,2012-01-01,episode
DataLoch Lothian,observation_period,overall,Number of records,NA,2021-01-01 to 2021-12-31,943157,39.43,NA,years,Persistence 730,2026-02-27,2012-01-01,episode
DataLoch Lothian,observation_period,overall,Number of subjects,NA,2021-01-01 to 2021-12-31,926733,50.8,NA,years,Persistence 730,2026-02-27,2012-01-01,episode
DataLoch Lothian,observation_period,overall,Age,NA,2021-01-01 to 2021-12-31,NA,NA,40,years,Persistence 730,2026-02-27,2012-01-01,episode
DataLoch Lothian,observation_period,overall,Person-days,NA,2021-01-01 to 2021-12-31,299382459,6.81,NA,years,Persistence 730,2026-02-27,2012-01-01,episode
DataLoch Lothian,observation_period,overall,Number of records,NA,2022-01-01 to 2022-12-31,937699,39.2,NA,years,Persistence 730,2026-02-27,2012-01-01,episode
DataLoch Lothian,observation_period,overall,Number of subjects,NA,2022-01-01 to 2022-12-31,921604,50.52,NA,years,Persistence 730,2026-02-27,2012-01-01,episode
DataLoch Lothian,observation_period,overall,Age,NA,2022-01-01 to 2022-12-31,NA,NA,40,years,Persistence 730,2026-02-27,2012-01-01,episode
DataLoch Lothian,observation_period,overall,Person-days,NA,2022-01-01 to 2022-12-31,298935633,6.8,NA,years,Persistence 730,2026-02-27,2012-01-01,episode
DataLoch Lothian,observation_period,overall,Number of records,NA,2023-01-01 to 2023-12-31,967520,40.45,NA,years,Persistence 730,2026-02-27,2012-01-01,episode
DataLoch Lothian,observation_period,overall,Number of subjects,NA,2023-01-01 to 2023-12-31,955719,52.39,NA,years,Persistence 730,2026-02-27,2012-01-01,episode
DataLoch Lothian,observation_period,overall,Age,NA,2023-01-01 to 2023-12-31,NA,NA,40,years,Persistence 730,2026-02-27,2012-01-01,episode
DataLoch Lothian,observation_period,overall,Person-days,NA,2023-01-01 to 2023-12-31,313981986,7.14,NA,years,Persistence 730,2026-02-27,2012-01-01,episode
DataLoch Lothian,observation_period,overall,Number of records,NA,2024-01-01 to 2024-12-31,999223,41.78,NA,years,Persistence 730,2026-02-27,2012-01-01,episode
DataLoch Lothian,observation_period,overall,Number of subjects,NA,2024-01-01 to 2024-12-31,987184,54.11,NA,years,Persistence 730,2026-02-27,2012-01-01,episode
DataLoch Lothian,observation_period,overall,Age,NA,2024-01-01 to 2024-12-31,NA,NA,40,years,Persistence 730,2026-02-27,2012-01-01,episode
DataLoch Lothian,observation_period,overall,Person-days,NA,2024-01-01 to 2024-12-31,326802458,7.43,NA,years,Persistence 730,2026-02-27,2012-01-01,episode
DataLoch Lothian,observation_period,overall,Number of records,NA,2025-01-01 to 2025-12-31,1009622,42.21,NA,years,Persistence 730,2026-02-27,2012-01-01,episode
DataLoch Lothian,observation_period,overall,Number of subjects,NA,2025-01-01 to 2025-12-31,998002,54.71,NA,years,Persistence 730,2026-02-27,2012-01-01,episode
DataLoch Lothian,observation_period,overall,Age,NA,2025-01-01 to 2025-12-31,NA,NA,41,years,Persistence 730,2026-02-27,2012-01-01,episode
DataLoch Lothian,observation_period,overall,Person-days,NA,2025-01-01 to 2025-12-31,331780174,7.55,NA,years,Persistence 730,2026-02-27,2012-01-01,episode
DataLoch Lothian,observation_period,overall,Number of records,NA,2026-01-01 to 2026-12-31,904658,37.82,NA,years,Persistence 730,2026-02-27,2012-01-01,episode
DataLoch Lothian,observation_period,overall,Number of subjects,NA,2026-01-01 to 2026-12-31,904650,49.59,NA,years,Persistence 730,2026-02-27,2012-01-01,episode
DataLoch Lothian,observation_period,overall,Age,NA,2026-01-01 to 2026-12-31,NA,NA,42,years,Persistence 730,2026-02-27,2012-01-01,episode
DataLoch Lothian,observation_period,overall,Person-days,NA,2026-01-01 to 2026-12-31,52131391,1.19,NA,years,Persistence 730,2026-02-27,2012-01-01,episode
DataLoch Lothian,observation_period,overall,Number of records,NA,overall,2391805,100,NA,years,Persistence 730,2026-02-27,2012-01-01,episode
DataLoch Lothian,observation_period,overall,Number of subjects,NA,overall,1747902,95.81,NA,years,Persistence 730,2026-02-27,2012-01-01,episode
DataLoch Lothian,observation_period,overall,Age,NA,overall,NA,NA,33,years,Persistence 730,2026-02-27,2012-01-01,episode
DataLoch Lothian,observation_period,overall,Person-days,NA,overall,NA,100,NA,years,Persistence 730,2026-02-27,2012-01-01,episode
Great Ormond Street Hospital,observation_period,overall,Person-days,NA,2019-01-01 to 2019-12-31,8354694,2.86,NA,years,NA,2026-02-04,2012-01-01,episode
Great Ormond Street Hospital,observation_period,overall,Person-days,NA,2020-01-01 to 2020-12-31,25836601,8.84,NA,years,NA,2026-02-04,2012-01-01,episode
Great Ormond Street Hospital,observation_period,overall,Person-days,NA,2021-01-01 to 2021-12-31,34683100,11.87,NA,years,NA,2026-02-04,2012-01-01,episode
Great Ormond Street Hospital,observation_period,overall,Person-days,NA,2022-01-01 to 2022-12-31,42880306,14.68,NA,years,NA,2026-02-04,2012-01-01,episode
Great Ormond Street Hospital,observation_period,overall,Person-days,NA,2023-01-01 to 2023-12-31,50552148,17.3,NA,years,NA,2026-02-04,2012-01-01,episode
Great Ormond Street Hospital,observation_period,overall,Person-days,NA,2024-01-01 to 2024-12-31,58096716,19.88,NA,years,NA,2026-02-04,2012-01-01,episode
Great Ormond Street Hospital,observation_period,overall,Person-days,NA,2025-01-01 to 2025-12-31,65167971,22.31,NA,years,NA,2026-02-04,2012-01-01,episode
Great Ormond Street Hospital,observation_period,overall,Person-days,NA,2026-01-01 to 2026-12-31,6594048,2.26,NA,years,NA,2026-02-04,2012-01-01,episode
Great Ormond Street Hospital,observation_period,overall,Person-days,NA,overall,292165584,100,NA,years,NA,2026-02-04,2012-01-01,episode
Great Ormond Street Hospital,condition_occurrence,overall,Number of records,NA,2012-01-01 to 2012-12-31,676,0.01,NA,years,NA,2026-02-04,2012-01-01,event
Great Ormond Street Hospital,condition_occurrence,FALSE,Number of records,NA,2012-01-01 to 2012-12-31,676,0.01,NA,years,NA,2026-02-04,2012-01-01,event
Great Ormond Street Hospital,observation,overall,Number of records,NA,2012-01-01 to 2012-12-31,4818,0.54,NA,years,NA,2026-02-04,2012-01-01,event
Great Ormond Street Hospital,observation,FALSE,Number of records,NA,2012-01-01 to 2012-12-31,4818,0.54,NA,years,NA,2026-02-04,2012-01-01,event
Great Ormond Street Hospital,condition_occurrence,overall,Number of records,NA,2013-01-01 to 2013-12-31,839,0.01,NA,years,NA,2026-02-04,2012-01-01,event
Great Ormond Street Hospital,condition_occurrence,FALSE,Number of records,NA,2013-01-01 to 2013-12-31,839,0.01,NA,years,NA,2026-02-04,2012-01-01,event
Great Ormond Street Hospital,observation,overall,Number of records,NA,2013-01-01 to 2013-12-31,6238,0.7,NA,years,NA,2026-02-04,2012-01-01,event
Great Ormond Street Hospital,observation,FALSE,Number of records,NA,2013-01-01 to 2013-12-31,6238,0.7,NA,years,NA,2026-02-04,2012-01-01,event
Great Ormond Street Hospital,condition_occurrence,overall,Number of records,NA,2014-01-01 to 2014-12-31,1007,0.01,NA,years,NA,2026-02-04,2012-01-01,event
Great Ormond Street Hospital,condition_occurrence,FALSE,Number of records,NA,2014-01-01 to 2014-12-31,1007,0.01,NA,years,NA,2026-02-04,2012-01-01,event
Great Ormond Street Hospital,observation,overall,Number of records,NA,2014-01-01 to 2014-12-31,7383,0.83,NA,years,NA,2026-02-04,2012-01-01,event
Great Ormond Street Hospital,observation,FALSE,Number of records,NA,2014-01-01 to 2014-12-31,7383,0.83,NA,years,NA,2026-02-04,2012-01-01,event
Great Ormond Street Hospital,condition_occurrence,overall,Number of records,NA,2015-01-01 to 2015-12-31,1321,0.01,NA,years,NA,2026-02-04,2012-01-01,event
Great Ormond Street Hospital,condition_occurrence,FALSE,Number of records,NA,2015-01-01 to 2015-12-31,1321,0.01,NA,years,NA,2026-02-04,2012-01-01,event
Great Ormond Street Hospital,observation,overall,Number of records,NA,2015-01-01 to 2015-12-31,9487,1.07,NA,years,NA,2026-02-04,2012-01-01,event
Great Ormond Street Hospital,observation,FALSE,Number of records,NA,2015-01-01 to 2015-12-31,9487,1.07,NA,years,NA,2026-02-04,2012-01-01,event
Great Ormond Street Hospital,condition_occurrence,overall,Number of records,NA,2016-01-01 to 2016-12-31,1606,0.02,NA,years,NA,2026-02-04,2012-01-01,event
Great Ormond Street Hospital,condition_occurrence,FALSE,Number of records,NA,2016-01-01 to 2016-12-31,1606,0.02,NA,years,NA,2026-02-04,2012-01-01,event
Great Ormond Street Hospital,observation,overall,Number of records,NA,2016-01-01 to 2016-12-31,12009,1.35,NA,years,NA,2026-02-04,2012-01-01,event
Great Ormond Street Hospital,observation,FALSE,Number of records,NA,2016-01-01 to 2016-12-31,12009,1.35,NA,years,NA,2026-02-04,2012-01-01,event
Great Ormond Street Hospital,visit_occurrence,overall,Number of records,NA,2017-01-01 to 2017-12-31,NA,NA,NA,years,NA,2026-02-04,2012-01-01,event
Great Ormond Street Hospital,visit_occurrence,FALSE,Number of records,NA,2017-01-01 to 2017-12-31,NA,NA,NA,years,NA,2026-02-04,2012-01-01,event
Great Ormond Street Hospital,condition_occurrence,overall,Number of records,NA,2017-01-01 to 2017-12-31,2013,0.02,NA,years,NA,2026-02-04,2012-01-01,event
Great Ormond Street Hospital,condition_occurrence,FALSE,Number of records,NA,2017-01-01 to 2017-12-31,2013,0.02,NA,years,NA,2026-02-04,2012-01-01,event
Great Ormond Street Hospital,observation,overall,Number of records,NA,2017-01-01 to 2017-12-31,14398,1.62,NA,years,NA,2026-02-04,2012-01-01,event
Great Ormond Street Hospital,observation,FALSE,Number of records,NA,2017-01-01 to 2017-12-31,14398,1.62,NA,years,NA,2026-02-04,2012-01-01,event
Great Ormond Street Hospital,death,overall,Number of records,NA,2017-01-01 to 2017-12-31,NA,NA,NA,years,NA,2026-02-04,2012-01-01,event
Great Ormond Street Hospital,death,FALSE,Number of records,NA,2017-01-01 to 2017-12-31,NA,NA,NA,years,NA,2026-02-04,2012-01-01,event
Great Ormond Street Hospital,visit_occurrence,overall,Number of records,NA,2018-01-01 to 2018-12-31,19,0,NA,years,NA,2026-02-04,2012-01-01,event
Great Ormond Street Hospital,visit_occurrence,FALSE,Number of records,NA,2018-01-01 to 2018-12-31,19,0,NA,years,NA,2026-02-04,2012-01-01,event
Great Ormond Street Hospital,visit_detail,overall,Number of records,NA,2018-01-01 to 2018-12-31,9,0.01,NA,years,NA,2026-02-04,2012-01-01,event
Great Ormond Street Hospital,visit_detail,FALSE,Number of records,NA,2018-01-01 to 2018-12-31,9,0.01,NA,years,NA,2026-02-04,2012-01-01,event
Great Ormond Street Hospital,condition_occurrence,overall,Number of records,NA,2018-01-01 to 2018-12-31,3445,0.03,NA,years,NA,2026-02-04,2012-01-01,event
Great Ormond Street Hospital,condition_occurrence,FALSE,Number of records,NA,2018-01-01 to 2018-12-31,3445,0.03,NA,years,NA,2026-02-04,2012-01-01,event
Great Ormond Street Hospital,observation,overall,Number of records,NA,2018-01-01 to 2018-12-31,19820,2.23,NA,years,NA,2026-02-04,2012-01-01,event
Great Ormond Street Hospital,observation,FALSE,Number of records,NA,2018-01-01 to 2018-12-31,19820,2.23,NA,years,NA,2026-02-04,2012-01-01,event
Great Ormond Street Hospital,visit_occurrence,overall,Number of records,NA,2019-01-01 to 2019-12-31,164871,9.21,NA,years,NA,2026-02-04,2012-01-01,event
Great Ormond Street Hospital,visit_occurrence,FALSE,Number of records,NA,2019-01-01 to 2019-12-31,3791,0.21,NA,years,NA,2026-02-04,2012-01-01,event
Great Ormond Street Hospital,visit_occurrence,TRUE,Number of records,NA,2019-01-01 to 2019-12-31,161080,9,NA,years,NA,2026-02-04,2012-01-01,event
Great Ormond Street Hospital,visit_detail,overall,Number of records,NA,2019-01-01 to 2019-12-31,30573,17.73,NA,years,NA,2026-02-04,2012-01-01,event
Great Ormond Street Hospital,visit_detail,TRUE,Number of records,NA,2019-01-01 to 2019-12-31,28676,16.63,NA,years,NA,2026-02-04,2012-01-01,event
Great Ormond Street Hospital,visit_detail,FALSE,Number of records,NA,2019-01-01 to 2019-12-31,1897,1.1,NA,years,NA,2026-02-04,2012-01-01,event
Great Ormond Street Hospital,condition_occurrence,overall,Number of records,NA,2019-01-01 to 2019-12-31,1008911,9.49,NA,years,NA,2026-02-04,2012-01-01,event
Great Ormond Street Hospital,condition_occurrence,FALSE,Number of records,NA,2019-01-01 to 2019-12-31,107955,1.02,NA,years,NA,2026-02-04,2012-01-01,event
Great Ormond Street Hospital,condition_occurrence,TRUE,Number of records,NA,2019-01-01 to 2019-12-31,900956,8.48,NA,years,NA,2026-02-04,2012-01-01,event
Great Ormond Street Hospital,drug_exposure,overall,Number of records,NA,2019-01-01 to 2019-12-31,878378,9.6,NA,years,NA,2026-02-04,2012-01-01,event
Great Ormond Street Hospital,drug_exposure,FALSE,Number of records,NA,2019-01-01 to 2019-12-31,171574,1.88,NA,years,NA,2026-02-04,2012-01-01,event
Great Ormond Street Hospital,drug_exposure,TRUE,Number of records,NA,2019-01-01 to 2019-12-31,706804,7.73,NA,years,NA,2026-02-04,2012-01-01,event
Great Ormond Street Hospital,procedure_occurrence,overall,Number of records,NA,2019-01-01 to 2019-12-31,183027,8.61,NA,years,NA,2026-02-04,2012-01-01,event
Great Ormond Street Hospital,procedure_occurrence,FALSE,Number of records,NA,2019-01-01 to 2019-12-31,6961,0.33,NA,years,NA,2026-02-04,2012-01-01,event
Great Ormond Street Hospital,procedure_occurrence,TRUE,Number of records,NA,2019-01-01 to 2019-12-31,176066,8.28,NA,years,NA,2026-02-04,2012-01-01,event
Great Ormond Street Hospital,measurement,overall,Number of records,NA,2019-01-01 to 2019-12-31,9277259,10.21,NA,years,NA,2026-02-04,2012-01-01,event
Great Ormond Street Hospital,measurement,FALSE,Number of records,NA,2019-01-01 to 2019-12-31,743763,0.82,NA,years,NA,2026-02-04,2012-01-01,event
Great Ormond Street Hospital,measurement,TRUE,Number of records,NA,2019-01-01 to 2019-12-31,8533496,9.39,NA,years,NA,2026-02-04,2012-01-01,event
Great Ormond Street Hospital,observation,overall,Number of records,NA,2019-01-01 to 2019-12-31,129120,14.55,NA,years,NA,2026-02-04,2012-01-01,event
Great Ormond Street Hospital,observation,FALSE,Number of records,NA,2019-01-01 to 2019-12-31,29096,3.28,NA,years,NA,2026-02-04,2012-01-01,event
Great Ormond Street Hospital,observation,TRUE,Number of records,NA,2019-01-01 to 2019-12-31,100024,11.27,NA,years,NA,2026-02-04,2012-01-01,event
Great Ormond Street Hospital,death,overall,Number of records,NA,2019-01-01 to 2019-12-31,584,9.18,NA,years,NA,2026-02-04,2012-01-01,event
Great Ormond Street Hospital,death,TRUE,Number of records,NA,2019-01-01 to 2019-12-31,194,3.05,NA,years,NA,2026-02-04,2012-01-01,event
Great Ormond Street Hospital,death,FALSE,Number of records,NA,2019-01-01 to 2019-12-31,390,6.13,NA,years,NA,2026-02-04,2012-01-01,event
Great Ormond Street Hospital,drug_era,overall,Number of records,NA,2019-01-01 to 2019-12-31,89946,8.96,NA,years,NA,2026-02-04,2012-01-01,event
Great Ormond Street Hospital,drug_era,FALSE,Number of records,NA,2019-01-01 to 2019-12-31,6177,0.62,NA,years,NA,2026-02-04,2012-01-01,event
Great Ormond Street Hospital,drug_era,TRUE,Number of records,NA,2019-01-01 to 2019-12-31,83769,8.34,NA,years,NA,2026-02-04,2012-01-01,event
Great Ormond Street Hospital,visit_occurrence,overall,Number of records,NA,2020-01-01 to 2020-12-31,216990,12.13,NA,years,NA,2026-02-04,2012-01-01,event
Great Ormond Street Hospital,visit_occurrence,FALSE,Number of records,NA,2020-01-01 to 2020-12-31,3189,0.18,NA,years,NA,2026-02-04,2012-01-01,event
Great Ormond Street Hospital,visit_occurrence,TRUE,Number of records,NA,2020-01-01 to 2020-12-31,213801,11.95,NA,years,NA,2026-02-04,2012-01-01,event
Great Ormond Street Hospital,visit_detail,overall,Number of records,NA,2020-01-01 to 2020-12-31,35927,20.84,NA,years,NA,2026-02-04,2012-01-01,event
Great Ormond Street Hospital,visit_detail,FALSE,Number of records,NA,2020-01-01 to 2020-12-31,1158,0.67,NA,years,NA,2026-02-04,2012-01-01,event
Great Ormond Street Hospital,visit_detail,TRUE,Number of records,NA,2020-01-01 to 2020-12-31,34769,20.17,NA,years,NA,2026-02-04,2012-01-01,event
Great Ormond Street Hospital,condition_occurrence,overall,Number of records,NA,2020-01-01 to 2020-12-31,1231270,11.59,NA,years,NA,2026-02-04,2012-01-01,event
Great Ormond Street Hospital,condition_occurrence,FALSE,Number of records,NA,2020-01-01 to 2020-12-31,68114,0.64,NA,years,NA,2026-02-04,2012-01-01,event
Great Ormond Street Hospital,condition_occurrence,TRUE,Number of records,NA,2020-01-01 to 2020-12-31,1163156,10.95,NA,years,NA,2026-02-04,2012-01-01,event
Great Ormond Street Hospital,drug_exposure,overall,Number of records,NA,2020-01-01 to 2020-12-31,1203481,13.16,NA,years,NA,2026-02-04,2012-01-01,event
Great Ormond Street Hospital,drug_exposure,FALSE,Number of records,NA,2020-01-01 to 2020-12-31,81813,0.89,NA,years,NA,2026-02-04,2012-01-01,event
Great Ormond Street Hospital,drug_exposure,TRUE,Number of records,NA,2020-01-01 to 2020-12-31,1121668,12.26,NA,years,NA,2026-02-04,2012-01-01,event
Great Ormond Street Hospital,procedure_occurrence,overall,Number of records,NA,2020-01-01 to 2020-12-31,231640,10.9,NA,years,NA,2026-02-04,2012-01-01,event
Great Ormond Street Hospital,procedure_occurrence,FALSE,Number of records,NA,2020-01-01 to 2020-12-31,3840,0.18,NA,years,NA,2026-02-04,2012-01-01,event
Great Ormond Street Hospital,procedure_occurrence,TRUE,Number of records,NA,2020-01-01 to 2020-12-31,227800,10.72,NA,years,NA,2026-02-04,2012-01-01,event
Great Ormond Street Hospital,measurement,overall,Number of records,NA,2020-01-01 to 2020-12-31,12213346,13.44,NA,years,NA,2026-02-04,2012-01-01,event
Great Ormond Street Hospital,measurement,FALSE,Number of records,NA,2020-01-01 to 2020-12-31,294960,0.32,NA,years,NA,2026-02-04,2012-01-01,event
Great Ormond Street Hospital,measurement,TRUE,Number of records,NA,2020-01-01 to 2020-12-31,11918386,13.12,NA,years,NA,2026-02-04,2012-01-01,event
Great Ormond Street Hospital,observation,overall,Number of records,NA,2020-01-01 to 2020-12-31,102087,11.51,NA,years,NA,2026-02-04,2012-01-01,event
Great Ormond Street Hospital,observation,FALSE,Number of records,NA,2020-01-01 to 2020-12-31,17904,2.02,NA,years,NA,2026-02-04,2012-01-01,event
Great Ormond Street Hospital,observation,TRUE,Number of records,NA,2020-01-01 to 2020-12-31,84183,9.49,NA,years,NA,2026-02-04,2012-01-01,event
Great Ormond Street Hospital,death,overall,Number of records,NA,2020-01-01 to 2020-12-31,867,13.63,NA,years,NA,2026-02-04,2012-01-01,event
Great Ormond Street Hospital,death,FALSE,Number of records,NA,2020-01-01 to 2020-12-31,519,8.16,NA,years,NA,2026-02-04,2012-01-01,event
Great Ormond Street Hospital,death,TRUE,Number of records,NA,2020-01-01 to 2020-12-31,348,5.47,NA,years,NA,2026-02-04,2012-01-01,event
Great Ormond Street Hospital,drug_era,overall,Number of records,NA,2020-01-01 to 2020-12-31,115347,11.49,NA,years,NA,2026-02-04,2012-01-01,event
Great Ormond Street Hospital,drug_era,FALSE,Number of records,NA,2020-01-01 to 2020-12-31,2455,0.24,NA,years,NA,2026-02-04,2012-01-01,event
Great Ormond Street Hospital,drug_era,TRUE,Number of records,NA,2020-01-01 to 2020-12-31,112892,11.24,NA,years,NA,2026-02-04,2012-01-01,event
Great Ormond Street Hospital,visit_occurrence,overall,Number of records,NA,2021-01-01 to 2021-12-31,264297,14.77,NA,years,NA,2026-02-04,2012-01-01,event
Great Ormond Street Hospital,visit_occurrence,FALSE,Number of records,NA,2021-01-01 to 2021-12-31,3300,0.18,NA,years,NA,2026-02-04,2012-01-01,event
Great Ormond Street Hospital,visit_occurrence,TRUE,Number of records,NA,2021-01-01 to 2021-12-31,260997,14.59,NA,years,NA,2026-02-04,2012-01-01,event
Great Ormond Street Hospital,visit_detail,overall,Number of records,NA,2021-01-01 to 2021-12-31,25625,14.86,NA,years,NA,2026-02-04,2012-01-01,event
Great Ormond Street Hospital,visit_detail,FALSE,Number of records,NA,2021-01-01 to 2021-12-31,443,0.26,NA,years,NA,2026-02-04,2012-01-01,event
Great Ormond Street Hospital,visit_detail,TRUE,Number of records,NA,2021-01-01 to 2021-12-31,25182,14.61,NA,years,NA,2026-02-04,2012-01-01,event
Great Ormond Street Hospital,condition_occurrence,overall,Number of records,NA,2021-01-01 to 2021-12-31,1458594,13.73,NA,years,NA,2026-02-04,2012-01-01,event
Great Ormond Street Hospital,condition_occurrence,FALSE,Number of records,NA,2021-01-01 to 2021-12-31,68302,0.64,NA,years,NA,2026-02-04,2012-01-01,event
Great Ormond Street Hospital,condition_occurrence,TRUE,Number of records,NA,2021-01-01 to 2021-12-31,1390292,13.08,NA,years,NA,2026-02-04,2012-01-01,event
Great Ormond Street Hospital,drug_exposure,overall,Number of records,NA,2021-01-01 to 2021-12-31,1303579,14.25,NA,years,NA,2026-02-04,2012-01-01,event
Great Ormond Street Hospital,drug_exposure,FALSE,Number of records,NA,2021-01-01 to 2021-12-31,42068,0.46,NA,years,NA,2026-02-04,2012-01-01,event
Great Ormond Street Hospital,drug_exposure,TRUE,Number of records,NA,2021-01-01 to 2021-12-31,1261511,13.79,NA,years,NA,2026-02-04,2012-01-01,event
Great Ormond Street Hospital,procedure_occurrence,overall,Number of records,NA,2021-01-01 to 2021-12-31,316623,14.9,NA,years,NA,2026-02-04,2012-01-01,event
Great Ormond Street Hospital,procedure_occurrence,FALSE,Number of records,NA,2021-01-01 to 2021-12-31,3445,0.16,NA,years,NA,2026-02-04,2012-01-01,event
Great Ormond Street Hospital,procedure_occurrence,TRUE,Number of records,NA,2021-01-01 to 2021-12-31,313178,14.73,NA,years,NA,2026-02-04,2012-01-01,event
Great Ormond Street Hospital,measurement,overall,Number of records,NA,2021-01-01 to 2021-12-31,5067332,5.58,NA,years,NA,2026-02-04,2012-01-01,event
Great Ormond Street Hospital,measurement,FALSE,Number of records,NA,2021-01-01 to 2021-12-31,76221,0.08,NA,years,NA,2026-02-04,2012-01-01,event
Great Ormond Street Hospital,measurement,TRUE,Number of records,NA,2021-01-01 to 2021-12-31,4991111,5.49,NA,years,NA,2026-02-04,2012-01-01,event
Great Ormond Street Hospital,observation,overall,Number of records,NA,2021-01-01 to 2021-12-31,110962,12.51,NA,years,NA,2026-02-04,2012-01-01,event
Great Ormond Street Hospital,observation,FALSE,Number of records,NA,2021-01-01 to 2021-12-31,20235,2.28,NA,years,NA,2026-02-04,2012-01-01,event
Great Ormond Street Hospital,observation,TRUE,Number of records,NA,2021-01-01 to 2021-12-31,90727,10.23,NA,years,NA,2026-02-04,2012-01-01,event
Great Ormond Street Hospital,death,overall,Number of records,NA,2021-01-01 to 2021-12-31,884,13.89,NA,years,NA,2026-02-04,2012-01-01,event
Great Ormond Street Hospital,death,FALSE,Number of records,NA,2021-01-01 to 2021-12-31,484,7.61,NA,years,NA,2026-02-04,2012-01-01,event
Great Ormond Street Hospital,death,TRUE,Number of records,NA,2021-01-01 to 2021-12-31,400,6.29,NA,years,NA,2026-02-04,2012-01-01,event
Great Ormond Street Hospital,drug_era,overall,Number of records,NA,2021-01-01 to 2021-12-31,147505,14.69,NA,years,NA,2026-02-04,2012-01-01,event
Great Ormond Street Hospital,drug_era,FALSE,Number of records,NA,2021-01-01 to 2021-12-31,2007,0.2,NA,years,NA,2026-02-04,2012-01-01,event
Great Ormond Street Hospital,drug_era,TRUE,Number of records,NA,2021-01-01 to 2021-12-31,145498,14.49,NA,years,NA,2026-02-04,2012-01-01,event
Great Ormond Street Hospital,visit_occurrence,overall,Number of records,NA,2022-01-01 to 2022-12-31,270527,15.12,NA,years,NA,2026-02-04,2012-01-01,event
Great Ormond Street Hospital,visit_occurrence,FALSE,Number of records,NA,2022-01-01 to 2022-12-31,3026,0.17,NA,years,NA,2026-02-04,2012-01-01,event
Great Ormond Street Hospital,visit_occurrence,TRUE,Number of records,NA,2022-01-01 to 2022-12-31,267501,14.95,NA,years,NA,2026-02-04,2012-01-01,event
Great Ormond Street Hospital,visit_detail,overall,Number of records,NA,2022-01-01 to 2022-12-31,20410,11.84,NA,years,NA,2026-02-04,2012-01-01,event
Great Ormond Street Hospital,visit_detail,FALSE,Number of records,NA,2022-01-01 to 2022-12-31,193,0.11,NA,years,NA,2026-02-04,2012-01-01,event
Great Ormond Street Hospital,visit_detail,TRUE,Number of records,NA,2022-01-01 to 2022-12-31,20217,11.73,NA,years,NA,2026-02-04,2012-01-01,event
Great Ormond Street Hospital,condition_occurrence,overall,Number of records,NA,2022-01-01 to 2022-12-31,1544157,14.53,NA,years,NA,2026-02-04,2012-01-01,event
Great Ormond Street Hospital,condition_occurrence,FALSE,Number of records,NA,2022-01-01 to 2022-12-31,69357,0.65,NA,years,NA,2026-02-04,2012-01-01,event
Great Ormond Street Hospital,condition_occurrence,TRUE,Number of records,NA,2022-01-01 to 2022-12-31,1474800,13.88,NA,years,NA,2026-02-04,2012-01-01,event
Great Ormond Street Hospital,drug_exposure,overall,Number of records,NA,2022-01-01 to 2022-12-31,1331106,14.55,NA,years,NA,2026-02-04,2012-01-01,event
Great Ormond Street Hospital,drug_exposure,FALSE,Number of records,NA,2022-01-01 to 2022-12-31,14123,0.15,NA,years,NA,2026-02-04,2012-01-01,event
Great Ormond Street Hospital,drug_exposure,TRUE,Number of records,NA,2022-01-01 to 2022-12-31,1316983,14.4,NA,years,NA,2026-02-04,2012-01-01,event
Great Ormond Street Hospital,procedure_occurrence,overall,Number of records,NA,2022-01-01 to 2022-12-31,333161,15.67,NA,years,NA,2026-02-04,2012-01-01,event
Great Ormond Street Hospital,procedure_occurrence,FALSE,Number of records,NA,2022-01-01 to 2022-12-31,2936,0.14,NA,years,NA,2026-02-04,2012-01-01,event
Great Ormond Street Hospital,procedure_occurrence,TRUE,Number of records,NA,2022-01-01 to 2022-12-31,330225,15.54,NA,years,NA,2026-02-04,2012-01-01,event
Great Ormond Street Hospital,measurement,overall,Number of records,NA,2022-01-01 to 2022-12-31,14671294,16.15,NA,years,NA,2026-02-04,2012-01-01,event
Great Ormond Street Hospital,measurement,FALSE,Number of records,NA,2022-01-01 to 2022-12-31,126104,0.14,NA,years,NA,2026-02-04,2012-01-01,event
Great Ormond Street Hospital,measurement,TRUE,Number of records,NA,2022-01-01 to 2022-12-31,14545190,16.01,NA,years,NA,2026-02-04,2012-01-01,event
Great Ormond Street Hospital,observation,overall,Number of records,NA,2022-01-01 to 2022-12-31,118287,13.33,NA,years,NA,2026-02-04,2012-01-01,event
Great Ormond Street Hospital,observation,FALSE,Number of records,NA,2022-01-01 to 2022-12-31,21706,2.45,NA,years,NA,2026-02-04,2012-01-01,event
Great Ormond Street Hospital,observation,TRUE,Number of records,NA,2022-01-01 to 2022-12-31,96581,10.88,NA,years,NA,2026-02-04,2012-01-01,event
Great Ormond Street Hospital,death,overall,Number of records,NA,2022-01-01 to 2022-12-31,952,14.96,NA,years,NA,2026-02-04,2012-01-01,event
Great Ormond Street Hospital,death,FALSE,Number of records,NA,2022-01-01 to 2022-12-31,466,7.32,NA,years,NA,2026-02-04,2012-01-01,event
Great Ormond Street Hospital,death,TRUE,Number of records,NA,2022-01-01 to 2022-12-31,486,7.64,NA,years,NA,2026-02-04,2012-01-01,event
Great Ormond Street Hospital,drug_era,overall,Number of records,NA,2022-01-01 to 2022-12-31,152718,15.21,NA,years,NA,2026-02-04,2012-01-01,event
Great Ormond Street Hospital,drug_era,FALSE,Number of records,NA,2022-01-01 to 2022-12-31,1458,0.15,NA,years,NA,2026-02-04,2012-01-01,event
Great Ormond Street Hospital,drug_era,TRUE,Number of records,NA,2022-01-01 to 2022-12-31,151260,15.07,NA,years,NA,2026-02-04,2012-01-01,event
Great Ormond Street Hospital,visit_occurrence,overall,Number of records,NA,2023-01-01 to 2023-12-31,272719,15.24,NA,years,NA,2026-02-04,2012-01-01,event
Great Ormond Street Hospital,visit_occurrence,FALSE,Number of records,NA,2023-01-01 to 2023-12-31,2653,0.15,NA,years,NA,2026-02-04,2012-01-01,event
Great Ormond Street Hospital,visit_occurrence,TRUE,Number of records,NA,2023-01-01 to 2023-12-31,270066,15.09,NA,years,NA,2026-02-04,2012-01-01,event
Great Ormond Street Hospital,visit_detail,overall,Number of records,NA,2023-01-01 to 2023-12-31,19356,11.23,NA,years,NA,2026-02-04,2012-01-01,event
Great Ormond Street Hospital,visit_detail,FALSE,Number of records,NA,2023-01-01 to 2023-12-31,105,0.06,NA,years,NA,2026-02-04,2012-01-01,event
Great Ormond Street Hospital,visit_detail,TRUE,Number of records,NA,2023-01-01 to 2023-12-31,19251,11.17,NA,years,NA,2026-02-04,2012-01-01,event
Great Ormond Street Hospital,condition_occurrence,overall,Number of records,NA,2023-01-01 to 2023-12-31,1604308,15.1,NA,years,NA,2026-02-04,2012-01-01,event
Great Ormond Street Hospital,condition_occurrence,FALSE,Number of records,NA,2023-01-01 to 2023-12-31,61755,0.58,NA,years,NA,2026-02-04,2012-01-01,event
Great Ormond Street Hospital,condition_occurrence,TRUE,Number of records,NA,2023-01-01 to 2023-12-31,1542553,14.52,NA,years,NA,2026-02-04,2012-01-01,event
Great Ormond Street Hospital,drug_exposure,overall,Number of records,NA,2023-01-01 to 2023-12-31,1389831,15.19,NA,years,NA,2026-02-04,2012-01-01,event
Great Ormond Street Hospital,drug_exposure,FALSE,Number of records,NA,2023-01-01 to 2023-12-31,6804,0.07,NA,years,NA,2026-02-04,2012-01-01,event
Great Ormond Street Hospital,drug_exposure,TRUE,Number of records,NA,2023-01-01 to 2023-12-31,1383027,15.12,NA,years,NA,2026-02-04,2012-01-01,event
Great Ormond Street Hospital,procedure_occurrence,overall,Number of records,NA,2023-01-01 to 2023-12-31,334732,15.75,NA,years,NA,2026-02-04,2012-01-01,event
Great Ormond Street Hospital,procedure_occurrence,FALSE,Number of records,NA,2023-01-01 to 2023-12-31,2430,0.11,NA,years,NA,2026-02-04,2012-01-01,event
Great Ormond Street Hospital,procedure_occurrence,TRUE,Number of records,NA,2023-01-01 to 2023-12-31,332302,15.63,NA,years,NA,2026-02-04,2012-01-01,event
Great Ormond Street Hospital,measurement,overall,Number of records,NA,2023-01-01 to 2023-12-31,14376750,15.82,NA,years,NA,2026-02-04,2012-01-01,event
Great Ormond Street Hospital,measurement,FALSE,Number of records,NA,2023-01-01 to 2023-12-31,103857,0.11,NA,years,NA,2026-02-04,2012-01-01,event
Great Ormond Street Hospital,measurement,TRUE,Number of records,NA,2023-01-01 to 2023-12-31,14272893,15.71,NA,years,NA,2026-02-04,2012-01-01,event
Great Ormond Street Hospital,observation,overall,Number of records,NA,2023-01-01 to 2023-12-31,114941,12.95,NA,years,NA,2026-02-04,2012-01-01,event
Great Ormond Street Hospital,observation,FALSE,Number of records,NA,2023-01-01 to 2023-12-31,18050,2.03,NA,years,NA,2026-02-04,2012-01-01,event
Great Ormond Street Hospital,observation,TRUE,Number of records,NA,2023-01-01 to 2023-12-31,96891,10.92,NA,years,NA,2026-02-04,2012-01-01,event
Great Ormond Street Hospital,death,overall,Number of records,NA,2023-01-01 to 2023-12-31,965,15.17,NA,years,NA,2026-02-04,2012-01-01,event
Great Ormond Street Hospital,death,FALSE,Number of records,NA,2023-01-01 to 2023-12-31,464,7.29,NA,years,NA,2026-02-04,2012-01-01,event
Great Ormond Street Hospital,death,TRUE,Number of records,NA,2023-01-01 to 2023-12-31,501,7.87,NA,years,NA,2026-02-04,2012-01-01,event
Great Ormond Street Hospital,drug_era,overall,Number of records,NA,2023-01-01 to 2023-12-31,155363,15.47,NA,years,NA,2026-02-04,2012-01-01,event
Great Ormond Street Hospital,drug_era,FALSE,Number of records,NA,2023-01-01 to 2023-12-31,1052,0.1,NA,years,NA,2026-02-04,2012-01-01,event
Great Ormond Street Hospital,drug_era,TRUE,Number of records,NA,2023-01-01 to 2023-12-31,154311,15.37,NA,years,NA,2026-02-04,2012-01-01,event
Great Ormond Street Hospital,visit_occurrence,overall,Number of records,NA,2024-01-01 to 2024-12-31,285497,15.96,NA,years,NA,2026-02-04,2012-01-01,event
Great Ormond Street Hospital,visit_occurrence,FALSE,Number of records,NA,2024-01-01 to 2024-12-31,2768,0.15,NA,years,NA,2026-02-04,2012-01-01,event
Great Ormond Street Hospital,visit_occurrence,TRUE,Number of records,NA,2024-01-01 to 2024-12-31,282729,15.8,NA,years,NA,2026-02-04,2012-01-01,event
Great Ormond Street Hospital,visit_detail,overall,Number of records,NA,2024-01-01 to 2024-12-31,19014,11.03,NA,years,NA,2026-02-04,2012-01-01,event
Great Ormond Street Hospital,visit_detail,FALSE,Number of records,NA,2024-01-01 to 2024-12-31,124,0.07,NA,years,NA,2026-02-04,2012-01-01,event
Great Ormond Street Hospital,visit_detail,TRUE,Number of records,NA,2024-01-01 to 2024-12-31,18890,10.96,NA,years,NA,2026-02-04,2012-01-01,event
Great Ormond Street Hospital,condition_occurrence,overall,Number of records,NA,2024-01-01 to 2024-12-31,1836287,17.28,NA,years,NA,2026-02-04,2012-01-01,event
Great Ormond Street Hospital,condition_occurrence,FALSE,Number of records,NA,2024-01-01 to 2024-12-31,83725,0.79,NA,years,NA,2026-02-04,2012-01-01,event
Great Ormond Street Hospital,condition_occurrence,TRUE,Number of records,NA,2024-01-01 to 2024-12-31,1752562,16.49,NA,years,NA,2026-02-04,2012-01-01,event
Great Ormond Street Hospital,drug_exposure,overall,Number of records,NA,2024-01-01 to 2024-12-31,1362296,14.89,NA,years,NA,2026-02-04,2012-01-01,event
Great Ormond Street Hospital,drug_exposure,FALSE,Number of records,NA,2024-01-01 to 2024-12-31,15725,0.17,NA,years,NA,2026-02-04,2012-01-01,event
Great Ormond Street Hospital,drug_exposure,TRUE,Number of records,NA,2024-01-01 to 2024-12-31,1346571,14.72,NA,years,NA,2026-02-04,2012-01-01,event
Great Ormond Street Hospital,procedure_occurrence,overall,Number of records,NA,2024-01-01 to 2024-12-31,350393,16.48,NA,years,NA,2026-02-04,2012-01-01,event
Great Ormond Street Hospital,procedure_occurrence,FALSE,Number of records,NA,2024-01-01 to 2024-12-31,2703,0.13,NA,years,NA,2026-02-04,2012-01-01,event
Great Ormond Street Hospital,procedure_occurrence,TRUE,Number of records,NA,2024-01-01 to 2024-12-31,347690,16.36,NA,years,NA,2026-02-04,2012-01-01,event
Great Ormond Street Hospital,measurement,overall,Number of records,NA,2024-01-01 to 2024-12-31,15966990,17.58,NA,years,NA,2026-02-04,2012-01-01,event
Great Ormond Street Hospital,measurement,FALSE,Number of records,NA,2024-01-01 to 2024-12-31,121951,0.13,NA,years,NA,2026-02-04,2012-01-01,event
Great Ormond Street Hospital,measurement,TRUE,Number of records,NA,2024-01-01 to 2024-12-31,15845039,17.44,NA,years,NA,2026-02-04,2012-01-01,event
Great Ormond Street Hospital,observation,overall,Number of records,NA,2024-01-01 to 2024-12-31,112963,12.73,NA,years,NA,2026-02-04,2012-01-01,event
Great Ormond Street Hospital,observation,FALSE,Number of records,NA,2024-01-01 to 2024-12-31,15445,1.74,NA,years,NA,2026-02-04,2012-01-01,event
Great Ormond Street Hospital,observation,TRUE,Number of records,NA,2024-01-01 to 2024-12-31,97518,10.99,NA,years,NA,2026-02-04,2012-01-01,event
Great Ormond Street Hospital,death,overall,Number of records,NA,2024-01-01 to 2024-12-31,1015,15.95,NA,years,NA,2026-02-04,2012-01-01,event
Great Ormond Street Hospital,death,FALSE,Number of records,NA,2024-01-01 to 2024-12-31,511,8.03,NA,years,NA,2026-02-04,2012-01-01,event
Great Ormond Street Hospital,death,TRUE,Number of records,NA,2024-01-01 to 2024-12-31,504,7.92,NA,years,NA,2026-02-04,2012-01-01,event
Great Ormond Street Hospital,drug_era,overall,Number of records,NA,2024-01-01 to 2024-12-31,162196,16.15,NA,years,NA,2026-02-04,2012-01-01,event
Great Ormond Street Hospital,drug_era,FALSE,Number of records,NA,2024-01-01 to 2024-12-31,1137,0.11,NA,years,NA,2026-02-04,2012-01-01,event
Great Ormond Street Hospital,drug_era,TRUE,Number of records,NA,2024-01-01 to 2024-12-31,161059,16.04,NA,years,NA,2026-02-04,2012-01-01,event
Great Ormond Street Hospital,visit_occurrence,overall,Number of records,NA,2025-01-01 to 2025-12-31,286537,16.01,NA,years,NA,2026-02-04,2012-01-01,event
Great Ormond Street Hospital,visit_occurrence,FALSE,Number of records,NA,2025-01-01 to 2025-12-31,2546,0.14,NA,years,NA,2026-02-04,2012-01-01,event
Great Ormond Street Hospital,visit_occurrence,TRUE,Number of records,NA,2025-01-01 to 2025-12-31,283991,15.87,NA,years,NA,2026-02-04,2012-01-01,event
Great Ormond Street Hospital,visit_detail,overall,Number of records,NA,2025-01-01 to 2025-12-31,19599,11.37,NA,years,NA,2026-02-04,2012-01-01,event
Great Ormond Street Hospital,visit_detail,FALSE,Number of records,NA,2025-01-01 to 2025-12-31,67,0.04,NA,years,NA,2026-02-04,2012-01-01,event
Great Ormond Street Hospital,visit_detail,TRUE,Number of records,NA,2025-01-01 to 2025-12-31,19532,11.33,NA,years,NA,2026-02-04,2012-01-01,event
Great Ormond Street Hospital,condition_occurrence,overall,Number of records,NA,2025-01-01 to 2025-12-31,1755256,16.52,NA,years,NA,2026-02-04,2012-01-01,event
Great Ormond Street Hospital,condition_occurrence,FALSE,Number of records,NA,2025-01-01 to 2025-12-31,65068,0.61,NA,years,NA,2026-02-04,2012-01-01,event
Great Ormond Street Hospital,condition_occurrence,TRUE,Number of records,NA,2025-01-01 to 2025-12-31,1690188,15.91,NA,years,NA,2026-02-04,2012-01-01,event
Great Ormond Street Hospital,drug_exposure,overall,Number of records,NA,2025-01-01 to 2025-12-31,1537946,16.81,NA,years,NA,2026-02-04,2012-01-01,event
Great Ormond Street Hospital,drug_exposure,FALSE,Number of records,NA,2025-01-01 to 2025-12-31,3760,0.04,NA,years,NA,2026-02-04,2012-01-01,event
Great Ormond Street Hospital,drug_exposure,TRUE,Number of records,NA,2025-01-01 to 2025-12-31,1534186,16.77,NA,years,NA,2026-02-04,2012-01-01,event
Great Ormond Street Hospital,procedure_occurrence,overall,Number of records,NA,2025-01-01 to 2025-12-31,344107,16.19,NA,years,NA,2026-02-04,2012-01-01,event
Great Ormond Street Hospital,procedure_occurrence,FALSE,Number of records,NA,2025-01-01 to 2025-12-31,2223,0.1,NA,years,NA,2026-02-04,2012-01-01,event
Great Ormond Street Hospital,procedure_occurrence,TRUE,Number of records,NA,2025-01-01 to 2025-12-31,341884,16.08,NA,years,NA,2026-02-04,2012-01-01,event
Great Ormond Street Hospital,measurement,overall,Number of records,NA,2025-01-01 to 2025-12-31,17563301,19.33,NA,years,NA,2026-02-04,2012-01-01,event
Great Ormond Street Hospital,measurement,FALSE,Number of records,NA,2025-01-01 to 2025-12-31,53504,0.06,NA,years,NA,2026-02-04,2012-01-01,event
Great Ormond Street Hospital,measurement,TRUE,Number of records,NA,2025-01-01 to 2025-12-31,17509797,19.27,NA,years,NA,2026-02-04,2012-01-01,event
Great Ormond Street Hospital,observation,overall,Number of records,NA,2025-01-01 to 2025-12-31,105682,11.91,NA,years,NA,2026-02-04,2012-01-01,event
Great Ormond Street Hospital,observation,FALSE,Number of records,NA,2025-01-01 to 2025-12-31,9766,1.1,NA,years,NA,2026-02-04,2012-01-01,event
Great Ormond Street Hospital,observation,TRUE,Number of records,NA,2025-01-01 to 2025-12-31,95916,10.81,NA,years,NA,2026-02-04,2012-01-01,event
Great Ormond Street Hospital,death,overall,Number of records,NA,2025-01-01 to 2025-12-31,998,15.68,NA,years,NA,2026-02-04,2012-01-01,event
Great Ormond Street Hospital,death,FALSE,Number of records,NA,2025-01-01 to 2025-12-31,458,7.2,NA,years,NA,2026-02-04,2012-01-01,event
Great Ormond Street Hospital,death,TRUE,Number of records,NA,2025-01-01 to 2025-12-31,540,8.49,NA,years,NA,2026-02-04,2012-01-01,event
Great Ormond Street Hospital,drug_era,overall,Number of records,NA,2025-01-01 to 2025-12-31,164188,16.35,NA,years,NA,2026-02-04,2012-01-01,event
Great Ormond Street Hospital,drug_era,FALSE,Number of records,NA,2025-01-01 to 2025-12-31,696,0.07,NA,years,NA,2026-02-04,2012-01-01,event
Great Ormond Street Hospital,drug_era,TRUE,Number of records,NA,2025-01-01 to 2025-12-31,163492,16.28,NA,years,NA,2026-02-04,2012-01-01,event
Great Ormond Street Hospital,visit_occurrence,overall,Number of records,NA,2026-01-01 to 2026-12-31,27808,1.55,NA,years,NA,2026-02-04,2012-01-01,event
Great Ormond Street Hospital,visit_occurrence,FALSE,Number of records,NA,2026-01-01 to 2026-12-31,269,0.02,NA,years,NA,2026-02-04,2012-01-01,event
Great Ormond Street Hospital,visit_occurrence,TRUE,Number of records,NA,2026-01-01 to 2026-12-31,27539,1.54,NA,years,NA,2026-02-04,2012-01-01,event
Great Ormond Street Hospital,visit_detail,overall,Number of records,NA,2026-01-01 to 2026-12-31,1894,1.1,NA,years,NA,2026-02-04,2012-01-01,event
Great Ormond Street Hospital,visit_detail,TRUE,Number of records,NA,2026-01-01 to 2026-12-31,1886,1.09,NA,years,NA,2026-02-04,2012-01-01,event
Great Ormond Street Hospital,visit_detail,FALSE,Number of records,NA,2026-01-01 to 2026-12-31,8,0,NA,years,NA,2026-02-04,2012-01-01,event
Great Ormond Street Hospital,condition_occurrence,overall,Number of records,NA,2026-01-01 to 2026-12-31,176023,1.66,NA,years,NA,2026-02-04,2012-01-01,event
Great Ormond Street Hospital,condition_occurrence,FALSE,Number of records,NA,2026-01-01 to 2026-12-31,4250,0.04,NA,years,NA,2026-02-04,2012-01-01,event
Great Ormond Street Hospital,condition_occurrence,TRUE,Number of records,NA,2026-01-01 to 2026-12-31,171773,1.62,NA,years,NA,2026-02-04,2012-01-01,event
Great Ormond Street Hospital,drug_exposure,overall,Number of records,NA,2026-01-01 to 2026-12-31,141068,1.54,NA,years,NA,2026-02-04,2012-01-01,event
Great Ormond Street Hospital,drug_exposure,FALSE,Number of records,NA,2026-01-01 to 2026-12-31,215,0,NA,years,NA,2026-02-04,2012-01-01,event
Great Ormond Street Hospital,drug_exposure,TRUE,Number of records,NA,2026-01-01 to 2026-12-31,140853,1.54,NA,years,NA,2026-02-04,2012-01-01,event
Great Ormond Street Hospital,procedure_occurrence,overall,Number of records,NA,2026-01-01 to 2026-12-31,31924,1.5,NA,years,NA,2026-02-04,2012-01-01,event
Great Ormond Street Hospital,procedure_occurrence,FALSE,Number of records,NA,2026-01-01 to 2026-12-31,262,0.01,NA,years,NA,2026-02-04,2012-01-01,event
Great Ormond Street Hospital,procedure_occurrence,TRUE,Number of records,NA,2026-01-01 to 2026-12-31,31662,1.49,NA,years,NA,2026-02-04,2012-01-01,event
Great Ormond Street Hospital,measurement,overall,Number of records,NA,2026-01-01 to 2026-12-31,1713279,1.89,NA,years,NA,2026-02-04,2012-01-01,event
Great Ormond Street Hospital,measurement,FALSE,Number of records,NA,2026-01-01 to 2026-12-31,7596,0.01,NA,years,NA,2026-02-04,2012-01-01,event
Great Ormond Street Hospital,measurement,TRUE,Number of records,NA,2026-01-01 to 2026-12-31,1705683,1.88,NA,years,NA,2026-02-04,2012-01-01,event
Great Ormond Street Hospital,observation,overall,Number of records,NA,2026-01-01 to 2026-12-31,19107,2.15,NA,years,NA,2026-02-04,2012-01-01,event
Great Ormond Street Hospital,observation,FALSE,Number of records,NA,2026-01-01 to 2026-12-31,10265,1.16,NA,years,NA,2026-02-04,2012-01-01,event
Great Ormond Street Hospital,observation,TRUE,Number of records,NA,2026-01-01 to 2026-12-31,8842,1,NA,years,NA,2026-02-04,2012-01-01,event
Great Ormond Street Hospital,death,overall,Number of records,NA,2026-01-01 to 2026-12-31,97,1.52,NA,years,NA,2026-02-04,2012-01-01,event
Great Ormond Street Hospital,death,TRUE,Number of records,NA,2026-01-01 to 2026-12-31,65,1.02,NA,years,NA,2026-02-04,2012-01-01,event
Great Ormond Street Hospital,death,FALSE,Number of records,NA,2026-01-01 to 2026-12-31,32,0.5,NA,years,NA,2026-02-04,2012-01-01,event
Great Ormond Street Hospital,drug_era,overall,Number of records,NA,2026-01-01 to 2026-12-31,16754,1.67,NA,years,NA,2026-02-04,2012-01-01,event
Great Ormond Street Hospital,drug_era,FALSE,Number of records,NA,2026-01-01 to 2026-12-31,74,0.01,NA,years,NA,2026-02-04,2012-01-01,event
Great Ormond Street Hospital,drug_era,TRUE,Number of records,NA,2026-01-01 to 2026-12-31,16680,1.66,NA,years,NA,2026-02-04,2012-01-01,event
Great Ormond Street Hospital,visit_occurrence,overall,Number of records,NA,overall,1789266,100,NA,years,NA,2026-02-04,2012-01-01,event
Great Ormond Street Hospital,visit_occurrence,FALSE,Number of records,NA,overall,21562,1.21,NA,years,NA,2026-02-04,2012-01-01,event
Great Ormond Street Hospital,visit_occurrence,TRUE,Number of records,NA,overall,1767704,98.79,NA,years,NA,2026-02-04,2012-01-01,event
Great Ormond Street Hospital,visit_detail,overall,Number of records,NA,overall,172407,100,NA,years,NA,2026-02-04,2012-01-01,event
Great Ormond Street Hospital,visit_detail,TRUE,Number of records,NA,overall,168403,97.68,NA,years,NA,2026-02-04,2012-01-01,event
Great Ormond Street Hospital,visit_detail,FALSE,Number of records,NA,overall,4004,2.32,NA,years,NA,2026-02-04,2012-01-01,event
Great Ormond Street Hospital,condition_occurrence,overall,Number of records,NA,overall,10625713,100,NA,years,NA,2026-02-04,2012-01-01,event
Great Ormond Street Hospital,condition_occurrence,FALSE,Number of records,NA,overall,539433,5.08,NA,years,NA,2026-02-04,2012-01-01,event
Great Ormond Street Hospital,condition_occurrence,TRUE,Number of records,NA,overall,10086280,94.92,NA,years,NA,2026-02-04,2012-01-01,event
Great Ormond Street Hospital,drug_exposure,overall,Number of records,NA,overall,9147685,100,NA,years,NA,2026-02-04,2012-01-01,event
Great Ormond Street Hospital,drug_exposure,FALSE,Number of records,NA,overall,336082,3.67,NA,years,NA,2026-02-04,2012-01-01,event
Great Ormond Street Hospital,drug_exposure,TRUE,Number of records,NA,overall,8811603,96.33,NA,years,NA,2026-02-04,2012-01-01,event
Great Ormond Street Hospital,procedure_occurrence,overall,Number of records,NA,overall,2125607,100,NA,years,NA,2026-02-04,2012-01-01,event
Great Ormond Street Hospital,procedure_occurrence,FALSE,Number of records,NA,overall,24800,1.17,NA,years,NA,2026-02-04,2012-01-01,event
Great Ormond Street Hospital,procedure_occurrence,TRUE,Number of records,NA,overall,2100807,98.83,NA,years,NA,2026-02-04,2012-01-01,event
Great Ormond Street Hospital,measurement,overall,Number of records,NA,overall,90849551,100,NA,years,NA,2026-02-04,2012-01-01,event
Great Ormond Street Hospital,measurement,FALSE,Number of records,NA,overall,1527956,1.68,NA,years,NA,2026-02-04,2012-01-01,event
Great Ormond Street Hospital,measurement,TRUE,Number of records,NA,overall,89321595,98.32,NA,years,NA,2026-02-04,2012-01-01,event
Great Ormond Street Hospital,observation,overall,Number of records,NA,overall,887302,100,NA,years,NA,2026-02-04,2012-01-01,event
Great Ormond Street Hospital,observation,FALSE,Number of records,NA,overall,216620,24.41,NA,years,NA,2026-02-04,2012-01-01,event
Great Ormond Street Hospital,observation,TRUE,Number of records,NA,overall,670682,75.59,NA,years,NA,2026-02-04,2012-01-01,event
Great Ormond Street Hospital,death,overall,Number of records,NA,overall,6363,100,NA,years,NA,2026-02-04,2012-01-01,event
Great Ormond Street Hospital,death,TRUE,Number of records,NA,overall,3038,47.74,NA,years,NA,2026-02-04,2012-01-01,event
Great Ormond Street Hospital,death,FALSE,Number of records,NA,overall,3325,52.26,NA,years,NA,2026-02-04,2012-01-01,event
Great Ormond Street Hospital,drug_era,overall,Number of records,NA,overall,1004017,100,NA,years,NA,2026-02-04,2012-01-01,event
Great Ormond Street Hospital,drug_era,FALSE,Number of records,NA,overall,15056,1.5,NA,years,NA,2026-02-04,2012-01-01,event
Great Ormond Street Hospital,drug_era,TRUE,Number of records,NA,overall,988961,98.5,NA,years,NA,2026-02-04,2012-01-01,event
Great Ormond Street Hospital,observation_period,overall,Number of records,NA,2017-01-01 to 2017-12-31,NA,NA,NA,years,First to extract,2026-02-04,2012-01-01,episode
Great Ormond Street Hospital,observation_period,overall,Number of subjects,NA,2017-01-01 to 2017-12-31,NA,NA,NA,years,First to extract,2026-02-04,2012-01-01,episode
Great Ormond Street Hospital,observation_period,overall,Age,NA,2017-01-01 to 2017-12-31,NA,NA,1,years,First to extract,2026-02-04,2012-01-01,episode
Great Ormond Street Hospital,observation_period,overall,Person-days,NA,2017-01-01 to 2017-12-31,142,0,NA,years,First to extract,2026-02-04,2012-01-01,episode
Great Ormond Street Hospital,observation_period,overall,Number of records,NA,2018-01-01 to 2018-12-31,19,0.01,NA,years,First to extract,2026-02-04,2012-01-01,episode
Great Ormond Street Hospital,observation_period,overall,Number of subjects,NA,2018-01-01 to 2018-12-31,19,0.01,NA,years,First to extract,2026-02-04,2012-01-01,episode
Great Ormond Street Hospital,observation_period,overall,Age,NA,2018-01-01 to 2018-12-31,NA,NA,1,years,First to extract,2026-02-04,2012-01-01,episode
Great Ormond Street Hospital,observation_period,overall,Person-days,NA,2018-01-01 to 2018-12-31,2110,0,NA,years,First to extract,2026-02-04,2012-01-01,episode
Great Ormond Street Hospital,observation_period,overall,Number of records,NA,2019-01-01 to 2019-12-31,54843,25.88,NA,years,First to extract,2026-02-04,2012-01-01,episode
Great Ormond Street Hospital,observation_period,overall,Number of subjects,NA,2019-01-01 to 2019-12-31,54843,24.4,NA,years,First to extract,2026-02-04,2012-01-01,episode
Great Ormond Street Hospital,observation_period,overall,Age,NA,2019-01-01 to 2019-12-31,NA,NA,8,years,First to extract,2026-02-04,2012-01-01,episode
Great Ormond Street Hospital,observation_period,overall,Person-days,NA,2019-01-01 to 2019-12-31,8379039,2.73,NA,years,First to extract,2026-02-04,2012-01-01,episode
Great Ormond Street Hospital,observation_period,overall,Number of records,NA,2020-01-01 to 2020-12-31,83845,39.56,NA,years,First to extract,2026-02-04,2012-01-01,episode
Great Ormond Street Hospital,observation_period,overall,Number of subjects,NA,2020-01-01 to 2020-12-31,83845,37.31,NA,years,First to extract,2026-02-04,2012-01-01,episode
Great Ormond Street Hospital,observation_period,overall,Age,NA,2020-01-01 to 2020-12-31,NA,NA,9,years,First to extract,2026-02-04,2012-01-01,episode
Great Ormond Street Hospital,observation_period,overall,Person-days,NA,2020-01-01 to 2020-12-31,25854022,8.43,NA,years,First to extract,2026-02-04,2012-01-01,episode
Great Ormond Street Hospital,observation_period,overall,Number of records,NA,2021-01-01 to 2021-12-31,108789,51.33,NA,years,First to extract,2026-02-04,2012-01-01,episode
Great Ormond Street Hospital,observation_period,overall,Number of subjects,NA,2021-01-01 to 2021-12-31,108789,48.41,NA,years,First to extract,2026-02-04,2012-01-01,episode
Great Ormond Street Hospital,observation_period,overall,Age,NA,2021-01-01 to 2021-12-31,NA,NA,9,years,First to extract,2026-02-04,2012-01-01,episode
Great Ormond Street Hospital,observation_period,overall,Person-days,NA,2021-01-01 to 2021-12-31,35056084,11.43,NA,years,First to extract,2026-02-04,2012-01-01,episode
Great Ormond Street Hospital,observation_period,overall,Number of records,NA,2022-01-01 to 2022-12-31,133169,62.84,NA,years,First to extract,2026-02-04,2012-01-01,episode
Great Ormond Street Hospital,observation_period,overall,Number of subjects,NA,2022-01-01 to 2022-12-31,133169,59.25,NA,years,First to extract,2026-02-04,2012-01-01,episode
Great Ormond Street Hospital,observation_period,overall,Age,NA,2022-01-01 to 2022-12-31,NA,NA,10,years,First to extract,2026-02-04,2012-01-01,episode
Great Ormond Street Hospital,observation_period,overall,Person-days,NA,2022-01-01 to 2022-12-31,44056936,14.37,NA,years,First to extract,2026-02-04,2012-01-01,episode
Great Ormond Street Hospital,observation_period,overall,Number of records,NA,2023-01-01 to 2023-12-31,157597,74.36,NA,years,First to extract,2026-02-04,2012-01-01,episode
Great Ormond Street Hospital,observation_period,overall,Number of subjects,NA,2023-01-01 to 2023-12-31,157597,70.12,NA,years,First to extract,2026-02-04,2012-01-01,episode
Great Ormond Street Hospital,observation_period,overall,Age,NA,2023-01-01 to 2023-12-31,NA,NA,10,years,First to extract,2026-02-04,2012-01-01,episode
Great Ormond Street Hospital,observation_period,overall,Person-days,NA,2023-01-01 to 2023-12-31,52973225,17.27,NA,years,First to extract,2026-02-04,2012-01-01,episode
Great Ormond Street Hospital,observation_period,overall,Number of records,NA,2024-01-01 to 2024-12-31,182335,86.03,NA,years,First to extract,2026-02-04,2012-01-01,episode
Great Ormond Street Hospital,observation_period,overall,Number of subjects,NA,2024-01-01 to 2024-12-31,182335,81.13,NA,years,First to extract,2026-02-04,2012-01-01,episode
Great Ormond Street Hospital,observation_period,overall,Age,NA,2024-01-01 to 2024-12-31,NA,NA,11,years,First to extract,2026-02-04,2012-01-01,episode
Great Ormond Street Hospital,observation_period,overall,Person-days,NA,2024-01-01 to 2024-12-31,62078309,20.24,NA,years,First to extract,2026-02-04,2012-01-01,episode
Great Ormond Street Hospital,observation_period,overall,Number of records,NA,2025-01-01 to 2025-12-31,207093,97.72,NA,years,First to extract,2026-02-04,2012-01-01,episode
Great Ormond Street Hospital,observation_period,overall,Number of subjects,NA,2025-01-01 to 2025-12-31,207093,92.15,NA,years,First to extract,2026-02-04,2012-01-01,episode
Great Ormond Street Hospital,observation_period,overall,Age,NA,2025-01-01 to 2025-12-31,NA,NA,11,years,First to extract,2026-02-04,2012-01-01,episode
Great Ormond Street Hospital,observation_period,overall,Person-days,NA,2025-01-01 to 2025-12-31,71000452,23.15,NA,years,First to extract,2026-02-04,2012-01-01,episode
Great Ormond Street Hospital,observation_period,overall,Number of records,NA,2026-01-01 to 2026-12-31,208776,98.51,NA,years,First to extract,2026-02-04,2012-01-01,episode
Great Ormond Street Hospital,observation_period,overall,Number of subjects,NA,2026-01-01 to 2026-12-31,208776,92.9,NA,years,First to extract,2026-02-04,2012-01-01,episode
Great Ormond Street Hospital,observation_period,overall,Age,NA,2026-01-01 to 2026-12-31,NA,NA,12,years,First to extract,2026-02-04,2012-01-01,episode
Great Ormond Street Hospital,observation_period,overall,Person-days,NA,2026-01-01 to 2026-12-31,7264586,2.37,NA,years,First to extract,2026-02-04,2012-01-01,episode
Great Ormond Street Hospital,observation_period,overall,Number of records,NA,overall,211933,100,NA,years,First to extract,2026-02-04,2012-01-01,episode
Great Ormond Street Hospital,observation_period,overall,Number of subjects,NA,overall,211933,94.3,NA,years,First to extract,2026-02-04,2012-01-01,episode
Great Ormond Street Hospital,observation_period,overall,Age,NA,overall,NA,NA,8,years,First to extract,2026-02-04,2012-01-01,episode
Great Ormond Street Hospital,observation_period,overall,Person-days,NA,overall,306664905,100,NA,years,First to extract,2026-02-04,2012-01-01,episode
Great Ormond Street Hospital,observation_period,overall,Number of records,NA,2017-01-01 to 2017-12-31,NA,NA,NA,years,First to last,2026-02-04,2012-01-01,episode
Great Ormond Street Hospital,observation_period,overall,Number of subjects,NA,2017-01-01 to 2017-12-31,NA,NA,NA,years,First to last,2026-02-04,2012-01-01,episode
Great Ormond Street Hospital,observation_period,overall,Age,NA,2017-01-01 to 2017-12-31,NA,NA,1,years,First to last,2026-02-04,2012-01-01,episode
Great Ormond Street Hospital,observation_period,overall,Person-days,NA,2017-01-01 to 2017-12-31,142,0,NA,years,First to last,2026-02-04,2012-01-01,episode
Great Ormond Street Hospital,observation_period,overall,Number of records,NA,2018-01-01 to 2018-12-31,19,0.01,NA,years,First to last,2026-02-04,2012-01-01,episode
Great Ormond Street Hospital,observation_period,overall,Number of subjects,NA,2018-01-01 to 2018-12-31,19,0.01,NA,years,First to last,2026-02-04,2012-01-01,episode
Great Ormond Street Hospital,observation_period,overall,Age,NA,2018-01-01 to 2018-12-31,NA,NA,1,years,First to last,2026-02-04,2012-01-01,episode
Great Ormond Street Hospital,observation_period,overall,Person-days,NA,2018-01-01 to 2018-12-31,2110,0,NA,years,First to last,2026-02-04,2012-01-01,episode
Great Ormond Street Hospital,observation_period,overall,Number of records,NA,2019-01-01 to 2019-12-31,54843,25.88,NA,years,First to last,2026-02-04,2012-01-01,episode
Great Ormond Street Hospital,observation_period,overall,Number of subjects,NA,2019-01-01 to 2019-12-31,54843,24.4,NA,years,First to last,2026-02-04,2012-01-01,episode
Great Ormond Street Hospital,observation_period,overall,Age,NA,2019-01-01 to 2019-12-31,NA,NA,8,years,First to last,2026-02-04,2012-01-01,episode
Great Ormond Street Hospital,observation_period,overall,Person-days,NA,2019-01-01 to 2019-12-31,6659583,5.26,NA,years,First to last,2026-02-04,2012-01-01,episode
Great Ormond Street Hospital,observation_period,overall,Number of records,NA,2020-01-01 to 2020-12-31,69991,33.03,NA,years,First to last,2026-02-04,2012-01-01,episode
Great Ormond Street Hospital,observation_period,overall,Number of subjects,NA,2020-01-01 to 2020-12-31,69991,31.14,NA,years,First to last,2026-02-04,2012-01-01,episode
Great Ormond Street Hospital,observation_period,overall,Age,NA,2020-01-01 to 2020-12-31,NA,NA,8,years,First to last,2026-02-04,2012-01-01,episode
Great Ormond Street Hospital,observation_period,overall,Person-days,NA,2020-01-01 to 2020-12-31,17771545,14.05,NA,years,First to last,2026-02-04,2012-01-01,episode
Great Ormond Street Hospital,observation_period,overall,Number of records,NA,2021-01-01 to 2021-12-31,78578,37.08,NA,years,First to last,2026-02-04,2012-01-01,episode
Great Ormond Street Hospital,observation_period,overall,Number of subjects,NA,2021-01-01 to 2021-12-31,78578,34.96,NA,years,First to last,2026-02-04,2012-01-01,episode
Great Ormond Street Hospital,observation_period,overall,Age,NA,2021-01-01 to 2021-12-31,NA,NA,8,years,First to last,2026-02-04,2012-01-01,episode
Great Ormond Street Hospital,observation_period,overall,Person-days,NA,2021-01-01 to 2021-12-31,20613610,16.29,NA,years,First to last,2026-02-04,2012-01-01,episode
Great Ormond Street Hospital,observation_period,overall,Number of records,NA,2022-01-01 to 2022-12-31,83553,39.42,NA,years,First to last,2026-02-04,2012-01-01,episode
Great Ormond Street Hospital,observation_period,overall,Number of subjects,NA,2022-01-01 to 2022-12-31,83553,37.18,NA,years,First to last,2026-02-04,2012-01-01,episode
Great Ormond Street Hospital,observation_period,overall,Age,NA,2022-01-01 to 2022-12-31,NA,NA,8,years,First to last,2026-02-04,2012-01-01,episode
Great Ormond Street Hospital,observation_period,overall,Person-days,NA,2022-01-01 to 2022-12-31,21912364,17.32,NA,years,First to last,2026-02-04,2012-01-01,episode
Great Ormond Street Hospital,observation_period,overall,Number of records,NA,2023-01-01 to 2023-12-31,85774,40.47,NA,years,First to last,2026-02-04,2012-01-01,episode
Great Ormond Street Hospital,observation_period,overall,Number of subjects,NA,2023-01-01 to 2023-12-31,85774,38.17,NA,years,First to last,2026-02-04,2012-01-01,episode
Great Ormond Street Hospital,observation_period,overall,Age,NA,2023-01-01 to 2023-12-31,NA,NA,9,years,First to last,2026-02-04,2012-01-01,episode
Great Ormond Street Hospital,observation_period,overall,Person-days,NA,2023-01-01 to 2023-12-31,22324885,17.64,NA,years,First to last,2026-02-04,2012-01-01,episode
Great Ormond Street Hospital,observation_period,overall,Number of records,NA,2024-01-01 to 2024-12-31,86117,40.63,NA,years,First to last,2026-02-04,2012-01-01,episode
Great Ormond Street Hospital,observation_period,overall,Number of subjects,NA,2024-01-01 to 2024-12-31,86117,38.32,NA,years,First to last,2026-02-04,2012-01-01,episode
Great Ormond Street Hospital,observation_period,overall,Age,NA,2024-01-01 to 2024-12-31,NA,NA,9,years,First to last,2026-02-04,2012-01-01,episode
Great Ormond Street Hospital,observation_period,overall,Person-days,NA,2024-01-01 to 2024-12-31,21585269,17.06,NA,years,First to last,2026-02-04,2012-01-01,episode
Great Ormond Street Hospital,observation_period,overall,Number of records,NA,2025-01-01 to 2025-12-31,80806,38.13,NA,years,First to last,2026-02-04,2012-01-01,episode
Great Ormond Street Hospital,observation_period,overall,Number of subjects,NA,2025-01-01 to 2025-12-31,80806,35.96,NA,years,First to last,2026-02-04,2012-01-01,episode
Great Ormond Street Hospital,observation_period,overall,Age,NA,2025-01-01 to 2025-12-31,NA,NA,9,years,First to last,2026-02-04,2012-01-01,episode
Great Ormond Street Hospital,observation_period,overall,Person-days,NA,2025-01-01 to 2025-12-31,15334541,12.12,NA,years,First to last,2026-02-04,2012-01-01,episode
Great Ormond Street Hospital,observation_period,overall,Number of records,NA,2026-01-01 to 2026-12-31,17340,8.18,NA,years,First to last,2026-02-04,2012-01-01,episode
Great Ormond Street Hospital,observation_period,overall,Number of subjects,NA,2026-01-01 to 2026-12-31,17340,7.72,NA,years,First to last,2026-02-04,2012-01-01,episode
Great Ormond Street Hospital,observation_period,overall,Age,NA,2026-01-01 to 2026-12-31,NA,NA,9,years,First to last,2026-02-04,2012-01-01,episode
Great Ormond Street Hospital,observation_period,overall,Person-days,NA,2026-01-01 to 2026-12-31,321209,0.25,NA,years,First to last,2026-02-04,2012-01-01,episode
Great Ormond Street Hospital,observation_period,overall,Number of records,NA,overall,211933,100,NA,years,First to last,2026-02-04,2012-01-01,episode
Great Ormond Street Hospital,observation_period,overall,Number of subjects,NA,overall,211933,94.3,NA,years,First to last,2026-02-04,2012-01-01,episode
Great Ormond Street Hospital,observation_period,overall,Age,NA,overall,NA,NA,8,years,First to last,2026-02-04,2012-01-01,episode
Great Ormond Street Hospital,observation_period,overall,Person-days,NA,overall,126525258,100,NA,years,First to last,2026-02-04,2012-01-01,episode
Great Ormond Street Hospital,observation_period,overall,Number of records,NA,2017-01-01 to 2017-12-31,NA,NA,NA,years,Ongoing,2026-02-04,2012-01-01,episode
Great Ormond Street Hospital,observation_period,overall,Number of subjects,NA,2017-01-01 to 2017-12-31,NA,NA,NA,years,Ongoing,2026-02-04,2012-01-01,episode
Great Ormond Street Hospital,observation_period,overall,Age,NA,2017-01-01 to 2017-12-31,NA,NA,1,years,Ongoing,2026-02-04,2012-01-01,episode
Great Ormond Street Hospital,observation_period,overall,Person-days,NA,2017-01-01 to 2017-12-31,142,0.01,NA,years,Ongoing,2026-02-04,2012-01-01,episode
Great Ormond Street Hospital,observation_period,overall,Number of records,NA,2018-01-01 to 2018-12-31,19,0,NA,years,Ongoing,2026-02-04,2012-01-01,episode
Great Ormond Street Hospital,observation_period,overall,Number of subjects,NA,2018-01-01 to 2018-12-31,19,0.01,NA,years,Ongoing,2026-02-04,2012-01-01,episode
Great Ormond Street Hospital,observation_period,overall,Age,NA,2018-01-01 to 2018-12-31,NA,NA,1,years,Ongoing,2026-02-04,2012-01-01,episode
Great Ormond Street Hospital,observation_period,overall,Person-days,NA,2018-01-01 to 2018-12-31,2110,0.1,NA,years,Ongoing,2026-02-04,2012-01-01,episode
Great Ormond Street Hospital,observation_period,overall,Number of records,NA,2019-01-01 to 2019-12-31,132582,9.04,NA,years,Ongoing,2026-02-04,2012-01-01,episode
Great Ormond Street Hospital,observation_period,overall,Number of subjects,NA,2019-01-01 to 2019-12-31,54843,24.4,NA,years,Ongoing,2026-02-04,2012-01-01,episode
Great Ormond Street Hospital,observation_period,overall,Age,NA,2019-01-01 to 2019-12-31,NA,NA,8,years,Ongoing,2026-02-04,2012-01-01,episode
Great Ormond Street Hospital,observation_period,overall,Person-days,NA,2019-01-01 to 2019-12-31,205721,9.66,NA,years,Ongoing,2026-02-04,2012-01-01,episode
Great Ormond Street Hospital,observation_period,overall,Number of records,NA,2020-01-01 to 2020-12-31,182583,12.45,NA,years,Ongoing,2026-02-04,2012-01-01,episode
Great Ormond Street Hospital,observation_period,overall,Number of subjects,NA,2020-01-01 to 2020-12-31,62827,27.96,NA,years,Ongoing,2026-02-04,2012-01-01,episode
Great Ormond Street Hospital,observation_period,overall,Age,NA,2020-01-01 to 2020-12-31,NA,NA,8,years,Ongoing,2026-02-04,2012-01-01,episode
Great Ormond Street Hospital,observation_period,overall,Person-days,NA,2020-01-01 to 2020-12-31,272961,12.82,NA,years,Ongoing,2026-02-04,2012-01-01,episode
Great Ormond Street Hospital,observation_period,overall,Number of records,NA,2021-01-01 to 2021-12-31,218304,14.89,NA,years,Ongoing,2026-02-04,2012-01-01,episode
Great Ormond Street Hospital,observation_period,overall,Number of subjects,NA,2021-01-01 to 2021-12-31,69597,30.97,NA,years,Ongoing,2026-02-04,2012-01-01,episode
Great Ormond Street Hospital,observation_period,overall,Age,NA,2021-01-01 to 2021-12-31,NA,NA,8,years,Ongoing,2026-02-04,2012-01-01,episode
Great Ormond Street Hospital,observation_period,overall,Person-days,NA,2021-01-01 to 2021-12-31,313209,14.71,NA,years,Ongoing,2026-02-04,2012-01-01,episode
Great Ormond Street Hospital,observation_period,overall,Number of records,NA,2022-01-01 to 2022-12-31,221308,15.09,NA,years,Ongoing,2026-02-04,2012-01-01,episode
Great Ormond Street Hospital,observation_period,overall,Number of subjects,NA,2022-01-01 to 2022-12-31,73309,32.62,NA,years,Ongoing,2026-02-04,2012-01-01,episode
Great Ormond Street Hospital,observation_period,overall,Age,NA,2022-01-01 to 2022-12-31,NA,NA,8,years,Ongoing,2026-02-04,2012-01-01,episode
Great Ormond Street Hospital,observation_period,overall,Person-days,NA,2022-01-01 to 2022-12-31,316246,14.85,NA,years,Ongoing,2026-02-04,2012-01-01,episode
Great Ormond Street Hospital,observation_period,overall,Number of records,NA,2023-01-01 to 2023-12-31,222838,15.2,NA,years,Ongoing,2026-02-04,2012-01-01,episode
Great Ormond Street Hospital,observation_period,overall,Number of subjects,NA,2023-01-01 to 2023-12-31,75668,33.67,NA,years,Ongoing,2026-02-04,2012-01-01,episode
Great Ormond Street Hospital,observation_period,overall,Age,NA,2023-01-01 to 2023-12-31,NA,NA,8,years,Ongoing,2026-02-04,2012-01-01,episode
Great Ormond Street Hospital,observation_period,overall,Person-days,NA,2023-01-01 to 2023-12-31,319106,14.99,NA,years,Ongoing,2026-02-04,2012-01-01,episode
Great Ormond Street Hospital,observation_period,overall,Number of records,NA,2024-01-01 to 2024-12-31,232543,15.86,NA,years,Ongoing,2026-02-04,2012-01-01,episode
Great Ormond Street Hospital,observation_period,overall,Number of subjects,NA,2024-01-01 to 2024-12-31,78013,34.71,NA,years,Ongoing,2026-02-04,2012-01-01,episode
Great Ormond Street Hospital,observation_period,overall,Age,NA,2024-01-01 to 2024-12-31,NA,NA,9,years,Ongoing,2026-02-04,2012-01-01,episode
Great Ormond Street Hospital,observation_period,overall,Person-days,NA,2024-01-01 to 2024-12-31,330195,15.51,NA,years,Ongoing,2026-02-04,2012-01-01,episode
Great Ormond Street Hospital,observation_period,overall,Number of records,NA,2025-01-01 to 2025-12-31,234503,15.99,NA,years,Ongoing,2026-02-04,2012-01-01,episode
Great Ormond Street Hospital,observation_period,overall,Number of subjects,NA,2025-01-01 to 2025-12-31,79521,35.38,NA,years,Ongoing,2026-02-04,2012-01-01,episode
Great Ormond Street Hospital,observation_period,overall,Age,NA,2025-01-01 to 2025-12-31,NA,NA,9,years,Ongoing,2026-02-04,2012-01-01,episode
Great Ormond Street Hospital,observation_period,overall,Person-days,NA,2025-01-01 to 2025-12-31,337274,15.84,NA,years,Ongoing,2026-02-04,2012-01-01,episode
Great Ormond Street Hospital,observation_period,overall,Number of records,NA,2026-01-01 to 2026-12-31,22928,1.56,NA,years,Ongoing,2026-02-04,2012-01-01,episode
Great Ormond Street Hospital,observation_period,overall,Number of subjects,NA,2026-01-01 to 2026-12-31,17340,7.72,NA,years,Ongoing,2026-02-04,2012-01-01,episode
Great Ormond Street Hospital,observation_period,overall,Age,NA,2026-01-01 to 2026-12-31,NA,NA,9,years,Ongoing,2026-02-04,2012-01-01,episode
Great Ormond Street Hospital,observation_period,overall,Person-days,NA,2026-01-01 to 2026-12-31,32219,1.51,NA,years,Ongoing,2026-02-04,2012-01-01,episode
Great Ormond Street Hospital,observation_period,overall,Number of records,NA,overall,1466268,100,NA,years,Ongoing,2026-02-04,2012-01-01,episode
Great Ormond Street Hospital,observation_period,overall,Number of subjects,NA,overall,211933,94.3,NA,years,Ongoing,2026-02-04,2012-01-01,episode
Great Ormond Street Hospital,observation_period,overall,Age,NA,overall,NA,NA,8,years,Ongoing,2026-02-04,2012-01-01,episode
Great Ormond Street Hospital,observation_period,overall,Person-days,NA,overall,2129183,100,NA,years,Ongoing,2026-02-04,2012-01-01,episode
Great Ormond Street Hospital,observation_period,overall,Number of records,NA,2017-01-01 to 2017-12-31,NA,NA,NA,years,Collapse 365,2026-02-04,2012-01-01,episode
Great Ormond Street Hospital,observation_period,overall,Number of subjects,NA,2017-01-01 to 2017-12-31,NA,NA,NA,years,Collapse 365,2026-02-04,2012-01-01,episode
Great Ormond Street Hospital,observation_period,overall,Age,NA,2017-01-01 to 2017-12-31,NA,NA,1,years,Collapse 365,2026-02-04,2012-01-01,episode
Great Ormond Street Hospital,observation_period,overall,Person-days,NA,2017-01-01 to 2017-12-31,142,0,NA,years,Collapse 365,2026-02-04,2012-01-01,episode
Great Ormond Street Hospital,observation_period,overall,Number of records,NA,2018-01-01 to 2018-12-31,19,0.01,NA,years,Collapse 365,2026-02-04,2012-01-01,episode
Great Ormond Street Hospital,observation_period,overall,Number of subjects,NA,2018-01-01 to 2018-12-31,19,0.01,NA,years,Collapse 365,2026-02-04,2012-01-01,episode
Great Ormond Street Hospital,observation_period,overall,Age,NA,2018-01-01 to 2018-12-31,NA,NA,1,years,Collapse 365,2026-02-04,2012-01-01,episode
Great Ormond Street Hospital,observation_period,overall,Person-days,NA,2018-01-01 to 2018-12-31,2110,0,NA,years,Collapse 365,2026-02-04,2012-01-01,episode
Great Ormond Street Hospital,observation_period,overall,Number of records,NA,2019-01-01 to 2019-12-31,54843,19.08,NA,years,Collapse 365,2026-02-04,2012-01-01,episode
Great Ormond Street Hospital,observation_period,overall,Number of subjects,NA,2019-01-01 to 2019-12-31,54843,24.4,NA,years,Collapse 365,2026-02-04,2012-01-01,episode
Great Ormond Street Hospital,observation_period,overall,Age,NA,2019-01-01 to 2019-12-31,NA,NA,8,years,Collapse 365,2026-02-04,2012-01-01,episode
Great Ormond Street Hospital,observation_period,overall,Person-days,NA,2019-01-01 to 2019-12-31,5216756,6.35,NA,years,Collapse 365,2026-02-04,2012-01-01,episode
Great Ormond Street Hospital,observation_period,overall,Number of records,NA,2020-01-01 to 2020-12-31,62828,21.86,NA,years,Collapse 365,2026-02-04,2012-01-01,episode
Great Ormond Street Hospital,observation_period,overall,Number of subjects,NA,2020-01-01 to 2020-12-31,62828,27.96,NA,years,Collapse 365,2026-02-04,2012-01-01,episode
Great Ormond Street Hospital,observation_period,overall,Age,NA,2020-01-01 to 2020-12-31,NA,NA,8,years,Collapse 365,2026-02-04,2012-01-01,episode
Great Ormond Street Hospital,observation_period,overall,Person-days,NA,2020-01-01 to 2020-12-31,11402853,13.87,NA,years,Collapse 365,2026-02-04,2012-01-01,episode
Great Ormond Street Hospital,observation_period,overall,Number of records,NA,2021-01-01 to 2021-12-31,69597,24.22,NA,years,Collapse 365,2026-02-04,2012-01-01,episode
Great Ormond Street Hospital,observation_period,overall,Number of subjects,NA,2021-01-01 to 2021-12-31,69597,30.97,NA,years,Collapse 365,2026-02-04,2012-01-01,episode
Great Ormond Street Hospital,observation_period,overall,Age,NA,2021-01-01 to 2021-12-31,NA,NA,8,years,Collapse 365,2026-02-04,2012-01-01,episode
Great Ormond Street Hospital,observation_period,overall,Person-days,NA,2021-01-01 to 2021-12-31,12700231,15.45,NA,years,Collapse 365,2026-02-04,2012-01-01,episode
Great Ormond Street Hospital,observation_period,overall,Number of records,NA,2022-01-01 to 2022-12-31,73312,25.51,NA,years,Collapse 365,2026-02-04,2012-01-01,episode
Great Ormond Street Hospital,observation_period,overall,Number of subjects,NA,2022-01-01 to 2022-12-31,73312,32.62,NA,years,Collapse 365,2026-02-04,2012-01-01,episode
Great Ormond Street Hospital,observation_period,overall,Age,NA,2022-01-01 to 2022-12-31,NA,NA,8,years,Collapse 365,2026-02-04,2012-01-01,episode
Great Ormond Street Hospital,observation_period,overall,Person-days,NA,2022-01-01 to 2022-12-31,13294566,16.17,NA,years,Collapse 365,2026-02-04,2012-01-01,episode
Great Ormond Street Hospital,observation_period,overall,Number of records,NA,2023-01-01 to 2023-12-31,75672,26.33,NA,years,Collapse 365,2026-02-04,2012-01-01,episode
Great Ormond Street Hospital,observation_period,overall,Number of subjects,NA,2023-01-01 to 2023-12-31,75672,33.67,NA,years,Collapse 365,2026-02-04,2012-01-01,episode
Great Ormond Street Hospital,observation_period,overall,Age,NA,2023-01-01 to 2023-12-31,NA,NA,9,years,Collapse 365,2026-02-04,2012-01-01,episode
Great Ormond Street Hospital,observation_period,overall,Person-days,NA,2023-01-01 to 2023-12-31,13427280,16.33,NA,years,Collapse 365,2026-02-04,2012-01-01,episode
Great Ormond Street Hospital,observation_period,overall,Number of records,NA,2024-01-01 to 2024-12-31,78018,27.15,NA,years,Collapse 365,2026-02-04,2012-01-01,episode
Great Ormond Street Hospital,observation_period,overall,Number of subjects,NA,2024-01-01 to 2024-12-31,78018,34.71,NA,years,Collapse 365,2026-02-04,2012-01-01,episode
Great Ormond Street Hospital,observation_period,overall,Age,NA,2024-01-01 to 2024-12-31,NA,NA,9,years,Collapse 365,2026-02-04,2012-01-01,episode
Great Ormond Street Hospital,observation_period,overall,Person-days,NA,2024-01-01 to 2024-12-31,13921603,16.94,NA,years,Collapse 365,2026-02-04,2012-01-01,episode
Great Ormond Street Hospital,observation_period,overall,Number of records,NA,2025-01-01 to 2025-12-31,79524,27.67,NA,years,Collapse 365,2026-02-04,2012-01-01,episode
Great Ormond Street Hospital,observation_period,overall,Number of subjects,NA,2025-01-01 to 2025-12-31,79524,35.38,NA,years,Collapse 365,2026-02-04,2012-01-01,episode
Great Ormond Street Hospital,observation_period,overall,Age,NA,2025-01-01 to 2025-12-31,NA,NA,9,years,Collapse 365,2026-02-04,2012-01-01,episode
Great Ormond Street Hospital,observation_period,overall,Person-days,NA,2025-01-01 to 2025-12-31,11945873,14.53,NA,years,Collapse 365,2026-02-04,2012-01-01,episode
Great Ormond Street Hospital,observation_period,overall,Number of records,NA,2026-01-01 to 2026-12-31,17340,6.03,NA,years,Collapse 365,2026-02-04,2012-01-01,episode
Great Ormond Street Hospital,observation_period,overall,Number of subjects,NA,2026-01-01 to 2026-12-31,17340,7.72,NA,years,Collapse 365,2026-02-04,2012-01-01,episode
Great Ormond Street Hospital,observation_period,overall,Age,NA,2026-01-01 to 2026-12-31,NA,NA,9,years,Collapse 365,2026-02-04,2012-01-01,episode
Great Ormond Street Hospital,observation_period,overall,Person-days,NA,2026-01-01 to 2026-12-31,293320,0.36,NA,years,Collapse 365,2026-02-04,2012-01-01,episode
Great Ormond Street Hospital,observation_period,overall,Number of records,NA,overall,287363,100,NA,years,Collapse 365,2026-02-04,2012-01-01,episode
Great Ormond Street Hospital,observation_period,overall,Number of subjects,NA,overall,211933,94.3,NA,years,Collapse 365,2026-02-04,2012-01-01,episode
Great Ormond Street Hospital,observation_period,overall,Age,NA,overall,NA,NA,9,years,Collapse 365,2026-02-04,2012-01-01,episode
Great Ormond Street Hospital,observation_period,overall,Person-days,NA,overall,82204734,100,NA,years,Collapse 365,2026-02-04,2012-01-01,episode
Great Ormond Street Hospital,observation_period,overall,Number of records,NA,2017-01-01 to 2017-12-31,NA,NA,NA,years,Persistence 365,2026-02-04,2012-01-01,episode
Great Ormond Street Hospital,observation_period,overall,Number of subjects,NA,2017-01-01 to 2017-12-31,NA,NA,NA,years,Persistence 365,2026-02-04,2012-01-01,episode
Great Ormond Street Hospital,observation_period,overall,Age,NA,2017-01-01 to 2017-12-31,NA,NA,1,years,Persistence 365,2026-02-04,2012-01-01,episode
Great Ormond Street Hospital,observation_period,overall,Person-days,NA,2017-01-01 to 2017-12-31,142,0,NA,years,Persistence 365,2026-02-04,2012-01-01,episode
Great Ormond Street Hospital,observation_period,overall,Number of records,NA,2018-01-01 to 2018-12-31,19,0.01,NA,years,Persistence 365,2026-02-04,2012-01-01,episode
Great Ormond Street Hospital,observation_period,overall,Number of subjects,NA,2018-01-01 to 2018-12-31,19,0.01,NA,years,Persistence 365,2026-02-04,2012-01-01,episode
Great Ormond Street Hospital,observation_period,overall,Age,NA,2018-01-01 to 2018-12-31,NA,NA,1,years,Persistence 365,2026-02-04,2012-01-01,episode
Great Ormond Street Hospital,observation_period,overall,Person-days,NA,2018-01-01 to 2018-12-31,2110,0,NA,years,Persistence 365,2026-02-04,2012-01-01,episode
Great Ormond Street Hospital,observation_period,overall,Number of records,NA,2019-01-01 to 2019-12-31,54843,19.08,NA,years,Persistence 365,2026-02-04,2012-01-01,episode
Great Ormond Street Hospital,observation_period,overall,Number of subjects,NA,2019-01-01 to 2019-12-31,54843,24.4,NA,years,Persistence 365,2026-02-04,2012-01-01,episode
Great Ormond Street Hospital,observation_period,overall,Age,NA,2019-01-01 to 2019-12-31,NA,NA,8,years,Persistence 365,2026-02-04,2012-01-01,episode
Great Ormond Street Hospital,observation_period,overall,Person-days,NA,2019-01-01 to 2019-12-31,8379039,4.99,NA,years,Persistence 365,2026-02-04,2012-01-01,episode
Great Ormond Street Hospital,observation_period,overall,Number of records,NA,2020-01-01 to 2020-12-31,88415,30.77,NA,years,Persistence 365,2026-02-04,2012-01-01,episode
Great Ormond Street Hospital,observation_period,overall,Number of subjects,NA,2020-01-01 to 2020-12-31,83845,37.31,NA,years,Persistence 365,2026-02-04,2012-01-01,episode
Great Ormond Street Hospital,observation_period,overall,Age,NA,2020-01-01 to 2020-12-31,NA,NA,9,years,Persistence 365,2026-02-04,2012-01-01,episode
Great Ormond Street Hospital,observation_period,overall,Person-days,NA,2020-01-01 to 2020-12-31,23098298,13.75,NA,years,Persistence 365,2026-02-04,2012-01-01,episode
Great Ormond Street Hospital,observation_period,overall,Number of records,NA,2021-01-01 to 2021-12-31,99150,34.5,NA,years,Persistence 365,2026-02-04,2012-01-01,episode
Great Ormond Street Hospital,observation_period,overall,Number of subjects,NA,2021-01-01 to 2021-12-31,92348,41.09,NA,years,Persistence 365,2026-02-04,2012-01-01,episode
Great Ormond Street Hospital,observation_period,overall,Age,NA,2021-01-01 to 2021-12-31,NA,NA,9,years,Persistence 365,2026-02-04,2012-01-01,episode
Great Ormond Street Hospital,observation_period,overall,Person-days,NA,2021-01-01 to 2021-12-31,23879243,14.21,NA,years,Persistence 365,2026-02-04,2012-01-01,episode
Great Ormond Street Hospital,observation_period,overall,Number of records,NA,2022-01-01 to 2022-12-31,106675,37.12,NA,years,Persistence 365,2026-02-04,2012-01-01,episode
Great Ormond Street Hospital,observation_period,overall,Number of subjects,NA,2022-01-01 to 2022-12-31,99785,44.4,NA,years,Persistence 365,2026-02-04,2012-01-01,episode
Great Ormond Street Hospital,observation_period,overall,Age,NA,2022-01-01 to 2022-12-31,NA,NA,9,years,Persistence 365,2026-02-04,2012-01-01,episode
Great Ormond Street Hospital,observation_period,overall,Person-days,NA,2022-01-01 to 2022-12-31,26163529,15.57,NA,years,Persistence 365,2026-02-04,2012-01-01,episode
Great Ormond Street Hospital,observation_period,overall,Number of records,NA,2023-01-01 to 2023-12-31,112101,39.01,NA,years,Persistence 365,2026-02-04,2012-01-01,episode
Great Ormond Street Hospital,observation_period,overall,Number of subjects,NA,2023-01-01 to 2023-12-31,104516,46.5,NA,years,Persistence 365,2026-02-04,2012-01-01,episode
Great Ormond Street Hospital,observation_period,overall,Age,NA,2023-01-01 to 2023-12-31,NA,NA,9,years,Persistence 365,2026-02-04,2012-01-01,episode
Great Ormond Street Hospital,observation_period,overall,Person-days,NA,2023-01-01 to 2023-12-31,27041281,16.09,NA,years,Persistence 365,2026-02-04,2012-01-01,episode
Great Ormond Street Hospital,observation_period,overall,Number of records,NA,2024-01-01 to 2024-12-31,116140,40.42,NA,years,Persistence 365,2026-02-04,2012-01-01,episode
Great Ormond Street Hospital,observation_period,overall,Number of subjects,NA,2024-01-01 to 2024-12-31,107914,48.02,NA,years,Persistence 365,2026-02-04,2012-01-01,episode
Great Ormond Street Hospital,observation_period,overall,Age,NA,2024-01-01 to 2024-12-31,NA,NA,9,years,Persistence 365,2026-02-04,2012-01-01,episode
Great Ormond Street Hospital,observation_period,overall,Person-days,NA,2024-01-01 to 2024-12-31,27968528,16.64,NA,years,Persistence 365,2026-02-04,2012-01-01,episode
Great Ormond Street Hospital,observation_period,overall,Number of records,NA,2025-01-01 to 2025-12-31,118556,41.26,NA,years,Persistence 365,2026-02-04,2012-01-01,episode
Great Ormond Street Hospital,observation_period,overall,Number of subjects,NA,2025-01-01 to 2025-12-31,110674,49.24,NA,years,Persistence 365,2026-02-04,2012-01-01,episode
Great Ormond Street Hospital,observation_period,overall,Age,NA,2025-01-01 to 2025-12-31,NA,NA,10,years,Persistence 365,2026-02-04,2012-01-01,episode
Great Ormond Street Hospital,observation_period,overall,Person-days,NA,2025-01-01 to 2025-12-31,28739557,17.1,NA,years,Persistence 365,2026-02-04,2012-01-01,episode
Great Ormond Street Hospital,observation_period,overall,Number of records,NA,2026-01-01 to 2026-12-31,83023,28.89,NA,years,Persistence 365,2026-02-04,2012-01-01,episode
Great Ormond Street Hospital,observation_period,overall,Number of subjects,NA,2026-01-01 to 2026-12-31,82766,36.83,NA,years,Persistence 365,2026-02-04,2012-01-01,episode
Great Ormond Street Hospital,observation_period,overall,Age,NA,2026-01-01 to 2026-12-31,NA,NA,10,years,Persistence 365,2026-02-04,2012-01-01,episode
Great Ormond Street Hospital,observation_period,overall,Person-days,NA,2026-01-01 to 2026-12-31,2768695,1.65,NA,years,Persistence 365,2026-02-04,2012-01-01,episode
Great Ormond Street Hospital,observation_period,overall,Number of records,NA,overall,287363,100,NA,years,Persistence 365,2026-02-04,2012-01-01,episode
Great Ormond Street Hospital,observation_period,overall,Number of subjects,NA,overall,211933,94.3,NA,years,Persistence 365,2026-02-04,2012-01-01,episode
Great Ormond Street Hospital,observation_period,overall,Age,NA,overall,NA,NA,9,years,Persistence 365,2026-02-04,2012-01-01,episode
Great Ormond Street Hospital,observation_period,overall,Person-days,NA,overall,168040422,100,NA,years,Persistence 365,2026-02-04,2012-01-01,episode
Great Ormond Street Hospital,observation_period,overall,Number of records,NA,2017-01-01 to 2017-12-31,NA,NA,NA,years,Collapse 730,2026-02-04,2012-01-01,episode
Great Ormond Street Hospital,observation_period,overall,Number of subjects,NA,2017-01-01 to 2017-12-31,NA,NA,NA,years,Collapse 730,2026-02-04,2012-01-01,episode
Great Ormond Street Hospital,observation_period,overall,Age,NA,2017-01-01 to 2017-12-31,NA,NA,1,years,Collapse 730,2026-02-04,2012-01-01,episode
Great Ormond Street Hospital,observation_period,overall,Person-days,NA,2017-01-01 to 2017-12-31,142,0,NA,years,Collapse 730,2026-02-04,2012-01-01,episode
Great Ormond Street Hospital,observation_period,overall,Number of records,NA,2018-01-01 to 2018-12-31,19,0.01,NA,years,Collapse 730,2026-02-04,2012-01-01,episode
Great Ormond Street Hospital,observation_period,overall,Number of subjects,NA,2018-01-01 to 2018-12-31,19,0.01,NA,years,Collapse 730,2026-02-04,2012-01-01,episode
Great Ormond Street Hospital,observation_period,overall,Age,NA,2018-01-01 to 2018-12-31,NA,NA,1,years,Collapse 730,2026-02-04,2012-01-01,episode
Great Ormond Street Hospital,observation_period,overall,Person-days,NA,2018-01-01 to 2018-12-31,2110,0,NA,years,Collapse 730,2026-02-04,2012-01-01,episode
Great Ormond Street Hospital,observation_period,overall,Number of records,NA,2019-01-01 to 2019-12-31,54843,24.01,NA,years,Collapse 730,2026-02-04,2012-01-01,episode
Great Ormond Street Hospital,observation_period,overall,Number of subjects,NA,2019-01-01 to 2019-12-31,54843,24.4,NA,years,Collapse 730,2026-02-04,2012-01-01,episode
Great Ormond Street Hospital,observation_period,overall,Age,NA,2019-01-01 to 2019-12-31,NA,NA,8,years,Collapse 730,2026-02-04,2012-01-01,episode
Great Ormond Street Hospital,observation_period,overall,Person-days,NA,2019-01-01 to 2019-12-31,6170690,5.62,NA,years,Collapse 730,2026-02-04,2012-01-01,episode
Great Ormond Street Hospital,observation_period,overall,Number of records,NA,2020-01-01 to 2020-12-31,66183,28.97,NA,years,Collapse 730,2026-02-04,2012-01-01,episode
Great Ormond Street Hospital,observation_period,overall,Number of subjects,NA,2020-01-01 to 2020-12-31,66183,29.45,NA,years,Collapse 730,2026-02-04,2012-01-01,episode
Great Ormond Street Hospital,observation_period,overall,Age,NA,2020-01-01 to 2020-12-31,NA,NA,8,years,Collapse 730,2026-02-04,2012-01-01,episode
Great Ormond Street Hospital,observation_period,overall,Person-days,NA,2020-01-01 to 2020-12-31,15652398,14.26,NA,years,Collapse 730,2026-02-04,2012-01-01,episode
Great Ormond Street Hospital,observation_period,overall,Number of records,NA,2021-01-01 to 2021-12-31,72305,31.65,NA,years,Collapse 730,2026-02-04,2012-01-01,episode
Great Ormond Street Hospital,observation_period,overall,Number of subjects,NA,2021-01-01 to 2021-12-31,72305,32.17,NA,years,Collapse 730,2026-02-04,2012-01-01,episode
Great Ormond Street Hospital,observation_period,overall,Age,NA,2021-01-01 to 2021-12-31,NA,NA,8,years,Collapse 730,2026-02-04,2012-01-01,episode
Great Ormond Street Hospital,observation_period,overall,Person-days,NA,2021-01-01 to 2021-12-31,17334068,15.79,NA,years,Collapse 730,2026-02-04,2012-01-01,episode
Great Ormond Street Hospital,observation_period,overall,Number of records,NA,2022-01-01 to 2022-12-31,76516,33.5,NA,years,Collapse 730,2026-02-04,2012-01-01,episode
Great Ormond Street Hospital,observation_period,overall,Number of subjects,NA,2022-01-01 to 2022-12-31,76516,34.05,NA,years,Collapse 730,2026-02-04,2012-01-01,episode
Great Ormond Street Hospital,observation_period,overall,Age,NA,2022-01-01 to 2022-12-31,NA,NA,8,years,Collapse 730,2026-02-04,2012-01-01,episode
Great Ormond Street Hospital,observation_period,overall,Person-days,NA,2022-01-01 to 2022-12-31,18165134,16.54,NA,years,Collapse 730,2026-02-04,2012-01-01,episode
Great Ormond Street Hospital,observation_period,overall,Number of records,NA,2023-01-01 to 2023-12-31,78944,34.56,NA,years,Collapse 730,2026-02-04,2012-01-01,episode
Great Ormond Street Hospital,observation_period,overall,Number of subjects,NA,2023-01-01 to 2023-12-31,78944,35.13,NA,years,Collapse 730,2026-02-04,2012-01-01,episode
Great Ormond Street Hospital,observation_period,overall,Age,NA,2023-01-01 to 2023-12-31,NA,NA,9,years,Collapse 730,2026-02-04,2012-01-01,episode
Great Ormond Street Hospital,observation_period,overall,Person-days,NA,2023-01-01 to 2023-12-31,18768936,17.09,NA,years,Collapse 730,2026-02-04,2012-01-01,episode
Great Ormond Street Hospital,observation_period,overall,Number of records,NA,2024-01-01 to 2024-12-31,81278,35.58,NA,years,Collapse 730,2026-02-04,2012-01-01,episode
Great Ormond Street Hospital,observation_period,overall,Number of subjects,NA,2024-01-01 to 2024-12-31,81278,36.17,NA,years,Collapse 730,2026-02-04,2012-01-01,episode
Great Ormond Street Hospital,observation_period,overall,Age,NA,2024-01-01 to 2024-12-31,NA,NA,9,years,Collapse 730,2026-02-04,2012-01-01,episode
Great Ormond Street Hospital,observation_period,overall,Person-days,NA,2024-01-01 to 2024-12-31,19032095,17.33,NA,years,Collapse 730,2026-02-04,2012-01-01,episode
Great Ormond Street Hospital,observation_period,overall,Number of records,NA,2025-01-01 to 2025-12-31,80361,35.18,NA,years,Collapse 730,2026-02-04,2012-01-01,episode
Great Ormond Street Hospital,observation_period,overall,Number of subjects,NA,2025-01-01 to 2025-12-31,80361,35.76,NA,years,Collapse 730,2026-02-04,2012-01-01,episode
Great Ormond Street Hospital,observation_period,overall,Age,NA,2025-01-01 to 2025-12-31,NA,NA,9,years,Collapse 730,2026-02-04,2012-01-01,episode
Great Ormond Street Hospital,observation_period,overall,Person-days,NA,2025-01-01 to 2025-12-31,14361522,13.08,NA,years,Collapse 730,2026-02-04,2012-01-01,episode
Great Ormond Street Hospital,observation_period,overall,Number of records,NA,2026-01-01 to 2026-12-31,17340,7.59,NA,years,Collapse 730,2026-02-04,2012-01-01,episode
Great Ormond Street Hospital,observation_period,overall,Number of subjects,NA,2026-01-01 to 2026-12-31,17340,7.72,NA,years,Collapse 730,2026-02-04,2012-01-01,episode
Great Ormond Street Hospital,observation_period,overall,Age,NA,2026-01-01 to 2026-12-31,NA,NA,9,years,Collapse 730,2026-02-04,2012-01-01,episode
Great Ormond Street Hospital,observation_period,overall,Person-days,NA,2026-01-01 to 2026-12-31,313029,0.29,NA,years,Collapse 730,2026-02-04,2012-01-01,episode
Great Ormond Street Hospital,observation_period,overall,Number of records,NA,overall,228439,100,NA,years,Collapse 730,2026-02-04,2012-01-01,episode
Great Ormond Street Hospital,observation_period,overall,Number of subjects,NA,overall,211933,94.3,NA,years,Collapse 730,2026-02-04,2012-01-01,episode
Great Ormond Street Hospital,observation_period,overall,Age,NA,overall,NA,NA,8,years,Collapse 730,2026-02-04,2012-01-01,episode
Great Ormond Street Hospital,observation_period,overall,Person-days,NA,overall,109800124,100,NA,years,Collapse 730,2026-02-04,2012-01-01,episode
Great Ormond Street Hospital,observation_period,overall,Number of records,NA,2017-01-01 to 2017-12-31,NA,NA,NA,years,Persistence 730,2026-02-04,2012-01-01,episode
Great Ormond Street Hospital,observation_period,overall,Number of subjects,NA,2017-01-01 to 2017-12-31,NA,NA,NA,years,Persistence 730,2026-02-04,2012-01-01,episode
Great Ormond Street Hospital,observation_period,overall,Age,NA,2017-01-01 to 2017-12-31,NA,NA,1,years,Persistence 730,2026-02-04,2012-01-01,episode
Great Ormond Street Hospital,observation_period,overall,Person-days,NA,2017-01-01 to 2017-12-31,142,0,NA,years,Persistence 730,2026-02-04,2012-01-01,episode
Great Ormond Street Hospital,observation_period,overall,Number of records,NA,2018-01-01 to 2018-12-31,19,0.01,NA,years,Persistence 730,2026-02-04,2012-01-01,episode
Great Ormond Street Hospital,observation_period,overall,Number of subjects,NA,2018-01-01 to 2018-12-31,19,0.01,NA,years,Persistence 730,2026-02-04,2012-01-01,episode
Great Ormond Street Hospital,observation_period,overall,Age,NA,2018-01-01 to 2018-12-31,NA,NA,1,years,Persistence 730,2026-02-04,2012-01-01,episode
Great Ormond Street Hospital,observation_period,overall,Person-days,NA,2018-01-01 to 2018-12-31,2110,0,NA,years,Persistence 730,2026-02-04,2012-01-01,episode
Great Ormond Street Hospital,observation_period,overall,Number of records,NA,2019-01-01 to 2019-12-31,54843,24.01,NA,years,Persistence 730,2026-02-04,2012-01-01,episode
Great Ormond Street Hospital,observation_period,overall,Number of subjects,NA,2019-01-01 to 2019-12-31,54843,24.4,NA,years,Persistence 730,2026-02-04,2012-01-01,episode
Great Ormond Street Hospital,observation_period,overall,Age,NA,2019-01-01 to 2019-12-31,NA,NA,8,years,Persistence 730,2026-02-04,2012-01-01,episode
Great Ormond Street Hospital,observation_period,overall,Person-days,NA,2019-01-01 to 2019-12-31,8379039,3.78,NA,years,Persistence 730,2026-02-04,2012-01-01,episode
Great Ormond Street Hospital,observation_period,overall,Number of records,NA,2020-01-01 to 2020-12-31,83845,36.7,NA,years,Persistence 730,2026-02-04,2012-01-01,episode
Great Ormond Street Hospital,observation_period,overall,Number of subjects,NA,2020-01-01 to 2020-12-31,83845,37.31,NA,years,Persistence 730,2026-02-04,2012-01-01,episode
Great Ormond Street Hospital,observation_period,overall,Age,NA,2020-01-01 to 2020-12-31,NA,NA,9,years,Persistence 730,2026-02-04,2012-01-01,episode
Great Ormond Street Hospital,observation_period,overall,Person-days,NA,2020-01-01 to 2020-12-31,25854022,11.66,NA,years,Persistence 730,2026-02-04,2012-01-01,episode
Great Ormond Street Hospital,observation_period,overall,Number of records,NA,2021-01-01 to 2021-12-31,110020,48.16,NA,years,Persistence 730,2026-02-04,2012-01-01,episode
Great Ormond Street Hospital,observation_period,overall,Number of subjects,NA,2021-01-01 to 2021-12-31,108789,48.41,NA,years,Persistence 730,2026-02-04,2012-01-01,episode
Great Ormond Street Hospital,observation_period,overall,Age,NA,2021-01-01 to 2021-12-31,NA,NA,9,years,Persistence 730,2026-02-04,2012-01-01,episode
Great Ormond Street Hospital,observation_period,overall,Person-days,NA,2021-01-01 to 2021-12-31,32957641,14.86,NA,years,Persistence 730,2026-02-04,2012-01-01,episode
Great Ormond Street Hospital,observation_period,overall,Number of records,NA,2022-01-01 to 2022-12-31,119733,52.41,NA,years,Persistence 730,2026-02-04,2012-01-01,episode
Great Ormond Street Hospital,observation_period,overall,Number of subjects,NA,2022-01-01 to 2022-12-31,118228,52.61,NA,years,Persistence 730,2026-02-04,2012-01-01,episode
Great Ormond Street Hospital,observation_period,overall,Age,NA,2022-01-01 to 2022-12-31,NA,NA,9,years,Persistence 730,2026-02-04,2012-01-01,episode
Great Ormond Street Hospital,observation_period,overall,Person-days,NA,2022-01-01 to 2022-12-31,34885881,15.73,NA,years,Persistence 730,2026-02-04,2012-01-01,episode
Great Ormond Street Hospital,observation_period,overall,Number of records,NA,2023-01-01 to 2023-12-31,127694,55.9,NA,years,Persistence 730,2026-02-04,2012-01-01,episode
Great Ormond Street Hospital,observation_period,overall,Number of subjects,NA,2023-01-01 to 2023-12-31,126062,56.09,NA,years,Persistence 730,2026-02-04,2012-01-01,episode
Great Ormond Street Hospital,observation_period,overall,Age,NA,2023-01-01 to 2023-12-31,NA,NA,9,years,Persistence 730,2026-02-04,2012-01-01,episode
Great Ormond Street Hospital,observation_period,overall,Person-days,NA,2023-01-01 to 2023-12-31,37324578,16.83,NA,years,Persistence 730,2026-02-04,2012-01-01,episode
Great Ormond Street Hospital,observation_period,overall,Number of records,NA,2024-01-01 to 2024-12-31,133403,58.4,NA,years,Persistence 730,2026-02-04,2012-01-01,episode
Great Ormond Street Hospital,observation_period,overall,Number of subjects,NA,2024-01-01 to 2024-12-31,131724,58.61,NA,years,Persistence 730,2026-02-04,2012-01-01,episode
Great Ormond Street Hospital,observation_period,overall,Age,NA,2024-01-01 to 2024-12-31,NA,NA,10,years,Persistence 730,2026-02-04,2012-01-01,episode
Great Ormond Street Hospital,observation_period,overall,Person-days,NA,2024-01-01 to 2024-12-31,38724725,17.46,NA,years,Persistence 730,2026-02-04,2012-01-01,episode
Great Ormond Street Hospital,observation_period,overall,Number of records,NA,2025-01-01 to 2025-12-31,137303,60.1,NA,years,Persistence 730,2026-02-04,2012-01-01,episode
Great Ormond Street Hospital,observation_period,overall,Number of subjects,NA,2025-01-01 to 2025-12-31,135502,60.29,NA,years,Persistence 730,2026-02-04,2012-01-01,episode
Great Ormond Street Hospital,observation_period,overall,Age,NA,2025-01-01 to 2025-12-31,NA,NA,10,years,Persistence 730,2026-02-04,2012-01-01,episode
Great Ormond Street Hospital,observation_period,overall,Person-days,NA,2025-01-01 to 2025-12-31,39822184,17.95,NA,years,Persistence 730,2026-02-04,2012-01-01,episode
Great Ormond Street Hospital,observation_period,overall,Number of records,NA,2026-01-01 to 2026-12-31,112981,49.46,NA,years,Persistence 730,2026-02-04,2012-01-01,episode
Great Ormond Street Hospital,observation_period,overall,Number of subjects,NA,2026-01-01 to 2026-12-31,112911,50.24,NA,years,Persistence 730,2026-02-04,2012-01-01,episode
Great Ormond Street Hospital,observation_period,overall,Age,NA,2026-01-01 to 2026-12-31,NA,NA,10,years,Persistence 730,2026-02-04,2012-01-01,episode
Great Ormond Street Hospital,observation_period,overall,Person-days,NA,2026-01-01 to 2026-12-31,3858908,1.74,NA,years,Persistence 730,2026-02-04,2012-01-01,episode
Great Ormond Street Hospital,observation_period,overall,Number of records,NA,overall,228439,100,NA,years,Persistence 730,2026-02-04,2012-01-01,episode
Great Ormond Street Hospital,observation_period,overall,Number of subjects,NA,overall,211933,94.3,NA,years,Persistence 730,2026-02-04,2012-01-01,episode
Great Ormond Street Hospital,observation_period,overall,Age,NA,overall,NA,NA,8,years,Persistence 730,2026-02-04,2012-01-01,episode
Great Ormond Street Hospital,observation_period,overall,Person-days,NA,overall,221809230,100,NA,years,Persistence 730,2026-02-04,2012-01-01,episode
CPRD Aurum,observation_period,overall,Person-days,NA,2012-01-01 to 2012-12-31,NA,6.94,NA,years,NA,2025-03-31,2012-01-01,episode
CPRD Aurum,observation_period,overall,Person-days,NA,2013-01-01 to 2013-12-31,NA,7,NA,years,NA,2025-03-31,2012-01-01,episode
CPRD Aurum,observation_period,overall,Person-days,NA,2014-01-01 to 2014-12-31,NA,7.12,NA,years,NA,2025-03-31,2012-01-01,episode
CPRD Aurum,observation_period,overall,Person-days,NA,2015-01-01 to 2015-12-31,NA,7.27,NA,years,NA,2025-03-31,2012-01-01,episode
CPRD Aurum,observation_period,overall,Person-days,NA,2016-01-01 to 2016-12-31,NA,7.45,NA,years,NA,2025-03-31,2012-01-01,episode
CPRD Aurum,observation_period,overall,Person-days,NA,2017-01-01 to 2017-12-31,NA,7.59,NA,years,NA,2025-03-31,2012-01-01,episode
CPRD Aurum,observation_period,overall,Person-days,NA,2018-01-01 to 2018-12-31,NA,7.73,NA,years,NA,2025-03-31,2012-01-01,episode
CPRD Aurum,observation_period,overall,Person-days,NA,2019-01-01 to 2019-12-31,NA,7.78,NA,years,NA,2025-03-31,2012-01-01,episode
CPRD Aurum,observation_period,overall,Person-days,NA,2020-01-01 to 2020-12-31,NA,7.84,NA,years,NA,2025-03-31,2012-01-01,episode
CPRD Aurum,observation_period,overall,Person-days,NA,2021-01-01 to 2021-12-31,NA,7.91,NA,years,NA,2025-03-31,2012-01-01,episode
CPRD Aurum,observation_period,overall,Person-days,NA,2022-01-01 to 2022-12-31,NA,7.86,NA,years,NA,2025-03-31,2012-01-01,episode
CPRD Aurum,observation_period,overall,Person-days,NA,2023-01-01 to 2023-12-31,NA,7.83,NA,years,NA,2025-03-31,2012-01-01,episode
CPRD Aurum,observation_period,overall,Person-days,NA,2024-01-01 to 2024-12-31,NA,7.78,NA,years,NA,2025-03-31,2012-01-01,episode
CPRD Aurum,observation_period,overall,Person-days,NA,2025-01-01 to 2025-12-31,1402596942,1.9,NA,years,NA,2025-03-31,2012-01-01,episode
CPRD Aurum,observation_period,overall,Person-days,NA,overall,NA,100,NA,years,NA,2025-03-31,2012-01-01,episode
CPRD Aurum,visit_occurrence,overall,Number of records,NA,2012-01-01 to 2012-12-31,297956949,6.14,NA,years,NA,2025-03-31,2012-01-01,event
CPRD Aurum,visit_occurrence,TRUE,Number of records,NA,2012-01-01 to 2012-12-31,213410776,4.4,NA,years,NA,2025-03-31,2012-01-01,event
CPRD Aurum,visit_occurrence,FALSE,Number of records,NA,2012-01-01 to 2012-12-31,84546173,1.74,NA,years,NA,2025-03-31,2012-01-01,event
CPRD Aurum,visit_detail,overall,Number of records,NA,2012-01-01 to 2012-12-31,1445306530,6.23,NA,years,NA,2025-03-31,2012-01-01,event
CPRD Aurum,visit_detail,TRUE,Number of records,NA,2012-01-01 to 2012-12-31,1074891916,4.63,NA,years,NA,2025-03-31,2012-01-01,event
CPRD Aurum,visit_detail,FALSE,Number of records,NA,2012-01-01 to 2012-12-31,370414614,1.6,NA,years,NA,2025-03-31,2012-01-01,event
CPRD Aurum,condition_occurrence,overall,Number of records,NA,2012-01-01 to 2012-12-31,151240398,7.99,NA,years,NA,2025-03-31,2012-01-01,event
CPRD Aurum,condition_occurrence,FALSE,Number of records,NA,2012-01-01 to 2012-12-31,49730159,2.63,NA,years,NA,2025-03-31,2012-01-01,event
CPRD Aurum,condition_occurrence,TRUE,Number of records,NA,2012-01-01 to 2012-12-31,101510239,5.36,NA,years,NA,2025-03-31,2012-01-01,event
CPRD Aurum,drug_exposure,overall,Number of records,NA,2012-01-01 to 2012-12-31,314165285,6.91,NA,years,NA,2025-03-31,2012-01-01,event
CPRD Aurum,drug_exposure,TRUE,Number of records,NA,2012-01-01 to 2012-12-31,246616541,5.42,NA,years,NA,2025-03-31,2012-01-01,event
CPRD Aurum,drug_exposure,FALSE,Number of records,NA,2012-01-01 to 2012-12-31,67548744,1.49,NA,years,NA,2025-03-31,2012-01-01,event
CPRD Aurum,procedure_occurrence,overall,Number of records,NA,2012-01-01 to 2012-12-31,118394662,4.73,NA,years,NA,2025-03-31,2012-01-01,event
CPRD Aurum,procedure_occurrence,FALSE,Number of records,NA,2012-01-01 to 2012-12-31,35771364,1.43,NA,years,NA,2025-03-31,2012-01-01,event
CPRD Aurum,procedure_occurrence,TRUE,Number of records,NA,2012-01-01 to 2012-12-31,82623298,3.3,NA,years,NA,2025-03-31,2012-01-01,event
CPRD Aurum,device_exposure,overall,Number of records,NA,2012-01-01 to 2012-12-31,12078157,6.03,NA,years,NA,2025-03-31,2012-01-01,event
CPRD Aurum,device_exposure,TRUE,Number of records,NA,2012-01-01 to 2012-12-31,9685796,4.84,NA,years,NA,2025-03-31,2012-01-01,event
CPRD Aurum,device_exposure,FALSE,Number of records,NA,2012-01-01 to 2012-12-31,2392361,1.19,NA,years,NA,2025-03-31,2012-01-01,event
CPRD Aurum,measurement,overall,Number of records,NA,2012-01-01 to 2012-12-31,405277340,6.77,NA,years,NA,2025-03-31,2012-01-01,event
CPRD Aurum,measurement,FALSE,Number of records,NA,2012-01-01 to 2012-12-31,97014593,1.62,NA,years,NA,2025-03-31,2012-01-01,event
CPRD Aurum,measurement,TRUE,Number of records,NA,2012-01-01 to 2012-12-31,308262747,5.15,NA,years,NA,2025-03-31,2012-01-01,event
CPRD Aurum,observation,overall,Number of records,NA,2012-01-01 to 2012-12-31,515736856,5.48,NA,years,NA,2025-03-31,2012-01-01,event
CPRD Aurum,observation,FALSE,Number of records,NA,2012-01-01 to 2012-12-31,152025925,1.62,NA,years,NA,2025-03-31,2012-01-01,event
CPRD Aurum,observation,TRUE,Number of records,NA,2012-01-01 to 2012-12-31,363710931,3.86,NA,years,NA,2025-03-31,2012-01-01,event
CPRD Aurum,death,overall,Number of records,NA,2012-01-01 to 2012-12-31,138814,7.38,NA,years,NA,2025-03-31,2012-01-01,event
CPRD Aurum,death,FALSE,Number of records,NA,2012-01-01 to 2012-12-31,3435,0.18,NA,years,NA,2025-03-31,2012-01-01,event
CPRD Aurum,death,TRUE,Number of records,NA,2012-01-01 to 2012-12-31,135379,7.2,NA,years,NA,2025-03-31,2012-01-01,event
CPRD Aurum,drug_era,overall,Number of records,NA,2012-01-01 to 2012-12-31,124914547,9.91,NA,years,NA,2025-03-31,2012-01-01,event
CPRD Aurum,drug_era,TRUE,Number of records,NA,2012-01-01 to 2012-12-31,97615716,7.75,NA,years,NA,2025-03-31,2012-01-01,event
CPRD Aurum,drug_era,FALSE,Number of records,NA,2012-01-01 to 2012-12-31,27298831,2.17,NA,years,NA,2025-03-31,2012-01-01,event
CPRD Aurum,condition_era,overall,Number of records,NA,2012-01-01 to 2012-12-31,104345026,7.86,NA,years,NA,2025-03-31,2012-01-01,event
CPRD Aurum,condition_era,TRUE,Number of records,NA,2012-01-01 to 2012-12-31,69173830,5.21,NA,years,NA,2025-03-31,2012-01-01,event
CPRD Aurum,condition_era,FALSE,Number of records,NA,2012-01-01 to 2012-12-31,35171196,2.65,NA,years,NA,2025-03-31,2012-01-01,event
CPRD Aurum,visit_occurrence,overall,Number of records,NA,2013-01-01 to 2013-12-31,320084811,6.59,NA,years,NA,2025-03-31,2012-01-01,event
CPRD Aurum,visit_occurrence,FALSE,Number of records,NA,2013-01-01 to 2013-12-31,91970424,1.89,NA,years,NA,2025-03-31,2012-01-01,event
CPRD Aurum,visit_occurrence,TRUE,Number of records,NA,2013-01-01 to 2013-12-31,228114387,4.7,NA,years,NA,2025-03-31,2012-01-01,event
CPRD Aurum,visit_detail,overall,Number of records,NA,2013-01-01 to 2013-12-31,1529028591,6.59,NA,years,NA,2025-03-31,2012-01-01,event
CPRD Aurum,visit_detail,FALSE,Number of records,NA,2013-01-01 to 2013-12-31,401173216,1.73,NA,years,NA,2025-03-31,2012-01-01,event
CPRD Aurum,visit_detail,TRUE,Number of records,NA,2013-01-01 to 2013-12-31,1127855375,4.86,NA,years,NA,2025-03-31,2012-01-01,event
CPRD Aurum,condition_occurrence,overall,Number of records,NA,2013-01-01 to 2013-12-31,143785554,7.59,NA,years,NA,2025-03-31,2012-01-01,event
CPRD Aurum,condition_occurrence,TRUE,Number of records,NA,2013-01-01 to 2013-12-31,94370916,4.98,NA,years,NA,2025-03-31,2012-01-01,event
CPRD Aurum,condition_occurrence,FALSE,Number of records,NA,2013-01-01 to 2013-12-31,49414638,2.61,NA,years,NA,2025-03-31,2012-01-01,event
CPRD Aurum,drug_exposure,overall,Number of records,NA,2013-01-01 to 2013-12-31,327249860,7.2,NA,years,NA,2025-03-31,2012-01-01,event
CPRD Aurum,drug_exposure,FALSE,Number of records,NA,2013-01-01 to 2013-12-31,73128443,1.61,NA,years,NA,2025-03-31,2012-01-01,event
CPRD Aurum,drug_exposure,TRUE,Number of records,NA,2013-01-01 to 2013-12-31,254121417,5.59,NA,years,NA,2025-03-31,2012-01-01,event
CPRD Aurum,procedure_occurrence,overall,Number of records,NA,2013-01-01 to 2013-12-31,122940241,4.91,NA,years,NA,2025-03-31,2012-01-01,event
CPRD Aurum,procedure_occurrence,FALSE,Number of records,NA,2013-01-01 to 2013-12-31,39199553,1.57,NA,years,NA,2025-03-31,2012-01-01,event
CPRD Aurum,procedure_occurrence,TRUE,Number of records,NA,2013-01-01 to 2013-12-31,83740688,3.35,NA,years,NA,2025-03-31,2012-01-01,event
CPRD Aurum,device_exposure,overall,Number of records,NA,2013-01-01 to 2013-12-31,13050018,6.52,NA,years,NA,2025-03-31,2012-01-01,event
CPRD Aurum,device_exposure,FALSE,Number of records,NA,2013-01-01 to 2013-12-31,2683248,1.34,NA,years,NA,2025-03-31,2012-01-01,event
CPRD Aurum,device_exposure,TRUE,Number of records,NA,2013-01-01 to 2013-12-31,10366770,5.18,NA,years,NA,2025-03-31,2012-01-01,event
CPRD Aurum,measurement,overall,Number of records,NA,2013-01-01 to 2013-12-31,423437866,7.08,NA,years,NA,2025-03-31,2012-01-01,event
CPRD Aurum,measurement,TRUE,Number of records,NA,2013-01-01 to 2013-12-31,318942615,5.33,NA,years,NA,2025-03-31,2012-01-01,event
CPRD Aurum,measurement,FALSE,Number of records,NA,2013-01-01 to 2013-12-31,104495251,1.75,NA,years,NA,2025-03-31,2012-01-01,event
CPRD Aurum,observation,overall,Number of records,NA,2013-01-01 to 2013-12-31,574243602,6.1,NA,years,NA,2025-03-31,2012-01-01,event
CPRD Aurum,observation,TRUE,Number of records,NA,2013-01-01 to 2013-12-31,405465202,4.31,NA,years,NA,2025-03-31,2012-01-01,event
CPRD Aurum,observation,FALSE,Number of records,NA,2013-01-01 to 2013-12-31,168778400,1.79,NA,years,NA,2025-03-31,2012-01-01,event
CPRD Aurum,death,overall,Number of records,NA,2013-01-01 to 2013-12-31,145726,7.75,NA,years,NA,2025-03-31,2012-01-01,event
CPRD Aurum,death,FALSE,Number of records,NA,2013-01-01 to 2013-12-31,2953,0.16,NA,years,NA,2025-03-31,2012-01-01,event
CPRD Aurum,death,TRUE,Number of records,NA,2013-01-01 to 2013-12-31,142773,7.59,NA,years,NA,2025-03-31,2012-01-01,event
CPRD Aurum,drug_era,overall,Number of records,NA,2013-01-01 to 2013-12-31,122911849,9.75,NA,years,NA,2025-03-31,2012-01-01,event
CPRD Aurum,drug_era,TRUE,Number of records,NA,2013-01-01 to 2013-12-31,95053570,7.54,NA,years,NA,2025-03-31,2012-01-01,event
CPRD Aurum,drug_era,FALSE,Number of records,NA,2013-01-01 to 2013-12-31,27858279,2.21,NA,years,NA,2025-03-31,2012-01-01,event
CPRD Aurum,condition_era,overall,Number of records,NA,2013-01-01 to 2013-12-31,102543886,7.73,NA,years,NA,2025-03-31,2012-01-01,event
CPRD Aurum,condition_era,FALSE,Number of records,NA,2013-01-01 to 2013-12-31,35382176,2.67,NA,years,NA,2025-03-31,2012-01-01,event
CPRD Aurum,condition_era,TRUE,Number of records,NA,2013-01-01 to 2013-12-31,67161710,5.06,NA,years,NA,2025-03-31,2012-01-01,event
CPRD Aurum,visit_occurrence,overall,Number of records,NA,2014-01-01 to 2014-12-31,346986670,7.15,NA,years,NA,2025-03-31,2012-01-01,event
CPRD Aurum,visit_occurrence,FALSE,Number of records,NA,2014-01-01 to 2014-12-31,98441023,2.03,NA,years,NA,2025-03-31,2012-01-01,event
CPRD Aurum,visit_occurrence,TRUE,Number of records,NA,2014-01-01 to 2014-12-31,248545647,5.12,NA,years,NA,2025-03-31,2012-01-01,event
CPRD Aurum,visit_detail,overall,Number of records,NA,2014-01-01 to 2014-12-31,1605799345,6.92,NA,years,NA,2025-03-31,2012-01-01,event
CPRD Aurum,visit_detail,FALSE,Number of records,NA,2014-01-01 to 2014-12-31,425689221,1.84,NA,years,NA,2025-03-31,2012-01-01,event
CPRD Aurum,visit_detail,TRUE,Number of records,NA,2014-01-01 to 2014-12-31,1180110124,5.09,NA,years,NA,2025-03-31,2012-01-01,event
CPRD Aurum,condition_occurrence,overall,Number of records,NA,2014-01-01 to 2014-12-31,139289253,7.36,NA,years,NA,2025-03-31,2012-01-01,event
CPRD Aurum,condition_occurrence,FALSE,Number of records,NA,2014-01-01 to 2014-12-31,49444488,2.61,NA,years,NA,2025-03-31,2012-01-01,event
CPRD Aurum,condition_occurrence,TRUE,Number of records,NA,2014-01-01 to 2014-12-31,89844765,4.75,NA,years,NA,2025-03-31,2012-01-01,event
CPRD Aurum,drug_exposure,overall,Number of records,NA,2014-01-01 to 2014-12-31,342457148,7.53,NA,years,NA,2025-03-31,2012-01-01,event
CPRD Aurum,drug_exposure,FALSE,Number of records,NA,2014-01-01 to 2014-12-31,78248413,1.72,NA,years,NA,2025-03-31,2012-01-01,event
CPRD Aurum,drug_exposure,TRUE,Number of records,NA,2014-01-01 to 2014-12-31,264208735,5.81,NA,years,NA,2025-03-31,2012-01-01,event
CPRD Aurum,procedure_occurrence,overall,Number of records,NA,2014-01-01 to 2014-12-31,135003819,5.39,NA,years,NA,2025-03-31,2012-01-01,event
CPRD Aurum,procedure_occurrence,FALSE,Number of records,NA,2014-01-01 to 2014-12-31,43754592,1.75,NA,years,NA,2025-03-31,2012-01-01,event
CPRD Aurum,procedure_occurrence,TRUE,Number of records,NA,2014-01-01 to 2014-12-31,91249227,3.65,NA,years,NA,2025-03-31,2012-01-01,event
CPRD Aurum,device_exposure,overall,Number of records,NA,2014-01-01 to 2014-12-31,14210097,7.1,NA,years,NA,2025-03-31,2012-01-01,event
CPRD Aurum,device_exposure,FALSE,Number of records,NA,2014-01-01 to 2014-12-31,3018826,1.51,NA,years,NA,2025-03-31,2012-01-01,event
CPRD Aurum,device_exposure,TRUE,Number of records,NA,2014-01-01 to 2014-12-31,11191271,5.59,NA,years,NA,2025-03-31,2012-01-01,event
CPRD Aurum,measurement,overall,Number of records,NA,2014-01-01 to 2014-12-31,441276198,7.38,NA,years,NA,2025-03-31,2012-01-01,event
CPRD Aurum,measurement,FALSE,Number of records,NA,2014-01-01 to 2014-12-31,110775952,1.85,NA,years,NA,2025-03-31,2012-01-01,event
CPRD Aurum,measurement,TRUE,Number of records,NA,2014-01-01 to 2014-12-31,330500246,5.52,NA,years,NA,2025-03-31,2012-01-01,event
CPRD Aurum,observation,overall,Number of records,NA,2014-01-01 to 2014-12-31,613496272,6.52,NA,years,NA,2025-03-31,2012-01-01,event
CPRD Aurum,observation,TRUE,Number of records,NA,2014-01-01 to 2014-12-31,434089568,4.61,NA,years,NA,2025-03-31,2012-01-01,event
CPRD Aurum,observation,FALSE,Number of records,NA,2014-01-01 to 2014-12-31,179406704,1.91,NA,years,NA,2025-03-31,2012-01-01,event
CPRD Aurum,death,overall,Number of records,NA,2014-01-01 to 2014-12-31,137163,7.29,NA,years,NA,2025-03-31,2012-01-01,event
CPRD Aurum,death,TRUE,Number of records,NA,2014-01-01 to 2014-12-31,134750,7.16,NA,years,NA,2025-03-31,2012-01-01,event
CPRD Aurum,death,FALSE,Number of records,NA,2014-01-01 to 2014-12-31,2413,0.13,NA,years,NA,2025-03-31,2012-01-01,event
CPRD Aurum,drug_era,overall,Number of records,NA,2014-01-01 to 2014-12-31,119851996,9.51,NA,years,NA,2025-03-31,2012-01-01,event
CPRD Aurum,drug_era,TRUE,Number of records,NA,2014-01-01 to 2014-12-31,91758418,7.28,NA,years,NA,2025-03-31,2012-01-01,event
CPRD Aurum,drug_era,FALSE,Number of records,NA,2014-01-01 to 2014-12-31,28093578,2.23,NA,years,NA,2025-03-31,2012-01-01,event
CPRD Aurum,condition_era,overall,Number of records,NA,2014-01-01 to 2014-12-31,101181482,7.63,NA,years,NA,2025-03-31,2012-01-01,event
CPRD Aurum,condition_era,FALSE,Number of records,NA,2014-01-01 to 2014-12-31,35532455,2.68,NA,years,NA,2025-03-31,2012-01-01,event
CPRD Aurum,condition_era,TRUE,Number of records,NA,2014-01-01 to 2014-12-31,65649027,4.95,NA,years,NA,2025-03-31,2012-01-01,event
CPRD Aurum,visit_occurrence,overall,Number of records,NA,2015-01-01 to 2015-12-31,377030007,7.76,NA,years,NA,2025-03-31,2012-01-01,event
CPRD Aurum,visit_occurrence,FALSE,Number of records,NA,2015-01-01 to 2015-12-31,106856841,2.2,NA,years,NA,2025-03-31,2012-01-01,event
CPRD Aurum,visit_occurrence,TRUE,Number of records,NA,2015-01-01 to 2015-12-31,270173166,5.56,NA,years,NA,2025-03-31,2012-01-01,event
CPRD Aurum,visit_detail,overall,Number of records,NA,2015-01-01 to 2015-12-31,1693008055,7.3,NA,years,NA,2025-03-31,2012-01-01,event
CPRD Aurum,visit_detail,FALSE,Number of records,NA,2015-01-01 to 2015-12-31,453092042,1.95,NA,years,NA,2025-03-31,2012-01-01,event
CPRD Aurum,visit_detail,TRUE,Number of records,NA,2015-01-01 to 2015-12-31,1239916013,5.35,NA,years,NA,2025-03-31,2012-01-01,event
CPRD Aurum,condition_occurrence,overall,Number of records,NA,2015-01-01 to 2015-12-31,140109041,7.4,NA,years,NA,2025-03-31,2012-01-01,event
CPRD Aurum,condition_occurrence,FALSE,Number of records,NA,2015-01-01 to 2015-12-31,50116058,2.65,NA,years,NA,2025-03-31,2012-01-01,event
CPRD Aurum,condition_occurrence,TRUE,Number of records,NA,2015-01-01 to 2015-12-31,89992983,4.75,NA,years,NA,2025-03-31,2012-01-01,event
CPRD Aurum,drug_exposure,overall,Number of records,NA,2015-01-01 to 2015-12-31,352657072,7.76,NA,years,NA,2025-03-31,2012-01-01,event
CPRD Aurum,drug_exposure,FALSE,Number of records,NA,2015-01-01 to 2015-12-31,82420973,1.81,NA,years,NA,2025-03-31,2012-01-01,event
CPRD Aurum,drug_exposure,TRUE,Number of records,NA,2015-01-01 to 2015-12-31,270236099,5.94,NA,years,NA,2025-03-31,2012-01-01,event
CPRD Aurum,procedure_occurrence,overall,Number of records,NA,2015-01-01 to 2015-12-31,147594508,5.9,NA,years,NA,2025-03-31,2012-01-01,event
CPRD Aurum,procedure_occurrence,FALSE,Number of records,NA,2015-01-01 to 2015-12-31,46924179,1.87,NA,years,NA,2025-03-31,2012-01-01,event
CPRD Aurum,procedure_occurrence,TRUE,Number of records,NA,2015-01-01 to 2015-12-31,100670329,4.02,NA,years,NA,2025-03-31,2012-01-01,event
CPRD Aurum,device_exposure,overall,Number of records,NA,2015-01-01 to 2015-12-31,15467858,7.73,NA,years,NA,2025-03-31,2012-01-01,event
CPRD Aurum,device_exposure,FALSE,Number of records,NA,2015-01-01 to 2015-12-31,3369604,1.68,NA,years,NA,2025-03-31,2012-01-01,event
CPRD Aurum,device_exposure,TRUE,Number of records,NA,2015-01-01 to 2015-12-31,12098254,6.04,NA,years,NA,2025-03-31,2012-01-01,event
CPRD Aurum,measurement,overall,Number of records,NA,2015-01-01 to 2015-12-31,460062930,7.69,NA,years,NA,2025-03-31,2012-01-01,event
CPRD Aurum,measurement,TRUE,Number of records,NA,2015-01-01 to 2015-12-31,344408457,5.76,NA,years,NA,2025-03-31,2012-01-01,event
CPRD Aurum,measurement,FALSE,Number of records,NA,2015-01-01 to 2015-12-31,115654473,1.93,NA,years,NA,2025-03-31,2012-01-01,event
CPRD Aurum,observation,overall,Number of records,NA,2015-01-01 to 2015-12-31,660013555,7.01,NA,years,NA,2025-03-31,2012-01-01,event
CPRD Aurum,observation,FALSE,Number of records,NA,2015-01-01 to 2015-12-31,195347983,2.08,NA,years,NA,2025-03-31,2012-01-01,event
CPRD Aurum,observation,TRUE,Number of records,NA,2015-01-01 to 2015-12-31,464665572,4.94,NA,years,NA,2025-03-31,2012-01-01,event
CPRD Aurum,death,overall,Number of records,NA,2015-01-01 to 2015-12-31,140391,7.46,NA,years,NA,2025-03-31,2012-01-01,event
CPRD Aurum,death,FALSE,Number of records,NA,2015-01-01 to 2015-12-31,2405,0.13,NA,years,NA,2025-03-31,2012-01-01,event
CPRD Aurum,death,TRUE,Number of records,NA,2015-01-01 to 2015-12-31,137986,7.34,NA,years,NA,2025-03-31,2012-01-01,event
CPRD Aurum,drug_era,overall,Number of records,NA,2015-01-01 to 2015-12-31,114442979,9.08,NA,years,NA,2025-03-31,2012-01-01,event
CPRD Aurum,drug_era,FALSE,Number of records,NA,2015-01-01 to 2015-12-31,27345045,2.17,NA,years,NA,2025-03-31,2012-01-01,event
CPRD Aurum,drug_era,TRUE,Number of records,NA,2015-01-01 to 2015-12-31,87097934,6.91,NA,years,NA,2025-03-31,2012-01-01,event
CPRD Aurum,condition_era,overall,Number of records,NA,2015-01-01 to 2015-12-31,101832216,7.67,NA,years,NA,2025-03-31,2012-01-01,event
CPRD Aurum,condition_era,FALSE,Number of records,NA,2015-01-01 to 2015-12-31,35748869,2.69,NA,years,NA,2025-03-31,2012-01-01,event
CPRD Aurum,condition_era,TRUE,Number of records,NA,2015-01-01 to 2015-12-31,66083347,4.98,NA,years,NA,2025-03-31,2012-01-01,event
CPRD Aurum,visit_occurrence,overall,Number of records,NA,2016-01-01 to 2016-12-31,373996230,7.7,NA,years,NA,2025-03-31,2012-01-01,event
CPRD Aurum,visit_occurrence,TRUE,Number of records,NA,2016-01-01 to 2016-12-31,270063134,5.56,NA,years,NA,2025-03-31,2012-01-01,event
CPRD Aurum,visit_occurrence,FALSE,Number of records,NA,2016-01-01 to 2016-12-31,103933096,2.14,NA,years,NA,2025-03-31,2012-01-01,event
CPRD Aurum,visit_detail,overall,Number of records,NA,2016-01-01 to 2016-12-31,1732380392,7.47,NA,years,NA,2025-03-31,2012-01-01,event
CPRD Aurum,visit_detail,TRUE,Number of records,NA,2016-01-01 to 2016-12-31,1272605637,5.49,NA,years,NA,2025-03-31,2012-01-01,event
CPRD Aurum,visit_detail,FALSE,Number of records,NA,2016-01-01 to 2016-12-31,459774755,1.98,NA,years,NA,2025-03-31,2012-01-01,event
CPRD Aurum,condition_occurrence,overall,Number of records,NA,2016-01-01 to 2016-12-31,143436685,7.58,NA,years,NA,2025-03-31,2012-01-01,event
CPRD Aurum,condition_occurrence,TRUE,Number of records,NA,2016-01-01 to 2016-12-31,92118021,4.87,NA,years,NA,2025-03-31,2012-01-01,event
CPRD Aurum,condition_occurrence,FALSE,Number of records,NA,2016-01-01 to 2016-12-31,51318664,2.71,NA,years,NA,2025-03-31,2012-01-01,event
CPRD Aurum,drug_exposure,overall,Number of records,NA,2016-01-01 to 2016-12-31,361394381,7.95,NA,years,NA,2025-03-31,2012-01-01,event
CPRD Aurum,drug_exposure,TRUE,Number of records,NA,2016-01-01 to 2016-12-31,276283477,6.08,NA,years,NA,2025-03-31,2012-01-01,event
CPRD Aurum,drug_exposure,FALSE,Number of records,NA,2016-01-01 to 2016-12-31,85110904,1.87,NA,years,NA,2025-03-31,2012-01-01,event
CPRD Aurum,procedure_occurrence,overall,Number of records,NA,2016-01-01 to 2016-12-31,164658970,6.58,NA,years,NA,2025-03-31,2012-01-01,event
CPRD Aurum,procedure_occurrence,TRUE,Number of records,NA,2016-01-01 to 2016-12-31,114099303,4.56,NA,years,NA,2025-03-31,2012-01-01,event
CPRD Aurum,procedure_occurrence,FALSE,Number of records,NA,2016-01-01 to 2016-12-31,50559667,2.02,NA,years,NA,2025-03-31,2012-01-01,event
CPRD Aurum,device_exposure,overall,Number of records,NA,2016-01-01 to 2016-12-31,16442748,8.21,NA,years,NA,2025-03-31,2012-01-01,event
CPRD Aurum,device_exposure,TRUE,Number of records,NA,2016-01-01 to 2016-12-31,12819367,6.4,NA,years,NA,2025-03-31,2012-01-01,event
CPRD Aurum,device_exposure,FALSE,Number of records,NA,2016-01-01 to 2016-12-31,3623381,1.81,NA,years,NA,2025-03-31,2012-01-01,event
CPRD Aurum,measurement,overall,Number of records,NA,2016-01-01 to 2016-12-31,481453440,8.05,NA,years,NA,2025-03-31,2012-01-01,event
CPRD Aurum,measurement,TRUE,Number of records,NA,2016-01-01 to 2016-12-31,362513857,6.06,NA,years,NA,2025-03-31,2012-01-01,event
CPRD Aurum,measurement,FALSE,Number of records,NA,2016-01-01 to 2016-12-31,118939583,1.99,NA,years,NA,2025-03-31,2012-01-01,event
CPRD Aurum,observation,overall,Number of records,NA,2016-01-01 to 2016-12-31,652493837,6.93,NA,years,NA,2025-03-31,2012-01-01,event
CPRD Aurum,observation,FALSE,Number of records,NA,2016-01-01 to 2016-12-31,193455828,2.06,NA,years,NA,2025-03-31,2012-01-01,event
CPRD Aurum,observation,TRUE,Number of records,NA,2016-01-01 to 2016-12-31,459038009,4.88,NA,years,NA,2025-03-31,2012-01-01,event
CPRD Aurum,death,overall,Number of records,NA,2016-01-01 to 2016-12-31,140770,7.48,NA,years,NA,2025-03-31,2012-01-01,event
CPRD Aurum,death,FALSE,Number of records,NA,2016-01-01 to 2016-12-31,2043,0.11,NA,years,NA,2025-03-31,2012-01-01,event
CPRD Aurum,death,TRUE,Number of records,NA,2016-01-01 to 2016-12-31,138727,7.37,NA,years,NA,2025-03-31,2012-01-01,event
CPRD Aurum,drug_era,overall,Number of records,NA,2016-01-01 to 2016-12-31,109469780,8.69,NA,years,NA,2025-03-31,2012-01-01,event
CPRD Aurum,drug_era,FALSE,Number of records,NA,2016-01-01 to 2016-12-31,26341319,2.09,NA,years,NA,2025-03-31,2012-01-01,event
CPRD Aurum,drug_era,TRUE,Number of records,NA,2016-01-01 to 2016-12-31,83128461,6.6,NA,years,NA,2025-03-31,2012-01-01,event
CPRD Aurum,condition_era,overall,Number of records,NA,2016-01-01 to 2016-12-31,104147641,7.85,NA,years,NA,2025-03-31,2012-01-01,event
CPRD Aurum,condition_era,TRUE,Number of records,NA,2016-01-01 to 2016-12-31,67946011,5.12,NA,years,NA,2025-03-31,2012-01-01,event
CPRD Aurum,condition_era,FALSE,Number of records,NA,2016-01-01 to 2016-12-31,36201630,2.73,NA,years,NA,2025-03-31,2012-01-01,event
CPRD Aurum,visit_occurrence,overall,Number of records,NA,2017-01-01 to 2017-12-31,370767487,7.64,NA,years,NA,2025-03-31,2012-01-01,event
CPRD Aurum,visit_occurrence,TRUE,Number of records,NA,2017-01-01 to 2017-12-31,273635610,5.64,NA,years,NA,2025-03-31,2012-01-01,event
CPRD Aurum,visit_occurrence,FALSE,Number of records,NA,2017-01-01 to 2017-12-31,97131877,2,NA,years,NA,2025-03-31,2012-01-01,event
CPRD Aurum,visit_detail,overall,Number of records,NA,2017-01-01 to 2017-12-31,1740585598,7.5,NA,years,NA,2025-03-31,2012-01-01,event
CPRD Aurum,visit_detail,FALSE,Number of records,NA,2017-01-01 to 2017-12-31,437279700,1.89,NA,years,NA,2025-03-31,2012-01-01,event
CPRD Aurum,visit_detail,TRUE,Number of records,NA,2017-01-01 to 2017-12-31,1303305898,5.62,NA,years,NA,2025-03-31,2012-01-01,event
CPRD Aurum,condition_occurrence,overall,Number of records,NA,2017-01-01 to 2017-12-31,147520586,7.79,NA,years,NA,2025-03-31,2012-01-01,event
CPRD Aurum,condition_occurrence,FALSE,Number of records,NA,2017-01-01 to 2017-12-31,51961776,2.74,NA,years,NA,2025-03-31,2012-01-01,event
CPRD Aurum,condition_occurrence,TRUE,Number of records,NA,2017-01-01 to 2017-12-31,95558810,5.05,NA,years,NA,2025-03-31,2012-01-01,event
CPRD Aurum,drug_exposure,overall,Number of records,NA,2017-01-01 to 2017-12-31,358424250,7.88,NA,years,NA,2025-03-31,2012-01-01,event
CPRD Aurum,drug_exposure,TRUE,Number of records,NA,2017-01-01 to 2017-12-31,278590807,6.13,NA,years,NA,2025-03-31,2012-01-01,event
CPRD Aurum,drug_exposure,FALSE,Number of records,NA,2017-01-01 to 2017-12-31,79833443,1.76,NA,years,NA,2025-03-31,2012-01-01,event
CPRD Aurum,procedure_occurrence,overall,Number of records,NA,2017-01-01 to 2017-12-31,182233004,7.28,NA,years,NA,2025-03-31,2012-01-01,event
CPRD Aurum,procedure_occurrence,FALSE,Number of records,NA,2017-01-01 to 2017-12-31,52632243,2.1,NA,years,NA,2025-03-31,2012-01-01,event
CPRD Aurum,procedure_occurrence,TRUE,Number of records,NA,2017-01-01 to 2017-12-31,129600761,5.18,NA,years,NA,2025-03-31,2012-01-01,event
CPRD Aurum,device_exposure,overall,Number of records,NA,2017-01-01 to 2017-12-31,16265908,8.12,NA,years,NA,2025-03-31,2012-01-01,event
CPRD Aurum,device_exposure,TRUE,Number of records,NA,2017-01-01 to 2017-12-31,12869770,6.43,NA,years,NA,2025-03-31,2012-01-01,event
CPRD Aurum,device_exposure,FALSE,Number of records,NA,2017-01-01 to 2017-12-31,3396138,1.7,NA,years,NA,2025-03-31,2012-01-01,event
CPRD Aurum,measurement,overall,Number of records,NA,2017-01-01 to 2017-12-31,483801158,8.09,NA,years,NA,2025-03-31,2012-01-01,event
CPRD Aurum,measurement,FALSE,Number of records,NA,2017-01-01 to 2017-12-31,112254513,1.88,NA,years,NA,2025-03-31,2012-01-01,event
CPRD Aurum,measurement,TRUE,Number of records,NA,2017-01-01 to 2017-12-31,371546645,6.21,NA,years,NA,2025-03-31,2012-01-01,event
CPRD Aurum,observation,overall,Number of records,NA,2017-01-01 to 2017-12-31,645478683,6.86,NA,years,NA,2025-03-31,2012-01-01,event
CPRD Aurum,observation,TRUE,Number of records,NA,2017-01-01 to 2017-12-31,462098781,4.91,NA,years,NA,2025-03-31,2012-01-01,event
CPRD Aurum,observation,FALSE,Number of records,NA,2017-01-01 to 2017-12-31,183379902,1.95,NA,years,NA,2025-03-31,2012-01-01,event
CPRD Aurum,death,overall,Number of records,NA,2017-01-01 to 2017-12-31,142365,7.57,NA,years,NA,2025-03-31,2012-01-01,event
CPRD Aurum,death,TRUE,Number of records,NA,2017-01-01 to 2017-12-31,140534,7.47,NA,years,NA,2025-03-31,2012-01-01,event
CPRD Aurum,death,FALSE,Number of records,NA,2017-01-01 to 2017-12-31,1831,0.1,NA,years,NA,2025-03-31,2012-01-01,event
CPRD Aurum,drug_era,overall,Number of records,NA,2017-01-01 to 2017-12-31,101610352,8.06,NA,years,NA,2025-03-31,2012-01-01,event
CPRD Aurum,drug_era,TRUE,Number of records,NA,2017-01-01 to 2017-12-31,78207497,6.21,NA,years,NA,2025-03-31,2012-01-01,event
CPRD Aurum,drug_era,FALSE,Number of records,NA,2017-01-01 to 2017-12-31,23402855,1.86,NA,years,NA,2025-03-31,2012-01-01,event
CPRD Aurum,condition_era,overall,Number of records,NA,2017-01-01 to 2017-12-31,106308774,8.01,NA,years,NA,2025-03-31,2012-01-01,event
CPRD Aurum,condition_era,FALSE,Number of records,NA,2017-01-01 to 2017-12-31,35965090,2.71,NA,years,NA,2025-03-31,2012-01-01,event
CPRD Aurum,condition_era,TRUE,Number of records,NA,2017-01-01 to 2017-12-31,70343684,5.3,NA,years,NA,2025-03-31,2012-01-01,event
CPRD Aurum,visit_occurrence,overall,Number of records,NA,2018-01-01 to 2018-12-31,373054751,7.68,NA,years,NA,2025-03-31,2012-01-01,event
CPRD Aurum,visit_occurrence,TRUE,Number of records,NA,2018-01-01 to 2018-12-31,283344310,5.84,NA,years,NA,2025-03-31,2012-01-01,event
CPRD Aurum,visit_occurrence,FALSE,Number of records,NA,2018-01-01 to 2018-12-31,89710441,1.85,NA,years,NA,2025-03-31,2012-01-01,event
CPRD Aurum,visit_detail,overall,Number of records,NA,2018-01-01 to 2018-12-31,1751143832,7.55,NA,years,NA,2025-03-31,2012-01-01,event
CPRD Aurum,visit_detail,TRUE,Number of records,NA,2018-01-01 to 2018-12-31,1345228698,5.8,NA,years,NA,2025-03-31,2012-01-01,event
CPRD Aurum,visit_detail,FALSE,Number of records,NA,2018-01-01 to 2018-12-31,405915134,1.75,NA,years,NA,2025-03-31,2012-01-01,event
CPRD Aurum,condition_occurrence,overall,Number of records,NA,2018-01-01 to 2018-12-31,151615071,8.01,NA,years,NA,2025-03-31,2012-01-01,event
CPRD Aurum,condition_occurrence,TRUE,Number of records,NA,2018-01-01 to 2018-12-31,98914170,5.22,NA,years,NA,2025-03-31,2012-01-01,event
CPRD Aurum,condition_occurrence,FALSE,Number of records,NA,2018-01-01 to 2018-12-31,52700901,2.78,NA,years,NA,2025-03-31,2012-01-01,event
CPRD Aurum,drug_exposure,overall,Number of records,NA,2018-01-01 to 2018-12-31,353380203,7.77,NA,years,NA,2025-03-31,2012-01-01,event
CPRD Aurum,drug_exposure,TRUE,Number of records,NA,2018-01-01 to 2018-12-31,280921221,6.18,NA,years,NA,2025-03-31,2012-01-01,event
CPRD Aurum,drug_exposure,FALSE,Number of records,NA,2018-01-01 to 2018-12-31,72458982,1.59,NA,years,NA,2025-03-31,2012-01-01,event
CPRD Aurum,procedure_occurrence,overall,Number of records,NA,2018-01-01 to 2018-12-31,190697693,7.62,NA,years,NA,2025-03-31,2012-01-01,event
CPRD Aurum,procedure_occurrence,FALSE,Number of records,NA,2018-01-01 to 2018-12-31,51347088,2.05,NA,years,NA,2025-03-31,2012-01-01,event
CPRD Aurum,procedure_occurrence,TRUE,Number of records,NA,2018-01-01 to 2018-12-31,139350605,5.57,NA,years,NA,2025-03-31,2012-01-01,event
CPRD Aurum,device_exposure,overall,Number of records,NA,2018-01-01 to 2018-12-31,15988774,7.99,NA,years,NA,2025-03-31,2012-01-01,event
CPRD Aurum,device_exposure,TRUE,Number of records,NA,2018-01-01 to 2018-12-31,12908023,6.45,NA,years,NA,2025-03-31,2012-01-01,event
CPRD Aurum,device_exposure,FALSE,Number of records,NA,2018-01-01 to 2018-12-31,3080751,1.54,NA,years,NA,2025-03-31,2012-01-01,event
CPRD Aurum,measurement,overall,Number of records,NA,2018-01-01 to 2018-12-31,487285885,8.15,NA,years,NA,2025-03-31,2012-01-01,event
CPRD Aurum,measurement,FALSE,Number of records,NA,2018-01-01 to 2018-12-31,103474531,1.73,NA,years,NA,2025-03-31,2012-01-01,event
CPRD Aurum,measurement,TRUE,Number of records,NA,2018-01-01 to 2018-12-31,383811354,6.42,NA,years,NA,2025-03-31,2012-01-01,event
CPRD Aurum,observation,overall,Number of records,NA,2018-01-01 to 2018-12-31,653242333,6.94,NA,years,NA,2025-03-31,2012-01-01,event
CPRD Aurum,observation,TRUE,Number of records,NA,2018-01-01 to 2018-12-31,480098843,5.1,NA,years,NA,2025-03-31,2012-01-01,event
CPRD Aurum,observation,FALSE,Number of records,NA,2018-01-01 to 2018-12-31,173143490,1.84,NA,years,NA,2025-03-31,2012-01-01,event
CPRD Aurum,death,overall,Number of records,NA,2018-01-01 to 2018-12-31,143406,7.62,NA,years,NA,2025-03-31,2012-01-01,event
CPRD Aurum,death,FALSE,Number of records,NA,2018-01-01 to 2018-12-31,1692,0.09,NA,years,NA,2025-03-31,2012-01-01,event
CPRD Aurum,death,TRUE,Number of records,NA,2018-01-01 to 2018-12-31,141714,7.53,NA,years,NA,2025-03-31,2012-01-01,event
CPRD Aurum,drug_era,overall,Number of records,NA,2018-01-01 to 2018-12-31,93562527,7.42,NA,years,NA,2025-03-31,2012-01-01,event
CPRD Aurum,drug_era,TRUE,Number of records,NA,2018-01-01 to 2018-12-31,73448885,5.83,NA,years,NA,2025-03-31,2012-01-01,event
CPRD Aurum,drug_era,FALSE,Number of records,NA,2018-01-01 to 2018-12-31,20113642,1.6,NA,years,NA,2025-03-31,2012-01-01,event
CPRD Aurum,condition_era,overall,Number of records,NA,2018-01-01 to 2018-12-31,108259453,8.16,NA,years,NA,2025-03-31,2012-01-01,event
CPRD Aurum,condition_era,TRUE,Number of records,NA,2018-01-01 to 2018-12-31,72633806,5.47,NA,years,NA,2025-03-31,2012-01-01,event
CPRD Aurum,condition_era,FALSE,Number of records,NA,2018-01-01 to 2018-12-31,35625647,2.69,NA,years,NA,2025-03-31,2012-01-01,event
CPRD Aurum,visit_occurrence,overall,Number of records,NA,2019-01-01 to 2019-12-31,373722799,7.7,NA,years,NA,2025-03-31,2012-01-01,event
CPRD Aurum,visit_occurrence,FALSE,Number of records,NA,2019-01-01 to 2019-12-31,82051438,1.69,NA,years,NA,2025-03-31,2012-01-01,event
CPRD Aurum,visit_occurrence,TRUE,Number of records,NA,2019-01-01 to 2019-12-31,291671361,6.01,NA,years,NA,2025-03-31,2012-01-01,event
CPRD Aurum,visit_detail,overall,Number of records,NA,2019-01-01 to 2019-12-31,1757947969,7.58,NA,years,NA,2025-03-31,2012-01-01,event
CPRD Aurum,visit_detail,FALSE,Number of records,NA,2019-01-01 to 2019-12-31,371883078,1.6,NA,years,NA,2025-03-31,2012-01-01,event
CPRD Aurum,visit_detail,TRUE,Number of records,NA,2019-01-01 to 2019-12-31,1386064891,5.98,NA,years,NA,2025-03-31,2012-01-01,event
CPRD Aurum,condition_occurrence,overall,Number of records,NA,2019-01-01 to 2019-12-31,155027016,8.19,NA,years,NA,2025-03-31,2012-01-01,event
CPRD Aurum,condition_occurrence,FALSE,Number of records,NA,2019-01-01 to 2019-12-31,53375163,2.82,NA,years,NA,2025-03-31,2012-01-01,event
CPRD Aurum,condition_occurrence,TRUE,Number of records,NA,2019-01-01 to 2019-12-31,101651853,5.37,NA,years,NA,2025-03-31,2012-01-01,event
CPRD Aurum,drug_exposure,overall,Number of records,NA,2019-01-01 to 2019-12-31,346652486,7.62,NA,years,NA,2025-03-31,2012-01-01,event
CPRD Aurum,drug_exposure,FALSE,Number of records,NA,2019-01-01 to 2019-12-31,64573279,1.42,NA,years,NA,2025-03-31,2012-01-01,event
CPRD Aurum,drug_exposure,TRUE,Number of records,NA,2019-01-01 to 2019-12-31,282079207,6.2,NA,years,NA,2025-03-31,2012-01-01,event
CPRD Aurum,procedure_occurrence,overall,Number of records,NA,2019-01-01 to 2019-12-31,200992843,8.03,NA,years,NA,2025-03-31,2012-01-01,event
CPRD Aurum,procedure_occurrence,FALSE,Number of records,NA,2019-01-01 to 2019-12-31,49393602,1.97,NA,years,NA,2025-03-31,2012-01-01,event
CPRD Aurum,procedure_occurrence,TRUE,Number of records,NA,2019-01-01 to 2019-12-31,151599241,6.06,NA,years,NA,2025-03-31,2012-01-01,event
CPRD Aurum,device_exposure,overall,Number of records,NA,2019-01-01 to 2019-12-31,15510834,7.75,NA,years,NA,2025-03-31,2012-01-01,event
CPRD Aurum,device_exposure,FALSE,Number of records,NA,2019-01-01 to 2019-12-31,2731426,1.36,NA,years,NA,2025-03-31,2012-01-01,event
CPRD Aurum,device_exposure,TRUE,Number of records,NA,2019-01-01 to 2019-12-31,12779408,6.38,NA,years,NA,2025-03-31,2012-01-01,event
CPRD Aurum,measurement,overall,Number of records,NA,2019-01-01 to 2019-12-31,484769217,8.1,NA,years,NA,2025-03-31,2012-01-01,event
CPRD Aurum,measurement,TRUE,Number of records,NA,2019-01-01 to 2019-12-31,391561786,6.55,NA,years,NA,2025-03-31,2012-01-01,event
CPRD Aurum,measurement,FALSE,Number of records,NA,2019-01-01 to 2019-12-31,93207431,1.56,NA,years,NA,2025-03-31,2012-01-01,event
CPRD Aurum,observation,overall,Number of records,NA,2019-01-01 to 2019-12-31,667276236,7.09,NA,years,NA,2025-03-31,2012-01-01,event
CPRD Aurum,observation,TRUE,Number of records,NA,2019-01-01 to 2019-12-31,503442400,5.35,NA,years,NA,2025-03-31,2012-01-01,event
CPRD Aurum,observation,FALSE,Number of records,NA,2019-01-01 to 2019-12-31,163833836,1.74,NA,years,NA,2025-03-31,2012-01-01,event
CPRD Aurum,death,overall,Number of records,NA,2019-01-01 to 2019-12-31,140186,7.45,NA,years,NA,2025-03-31,2012-01-01,event
CPRD Aurum,death,TRUE,Number of records,NA,2019-01-01 to 2019-12-31,138508,7.36,NA,years,NA,2025-03-31,2012-01-01,event
CPRD Aurum,death,FALSE,Number of records,NA,2019-01-01 to 2019-12-31,1678,0.09,NA,years,NA,2025-03-31,2012-01-01,event
CPRD Aurum,drug_era,overall,Number of records,NA,2019-01-01 to 2019-12-31,86717152,6.88,NA,years,NA,2025-03-31,2012-01-01,event
CPRD Aurum,drug_era,TRUE,Number of records,NA,2019-01-01 to 2019-12-31,69580035,5.52,NA,years,NA,2025-03-31,2012-01-01,event
CPRD Aurum,drug_era,FALSE,Number of records,NA,2019-01-01 to 2019-12-31,17137117,1.36,NA,years,NA,2025-03-31,2012-01-01,event
CPRD Aurum,condition_era,overall,Number of records,NA,2019-01-01 to 2019-12-31,109656751,8.26,NA,years,NA,2025-03-31,2012-01-01,event
CPRD Aurum,condition_era,FALSE,Number of records,NA,2019-01-01 to 2019-12-31,35325205,2.66,NA,years,NA,2025-03-31,2012-01-01,event
CPRD Aurum,condition_era,TRUE,Number of records,NA,2019-01-01 to 2019-12-31,74331546,5.6,NA,years,NA,2025-03-31,2012-01-01,event
CPRD Aurum,visit_occurrence,overall,Number of records,NA,2020-01-01 to 2020-12-31,347597515,7.16,NA,years,NA,2025-03-31,2012-01-01,event
CPRD Aurum,visit_occurrence,FALSE,Number of records,NA,2020-01-01 to 2020-12-31,68828547,1.42,NA,years,NA,2025-03-31,2012-01-01,event
CPRD Aurum,visit_occurrence,TRUE,Number of records,NA,2020-01-01 to 2020-12-31,278768968,5.74,NA,years,NA,2025-03-31,2012-01-01,event
CPRD Aurum,visit_detail,overall,Number of records,NA,2020-01-01 to 2020-12-31,1538429114,6.63,NA,years,NA,2025-03-31,2012-01-01,event
CPRD Aurum,visit_detail,FALSE,Number of records,NA,2020-01-01 to 2020-12-31,299749842,1.29,NA,years,NA,2025-03-31,2012-01-01,event
CPRD Aurum,visit_detail,TRUE,Number of records,NA,2020-01-01 to 2020-12-31,1238679272,5.34,NA,years,NA,2025-03-31,2012-01-01,event
CPRD Aurum,condition_occurrence,overall,Number of records,NA,2020-01-01 to 2020-12-31,119617837,6.32,NA,years,NA,2025-03-31,2012-01-01,event
CPRD Aurum,condition_occurrence,FALSE,Number of records,NA,2020-01-01 to 2020-12-31,43408772,2.29,NA,years,NA,2025-03-31,2012-01-01,event
CPRD Aurum,condition_occurrence,TRUE,Number of records,NA,2020-01-01 to 2020-12-31,76209065,4.03,NA,years,NA,2025-03-31,2012-01-01,event
CPRD Aurum,drug_exposure,overall,Number of records,NA,2020-01-01 to 2020-12-31,336902029,7.41,NA,years,NA,2025-03-31,2012-01-01,event
CPRD Aurum,drug_exposure,FALSE,Number of records,NA,2020-01-01 to 2020-12-31,55802058,1.23,NA,years,NA,2025-03-31,2012-01-01,event
CPRD Aurum,drug_exposure,TRUE,Number of records,NA,2020-01-01 to 2020-12-31,281099971,6.18,NA,years,NA,2025-03-31,2012-01-01,event
CPRD Aurum,procedure_occurrence,overall,Number of records,NA,2020-01-01 to 2020-12-31,196256972,7.84,NA,years,NA,2025-03-31,2012-01-01,event
CPRD Aurum,procedure_occurrence,FALSE,Number of records,NA,2020-01-01 to 2020-12-31,43255505,1.73,NA,years,NA,2025-03-31,2012-01-01,event
CPRD Aurum,procedure_occurrence,TRUE,Number of records,NA,2020-01-01 to 2020-12-31,153001467,6.11,NA,years,NA,2025-03-31,2012-01-01,event
CPRD Aurum,device_exposure,overall,Number of records,NA,2020-01-01 to 2020-12-31,15419094,7.7,NA,years,NA,2025-03-31,2012-01-01,event
CPRD Aurum,device_exposure,FALSE,Number of records,NA,2020-01-01 to 2020-12-31,2461056,1.23,NA,years,NA,2025-03-31,2012-01-01,event
CPRD Aurum,device_exposure,TRUE,Number of records,NA,2020-01-01 to 2020-12-31,12958038,6.47,NA,years,NA,2025-03-31,2012-01-01,event
CPRD Aurum,measurement,overall,Number of records,NA,2020-01-01 to 2020-12-31,354458045,5.93,NA,years,NA,2025-03-31,2012-01-01,event
CPRD Aurum,measurement,FALSE,Number of records,NA,2020-01-01 to 2020-12-31,61730572,1.03,NA,years,NA,2025-03-31,2012-01-01,event
CPRD Aurum,measurement,TRUE,Number of records,NA,2020-01-01 to 2020-12-31,292727473,4.89,NA,years,NA,2025-03-31,2012-01-01,event
CPRD Aurum,observation,overall,Number of records,NA,2020-01-01 to 2020-12-31,617905971,6.56,NA,years,NA,2025-03-31,2012-01-01,event
CPRD Aurum,observation,FALSE,Number of records,NA,2020-01-01 to 2020-12-31,144321828,1.53,NA,years,NA,2025-03-31,2012-01-01,event
CPRD Aurum,observation,TRUE,Number of records,NA,2020-01-01 to 2020-12-31,473584143,5.03,NA,years,NA,2025-03-31,2012-01-01,event
CPRD Aurum,death,overall,Number of records,NA,2020-01-01 to 2020-12-31,157664,8.38,NA,years,NA,2025-03-31,2012-01-01,event
CPRD Aurum,death,FALSE,Number of records,NA,2020-01-01 to 2020-12-31,1691,0.09,NA,years,NA,2025-03-31,2012-01-01,event
CPRD Aurum,death,TRUE,Number of records,NA,2020-01-01 to 2020-12-31,155973,8.29,NA,years,NA,2025-03-31,2012-01-01,event
CPRD Aurum,drug_era,overall,Number of records,NA,2020-01-01 to 2020-12-31,74456839,5.91,NA,years,NA,2025-03-31,2012-01-01,event
CPRD Aurum,drug_era,FALSE,Number of records,NA,2020-01-01 to 2020-12-31,13386843,1.06,NA,years,NA,2025-03-31,2012-01-01,event
CPRD Aurum,drug_era,TRUE,Number of records,NA,2020-01-01 to 2020-12-31,61069996,4.85,NA,years,NA,2025-03-31,2012-01-01,event
CPRD Aurum,condition_era,overall,Number of records,NA,2020-01-01 to 2020-12-31,79599929,6,NA,years,NA,2025-03-31,2012-01-01,event
CPRD Aurum,condition_era,TRUE,Number of records,NA,2020-01-01 to 2020-12-31,52869529,3.98,NA,years,NA,2025-03-31,2012-01-01,event
CPRD Aurum,condition_era,FALSE,Number of records,NA,2020-01-01 to 2020-12-31,26730400,2.01,NA,years,NA,2025-03-31,2012-01-01,event
CPRD Aurum,visit_occurrence,overall,Number of records,NA,2021-01-01 to 2021-12-31,422334828,8.7,NA,years,NA,2025-03-31,2012-01-01,event
CPRD Aurum,visit_occurrence,FALSE,Number of records,NA,2021-01-01 to 2021-12-31,72402295,1.49,NA,years,NA,2025-03-31,2012-01-01,event
CPRD Aurum,visit_occurrence,TRUE,Number of records,NA,2021-01-01 to 2021-12-31,349932533,7.21,NA,years,NA,2025-03-31,2012-01-01,event
CPRD Aurum,visit_detail,overall,Number of records,NA,2021-01-01 to 2021-12-31,1924714349,8.3,NA,years,NA,2025-03-31,2012-01-01,event
CPRD Aurum,visit_detail,TRUE,Number of records,NA,2021-01-01 to 2021-12-31,1600055898,6.9,NA,years,NA,2025-03-31,2012-01-01,event
CPRD Aurum,visit_detail,FALSE,Number of records,NA,2021-01-01 to 2021-12-31,324658451,1.4,NA,years,NA,2025-03-31,2012-01-01,event
CPRD Aurum,condition_occurrence,overall,Number of records,NA,2021-01-01 to 2021-12-31,133131670,7.03,NA,years,NA,2025-03-31,2012-01-01,event
CPRD Aurum,condition_occurrence,TRUE,Number of records,NA,2021-01-01 to 2021-12-31,86410381,4.56,NA,years,NA,2025-03-31,2012-01-01,event
CPRD Aurum,condition_occurrence,FALSE,Number of records,NA,2021-01-01 to 2021-12-31,46721289,2.47,NA,years,NA,2025-03-31,2012-01-01,event
CPRD Aurum,drug_exposure,overall,Number of records,NA,2021-01-01 to 2021-12-31,396368712,8.72,NA,years,NA,2025-03-31,2012-01-01,event
CPRD Aurum,drug_exposure,TRUE,Number of records,NA,2021-01-01 to 2021-12-31,339240636,7.46,NA,years,NA,2025-03-31,2012-01-01,event
CPRD Aurum,drug_exposure,FALSE,Number of records,NA,2021-01-01 to 2021-12-31,57128076,1.26,NA,years,NA,2025-03-31,2012-01-01,event
CPRD Aurum,procedure_occurrence,overall,Number of records,NA,2021-01-01 to 2021-12-31,247127695,9.87,NA,years,NA,2025-03-31,2012-01-01,event
CPRD Aurum,procedure_occurrence,TRUE,Number of records,NA,2021-01-01 to 2021-12-31,199069379,7.95,NA,years,NA,2025-03-31,2012-01-01,event
CPRD Aurum,procedure_occurrence,FALSE,Number of records,NA,2021-01-01 to 2021-12-31,48058316,1.92,NA,years,NA,2025-03-31,2012-01-01,event
CPRD Aurum,device_exposure,overall,Number of records,NA,2021-01-01 to 2021-12-31,15791665,7.89,NA,years,NA,2025-03-31,2012-01-01,event
CPRD Aurum,device_exposure,FALSE,Number of records,NA,2021-01-01 to 2021-12-31,2207558,1.1,NA,years,NA,2025-03-31,2012-01-01,event
CPRD Aurum,device_exposure,TRUE,Number of records,NA,2021-01-01 to 2021-12-31,13584107,6.78,NA,years,NA,2025-03-31,2012-01-01,event
CPRD Aurum,measurement,overall,Number of records,NA,2021-01-01 to 2021-12-31,461928029,7.72,NA,years,NA,2025-03-31,2012-01-01,event
CPRD Aurum,measurement,TRUE,Number of records,NA,2021-01-01 to 2021-12-31,397571816,6.65,NA,years,NA,2025-03-31,2012-01-01,event
CPRD Aurum,measurement,FALSE,Number of records,NA,2021-01-01 to 2021-12-31,64356213,1.08,NA,years,NA,2025-03-31,2012-01-01,event
CPRD Aurum,observation,overall,Number of records,NA,2021-01-01 to 2021-12-31,812066576,8.63,NA,years,NA,2025-03-31,2012-01-01,event
CPRD Aurum,observation,FALSE,Number of records,NA,2021-01-01 to 2021-12-31,168757595,1.79,NA,years,NA,2025-03-31,2012-01-01,event
CPRD Aurum,observation,TRUE,Number of records,NA,2021-01-01 to 2021-12-31,643308981,6.83,NA,years,NA,2025-03-31,2012-01-01,event
CPRD Aurum,death,overall,Number of records,NA,2021-01-01 to 2021-12-31,150185,7.98,NA,years,NA,2025-03-31,2012-01-01,event
CPRD Aurum,death,FALSE,Number of records,NA,2021-01-01 to 2021-12-31,1627,0.09,NA,years,NA,2025-03-31,2012-01-01,event
CPRD Aurum,death,TRUE,Number of records,NA,2021-01-01 to 2021-12-31,148558,7.9,NA,years,NA,2025-03-31,2012-01-01,event
CPRD Aurum,drug_era,overall,Number of records,NA,2021-01-01 to 2021-12-31,83746536,6.65,NA,years,NA,2025-03-31,2012-01-01,event
CPRD Aurum,drug_era,FALSE,Number of records,NA,2021-01-01 to 2021-12-31,13874544,1.1,NA,years,NA,2025-03-31,2012-01-01,event
CPRD Aurum,drug_era,TRUE,Number of records,NA,2021-01-01 to 2021-12-31,69871992,5.54,NA,years,NA,2025-03-31,2012-01-01,event
CPRD Aurum,condition_era,overall,Number of records,NA,2021-01-01 to 2021-12-31,88917504,6.7,NA,years,NA,2025-03-31,2012-01-01,event
CPRD Aurum,condition_era,FALSE,Number of records,NA,2021-01-01 to 2021-12-31,28529489,2.15,NA,years,NA,2025-03-31,2012-01-01,event
CPRD Aurum,condition_era,TRUE,Number of records,NA,2021-01-01 to 2021-12-31,60388015,4.55,NA,years,NA,2025-03-31,2012-01-01,event
CPRD Aurum,visit_occurrence,overall,Number of records,NA,2022-01-01 to 2022-12-31,401224877,8.26,NA,years,NA,2025-03-31,2012-01-01,event
CPRD Aurum,visit_occurrence,FALSE,Number of records,NA,2022-01-01 to 2022-12-31,56164082,1.16,NA,years,NA,2025-03-31,2012-01-01,event
CPRD Aurum,visit_occurrence,TRUE,Number of records,NA,2022-01-01 to 2022-12-31,345060795,7.11,NA,years,NA,2025-03-31,2012-01-01,event
CPRD Aurum,visit_detail,overall,Number of records,NA,2022-01-01 to 2022-12-31,1978199642,8.53,NA,years,NA,2025-03-31,2012-01-01,event
CPRD Aurum,visit_detail,FALSE,Number of records,NA,2022-01-01 to 2022-12-31,267754777,1.15,NA,years,NA,2025-03-31,2012-01-01,event
CPRD Aurum,visit_detail,TRUE,Number of records,NA,2022-01-01 to 2022-12-31,1710444865,7.37,NA,years,NA,2025-03-31,2012-01-01,event
CPRD Aurum,condition_occurrence,overall,Number of records,NA,2022-01-01 to 2022-12-31,137478125,7.26,NA,years,NA,2025-03-31,2012-01-01,event
CPRD Aurum,condition_occurrence,FALSE,Number of records,NA,2022-01-01 to 2022-12-31,46071558,2.43,NA,years,NA,2025-03-31,2012-01-01,event
CPRD Aurum,condition_occurrence,TRUE,Number of records,NA,2022-01-01 to 2022-12-31,91406567,4.83,NA,years,NA,2025-03-31,2012-01-01,event
CPRD Aurum,drug_exposure,overall,Number of records,NA,2022-01-01 to 2022-12-31,342969071,7.54,NA,years,NA,2025-03-31,2012-01-01,event
CPRD Aurum,drug_exposure,FALSE,Number of records,NA,2022-01-01 to 2022-12-31,38577394,0.85,NA,years,NA,2025-03-31,2012-01-01,event
CPRD Aurum,drug_exposure,TRUE,Number of records,NA,2022-01-01 to 2022-12-31,304391677,6.69,NA,years,NA,2025-03-31,2012-01-01,event
CPRD Aurum,procedure_occurrence,overall,Number of records,NA,2022-01-01 to 2022-12-31,251473300,10.05,NA,years,NA,2025-03-31,2012-01-01,event
CPRD Aurum,procedure_occurrence,FALSE,Number of records,NA,2022-01-01 to 2022-12-31,39608868,1.58,NA,years,NA,2025-03-31,2012-01-01,event
CPRD Aurum,procedure_occurrence,TRUE,Number of records,NA,2022-01-01 to 2022-12-31,211864432,8.46,NA,years,NA,2025-03-31,2012-01-01,event
CPRD Aurum,device_exposure,overall,Number of records,NA,2022-01-01 to 2022-12-31,15532122,7.76,NA,years,NA,2025-03-31,2012-01-01,event
CPRD Aurum,device_exposure,FALSE,Number of records,NA,2022-01-01 to 2022-12-31,1809459,0.9,NA,years,NA,2025-03-31,2012-01-01,event
CPRD Aurum,device_exposure,TRUE,Number of records,NA,2022-01-01 to 2022-12-31,13722663,6.85,NA,years,NA,2025-03-31,2012-01-01,event
CPRD Aurum,measurement,overall,Number of records,NA,2022-01-01 to 2022-12-31,449586313,7.52,NA,years,NA,2025-03-31,2012-01-01,event
CPRD Aurum,measurement,TRUE,Number of records,NA,2022-01-01 to 2022-12-31,396622773,6.63,NA,years,NA,2025-03-31,2012-01-01,event
CPRD Aurum,measurement,FALSE,Number of records,NA,2022-01-01 to 2022-12-31,52963540,0.89,NA,years,NA,2025-03-31,2012-01-01,event
CPRD Aurum,observation,overall,Number of records,NA,2022-01-01 to 2022-12-31,897308108,9.53,NA,years,NA,2025-03-31,2012-01-01,event
CPRD Aurum,observation,FALSE,Number of records,NA,2022-01-01 to 2022-12-31,147092494,1.56,NA,years,NA,2025-03-31,2012-01-01,event
CPRD Aurum,observation,TRUE,Number of records,NA,2022-01-01 to 2022-12-31,750215614,7.97,NA,years,NA,2025-03-31,2012-01-01,event
CPRD Aurum,death,overall,Number of records,NA,2022-01-01 to 2022-12-31,142985,7.6,NA,years,NA,2025-03-31,2012-01-01,event
CPRD Aurum,death,FALSE,Number of records,NA,2022-01-01 to 2022-12-31,1471,0.08,NA,years,NA,2025-03-31,2012-01-01,event
CPRD Aurum,death,TRUE,Number of records,NA,2022-01-01 to 2022-12-31,141514,7.52,NA,years,NA,2025-03-31,2012-01-01,event
CPRD Aurum,drug_era,overall,Number of records,NA,2022-01-01 to 2022-12-31,75997997,6.03,NA,years,NA,2025-03-31,2012-01-01,event
CPRD Aurum,drug_era,TRUE,Number of records,NA,2022-01-01 to 2022-12-31,66310802,5.26,NA,years,NA,2025-03-31,2012-01-01,event
CPRD Aurum,drug_era,FALSE,Number of records,NA,2022-01-01 to 2022-12-31,9687195,0.77,NA,years,NA,2025-03-31,2012-01-01,event
CPRD Aurum,condition_era,overall,Number of records,NA,2022-01-01 to 2022-12-31,93626457,7.06,NA,years,NA,2025-03-31,2012-01-01,event
CPRD Aurum,condition_era,FALSE,Number of records,NA,2022-01-01 to 2022-12-31,28079036,2.12,NA,years,NA,2025-03-31,2012-01-01,event
CPRD Aurum,condition_era,TRUE,Number of records,NA,2022-01-01 to 2022-12-31,65547421,4.94,NA,years,NA,2025-03-31,2012-01-01,event
CPRD Aurum,visit_occurrence,overall,Number of records,NA,2023-01-01 to 2023-12-31,389520727,8.02,NA,years,NA,2025-03-31,2012-01-01,event
CPRD Aurum,visit_occurrence,FALSE,Number of records,NA,2023-01-01 to 2023-12-31,41512576,0.85,NA,years,NA,2025-03-31,2012-01-01,event
CPRD Aurum,visit_occurrence,TRUE,Number of records,NA,2023-01-01 to 2023-12-31,348008151,7.17,NA,years,NA,2025-03-31,2012-01-01,event
CPRD Aurum,visit_detail,overall,Number of records,NA,2023-01-01 to 2023-12-31,2027799017,8.74,NA,years,NA,2025-03-31,2012-01-01,event
CPRD Aurum,visit_detail,FALSE,Number of records,NA,2023-01-01 to 2023-12-31,200122177,0.86,NA,years,NA,2025-03-31,2012-01-01,event
CPRD Aurum,visit_detail,TRUE,Number of records,NA,2023-01-01 to 2023-12-31,1827676840,7.88,NA,years,NA,2025-03-31,2012-01-01,event
CPRD Aurum,condition_occurrence,overall,Number of records,NA,2023-01-01 to 2023-12-31,144696632,7.64,NA,years,NA,2025-03-31,2012-01-01,event
CPRD Aurum,condition_occurrence,FALSE,Number of records,NA,2023-01-01 to 2023-12-31,46936886,2.48,NA,years,NA,2025-03-31,2012-01-01,event
CPRD Aurum,condition_occurrence,TRUE,Number of records,NA,2023-01-01 to 2023-12-31,97759746,5.16,NA,years,NA,2025-03-31,2012-01-01,event
CPRD Aurum,drug_exposure,overall,Number of records,NA,2023-01-01 to 2023-12-31,324867525,7.14,NA,years,NA,2025-03-31,2012-01-01,event
CPRD Aurum,drug_exposure,FALSE,Number of records,NA,2023-01-01 to 2023-12-31,25761153,0.57,NA,years,NA,2025-03-31,2012-01-01,event
CPRD Aurum,drug_exposure,TRUE,Number of records,NA,2023-01-01 to 2023-12-31,299106372,6.58,NA,years,NA,2025-03-31,2012-01-01,event
CPRD Aurum,procedure_occurrence,overall,Number of records,NA,2023-01-01 to 2023-12-31,254586922,10.17,NA,years,NA,2025-03-31,2012-01-01,event
CPRD Aurum,procedure_occurrence,FALSE,Number of records,NA,2023-01-01 to 2023-12-31,32275085,1.29,NA,years,NA,2025-03-31,2012-01-01,event
CPRD Aurum,procedure_occurrence,TRUE,Number of records,NA,2023-01-01 to 2023-12-31,222311837,8.88,NA,years,NA,2025-03-31,2012-01-01,event
CPRD Aurum,device_exposure,overall,Number of records,NA,2023-01-01 to 2023-12-31,15434315,7.71,NA,years,NA,2025-03-31,2012-01-01,event
CPRD Aurum,device_exposure,FALSE,Number of records,NA,2023-01-01 to 2023-12-31,1304961,0.65,NA,years,NA,2025-03-31,2012-01-01,event
CPRD Aurum,device_exposure,TRUE,Number of records,NA,2023-01-01 to 2023-12-31,14129354,7.06,NA,years,NA,2025-03-31,2012-01-01,event
CPRD Aurum,measurement,overall,Number of records,NA,2023-01-01 to 2023-12-31,466301443,7.8,NA,years,NA,2025-03-31,2012-01-01,event
CPRD Aurum,measurement,TRUE,Number of records,NA,2023-01-01 to 2023-12-31,426905986,7.14,NA,years,NA,2025-03-31,2012-01-01,event
CPRD Aurum,measurement,FALSE,Number of records,NA,2023-01-01 to 2023-12-31,39395457,0.66,NA,years,NA,2025-03-31,2012-01-01,event
CPRD Aurum,observation,overall,Number of records,NA,2023-01-01 to 2023-12-31,941922674,10.01,NA,years,NA,2025-03-31,2012-01-01,event
CPRD Aurum,observation,FALSE,Number of records,NA,2023-01-01 to 2023-12-31,116294565,1.24,NA,years,NA,2025-03-31,2012-01-01,event
CPRD Aurum,observation,TRUE,Number of records,NA,2023-01-01 to 2023-12-31,825628109,8.77,NA,years,NA,2025-03-31,2012-01-01,event
CPRD Aurum,death,overall,Number of records,NA,2023-01-01 to 2023-12-31,136170,7.24,NA,years,NA,2025-03-31,2012-01-01,event
CPRD Aurum,death,FALSE,Number of records,NA,2023-01-01 to 2023-12-31,1401,0.07,NA,years,NA,2025-03-31,2012-01-01,event
CPRD Aurum,death,TRUE,Number of records,NA,2023-01-01 to 2023-12-31,134769,7.16,NA,years,NA,2025-03-31,2012-01-01,event
CPRD Aurum,drug_era,overall,Number of records,NA,2023-01-01 to 2023-12-31,71653557,5.69,NA,years,NA,2025-03-31,2012-01-01,event
CPRD Aurum,drug_era,TRUE,Number of records,NA,2023-01-01 to 2023-12-31,65335592,5.18,NA,years,NA,2025-03-31,2012-01-01,event
CPRD Aurum,drug_era,FALSE,Number of records,NA,2023-01-01 to 2023-12-31,6317965,0.5,NA,years,NA,2025-03-31,2012-01-01,event
CPRD Aurum,condition_era,overall,Number of records,NA,2023-01-01 to 2023-12-31,98909144,7.45,NA,years,NA,2025-03-31,2012-01-01,event
CPRD Aurum,condition_era,TRUE,Number of records,NA,2023-01-01 to 2023-12-31,70871082,5.34,NA,years,NA,2025-03-31,2012-01-01,event
CPRD Aurum,condition_era,FALSE,Number of records,NA,2023-01-01 to 2023-12-31,28038062,2.11,NA,years,NA,2025-03-31,2012-01-01,event
CPRD Aurum,visit_occurrence,overall,Number of records,NA,2024-01-01 to 2024-12-31,373541035,7.69,NA,years,NA,2025-03-31,2012-01-01,event
CPRD Aurum,visit_occurrence,FALSE,Number of records,NA,2024-01-01 to 2024-12-31,24450395,0.5,NA,years,NA,2025-03-31,2012-01-01,event
CPRD Aurum,visit_occurrence,TRUE,Number of records,NA,2024-01-01 to 2024-12-31,349090640,7.19,NA,years,NA,2025-03-31,2012-01-01,event
CPRD Aurum,visit_detail,overall,Number of records,NA,2024-01-01 to 2024-12-31,1989114187,8.58,NA,years,NA,2025-03-31,2012-01-01,event
CPRD Aurum,visit_detail,TRUE,Number of records,NA,2024-01-01 to 2024-12-31,1883148397,8.12,NA,years,NA,2025-03-31,2012-01-01,event
CPRD Aurum,visit_detail,FALSE,Number of records,NA,2024-01-01 to 2024-12-31,105965790,0.46,NA,years,NA,2025-03-31,2012-01-01,event
CPRD Aurum,condition_occurrence,overall,Number of records,NA,2024-01-01 to 2024-12-31,150045349,7.92,NA,years,NA,2025-03-31,2012-01-01,event
CPRD Aurum,condition_occurrence,TRUE,Number of records,NA,2024-01-01 to 2024-12-31,102627795,5.42,NA,years,NA,2025-03-31,2012-01-01,event
CPRD Aurum,condition_occurrence,FALSE,Number of records,NA,2024-01-01 to 2024-12-31,47417554,2.5,NA,years,NA,2025-03-31,2012-01-01,event
CPRD Aurum,drug_exposure,overall,Number of records,NA,2024-01-01 to 2024-12-31,316356919,6.96,NA,years,NA,2025-03-31,2012-01-01,event
CPRD Aurum,drug_exposure,TRUE,Number of records,NA,2024-01-01 to 2024-12-31,303997535,6.69,NA,years,NA,2025-03-31,2012-01-01,event
CPRD Aurum,drug_exposure,FALSE,Number of records,NA,2024-01-01 to 2024-12-31,12359384,0.27,NA,years,NA,2025-03-31,2012-01-01,event
CPRD Aurum,procedure_occurrence,overall,Number of records,NA,2024-01-01 to 2024-12-31,236006057,9.43,NA,years,NA,2025-03-31,2012-01-01,event
CPRD Aurum,procedure_occurrence,TRUE,Number of records,NA,2024-01-01 to 2024-12-31,213638643,8.54,NA,years,NA,2025-03-31,2012-01-01,event
CPRD Aurum,procedure_occurrence,FALSE,Number of records,NA,2024-01-01 to 2024-12-31,22367414,0.89,NA,years,NA,2025-03-31,2012-01-01,event
CPRD Aurum,device_exposure,overall,Number of records,NA,2024-01-01 to 2024-12-31,15312258,7.65,NA,years,NA,2025-03-31,2012-01-01,event
CPRD Aurum,device_exposure,TRUE,Number of records,NA,2024-01-01 to 2024-12-31,14655940,7.32,NA,years,NA,2025-03-31,2012-01-01,event
CPRD Aurum,device_exposure,FALSE,Number of records,NA,2024-01-01 to 2024-12-31,656318,0.33,NA,years,NA,2025-03-31,2012-01-01,event
CPRD Aurum,measurement,overall,Number of records,NA,2024-01-01 to 2024-12-31,464990335,7.77,NA,years,NA,2025-03-31,2012-01-01,event
CPRD Aurum,measurement,FALSE,Number of records,NA,2024-01-01 to 2024-12-31,20060235,0.34,NA,years,NA,2025-03-31,2012-01-01,event
CPRD Aurum,measurement,TRUE,Number of records,NA,2024-01-01 to 2024-12-31,444930100,7.44,NA,years,NA,2025-03-31,2012-01-01,event
CPRD Aurum,observation,overall,Number of records,NA,2024-01-01 to 2024-12-31,935328526,9.94,NA,years,NA,2025-03-31,2012-01-01,event
CPRD Aurum,observation,TRUE,Number of records,NA,2024-01-01 to 2024-12-31,865178624,9.19,NA,years,NA,2025-03-31,2012-01-01,event
CPRD Aurum,observation,FALSE,Number of records,NA,2024-01-01 to 2024-12-31,70149902,0.75,NA,years,NA,2025-03-31,2012-01-01,event
CPRD Aurum,death,overall,Number of records,NA,2024-01-01 to 2024-12-31,130465,6.94,NA,years,NA,2025-03-31,2012-01-01,event
CPRD Aurum,death,TRUE,Number of records,NA,2024-01-01 to 2024-12-31,129094,6.86,NA,years,NA,2025-03-31,2012-01-01,event
CPRD Aurum,death,FALSE,Number of records,NA,2024-01-01 to 2024-12-31,1371,0.07,NA,years,NA,2025-03-31,2012-01-01,event
CPRD Aurum,drug_era,overall,Number of records,NA,2024-01-01 to 2024-12-31,65253398,5.18,NA,years,NA,2025-03-31,2012-01-01,event
CPRD Aurum,drug_era,FALSE,Number of records,NA,2024-01-01 to 2024-12-31,2893345,0.23,NA,years,NA,2025-03-31,2012-01-01,event
CPRD Aurum,drug_era,TRUE,Number of records,NA,2024-01-01 to 2024-12-31,62360053,4.95,NA,years,NA,2025-03-31,2012-01-01,event
CPRD Aurum,condition_era,overall,Number of records,NA,2024-01-01 to 2024-12-31,102265224,7.71,NA,years,NA,2025-03-31,2012-01-01,event
CPRD Aurum,condition_era,FALSE,Number of records,NA,2024-01-01 to 2024-12-31,27604111,2.08,NA,years,NA,2025-03-31,2012-01-01,event
CPRD Aurum,condition_era,TRUE,Number of records,NA,2024-01-01 to 2024-12-31,74661113,5.63,NA,years,NA,2025-03-31,2012-01-01,event
CPRD Aurum,visit_occurrence,overall,Number of records,NA,2025-01-01 to 2025-12-31,87773610,1.81,NA,years,NA,2025-03-31,2012-01-01,event
CPRD Aurum,visit_occurrence,FALSE,Number of records,NA,2025-01-01 to 2025-12-31,2736233,0.06,NA,years,NA,2025-03-31,2012-01-01,event
CPRD Aurum,visit_occurrence,TRUE,Number of records,NA,2025-01-01 to 2025-12-31,85037377,1.75,NA,years,NA,2025-03-31,2012-01-01,event
CPRD Aurum,visit_detail,overall,Number of records,NA,2025-01-01 to 2025-12-31,481237179,2.07,NA,years,NA,2025-03-31,2012-01-01,event
CPRD Aurum,visit_detail,FALSE,Number of records,NA,2025-01-01 to 2025-12-31,7291624,0.03,NA,years,NA,2025-03-31,2012-01-01,event
CPRD Aurum,visit_detail,TRUE,Number of records,NA,2025-01-01 to 2025-12-31,473945555,2.04,NA,years,NA,2025-03-31,2012-01-01,event
CPRD Aurum,condition_occurrence,overall,Number of records,NA,2025-01-01 to 2025-12-31,36361559,1.92,NA,years,NA,2025-03-31,2012-01-01,event
CPRD Aurum,condition_occurrence,FALSE,Number of records,NA,2025-01-01 to 2025-12-31,10445978,0.55,NA,years,NA,2025-03-31,2012-01-01,event
CPRD Aurum,condition_occurrence,TRUE,Number of records,NA,2025-01-01 to 2025-12-31,25915581,1.37,NA,years,NA,2025-03-31,2012-01-01,event
CPRD Aurum,drug_exposure,overall,Number of records,NA,2025-01-01 to 2025-12-31,73034020,1.61,NA,years,NA,2025-03-31,2012-01-01,event
CPRD Aurum,drug_exposure,FALSE,Number of records,NA,2025-01-01 to 2025-12-31,658303,0.01,NA,years,NA,2025-03-31,2012-01-01,event
CPRD Aurum,drug_exposure,TRUE,Number of records,NA,2025-01-01 to 2025-12-31,72375717,1.59,NA,years,NA,2025-03-31,2012-01-01,event
CPRD Aurum,procedure_occurrence,overall,Number of records,NA,2025-01-01 to 2025-12-31,55044344,2.2,NA,years,NA,2025-03-31,2012-01-01,event
CPRD Aurum,procedure_occurrence,FALSE,Number of records,NA,2025-01-01 to 2025-12-31,3535081,0.14,NA,years,NA,2025-03-31,2012-01-01,event
CPRD Aurum,procedure_occurrence,TRUE,Number of records,NA,2025-01-01 to 2025-12-31,51509263,2.06,NA,years,NA,2025-03-31,2012-01-01,event
CPRD Aurum,device_exposure,overall,Number of records,NA,2025-01-01 to 2025-12-31,3708066,1.85,NA,years,NA,2025-03-31,2012-01-01,event
CPRD Aurum,device_exposure,FALSE,Number of records,NA,2025-01-01 to 2025-12-31,35060,0.02,NA,years,NA,2025-03-31,2012-01-01,event
CPRD Aurum,device_exposure,TRUE,Number of records,NA,2025-01-01 to 2025-12-31,3673006,1.83,NA,years,NA,2025-03-31,2012-01-01,event
CPRD Aurum,measurement,overall,Number of records,NA,2025-01-01 to 2025-12-31,117348465,1.96,NA,years,NA,2025-03-31,2012-01-01,event
CPRD Aurum,measurement,FALSE,Number of records,NA,2025-01-01 to 2025-12-31,1133641,0.02,NA,years,NA,2025-03-31,2012-01-01,event
CPRD Aurum,measurement,TRUE,Number of records,NA,2025-01-01 to 2025-12-31,116214824,1.94,NA,years,NA,2025-03-31,2012-01-01,event
CPRD Aurum,observation,overall,Number of records,NA,2025-01-01 to 2025-12-31,225894973,2.4,NA,years,NA,2025-03-31,2012-01-01,event
CPRD Aurum,observation,TRUE,Number of records,NA,2025-01-01 to 2025-12-31,218817073,2.32,NA,years,NA,2025-03-31,2012-01-01,event
CPRD Aurum,observation,FALSE,Number of records,NA,2025-01-01 to 2025-12-31,7077900,0.08,NA,years,NA,2025-03-31,2012-01-01,event
CPRD Aurum,death,overall,Number of records,NA,2025-01-01 to 2025-12-31,34831,1.85,NA,years,NA,2025-03-31,2012-01-01,event
CPRD Aurum,death,TRUE,Number of records,NA,2025-01-01 to 2025-12-31,34555,1.84,NA,years,NA,2025-03-31,2012-01-01,event
CPRD Aurum,death,FALSE,Number of records,NA,2025-01-01 to 2025-12-31,276,0.01,NA,years,NA,2025-03-31,2012-01-01,event
CPRD Aurum,drug_era,overall,Number of records,NA,2025-01-01 to 2025-12-31,15608116,1.24,NA,years,NA,2025-03-31,2012-01-01,event
CPRD Aurum,drug_era,TRUE,Number of records,NA,2025-01-01 to 2025-12-31,15486590,1.23,NA,years,NA,2025-03-31,2012-01-01,event
CPRD Aurum,drug_era,FALSE,Number of records,NA,2025-01-01 to 2025-12-31,121526,0.01,NA,years,NA,2025-03-31,2012-01-01,event
CPRD Aurum,condition_era,overall,Number of records,NA,2025-01-01 to 2025-12-31,25227411,1.9,NA,years,NA,2025-03-31,2012-01-01,event
CPRD Aurum,condition_era,FALSE,Number of records,NA,2025-01-01 to 2025-12-31,6088109,0.46,NA,years,NA,2025-03-31,2012-01-01,event
CPRD Aurum,condition_era,TRUE,Number of records,NA,2025-01-01 to 2025-12-31,19139302,1.44,NA,years,NA,2025-03-31,2012-01-01,event
CPRD Aurum,visit_occurrence,overall,Number of records,NA,overall,NA,100,NA,years,NA,2025-03-31,2012-01-01,event
CPRD Aurum,visit_occurrence,FALSE,Number of records,NA,overall,1020735441,21.02,NA,years,NA,2025-03-31,2012-01-01,event
CPRD Aurum,visit_occurrence,TRUE,Number of records,NA,overall,NA,78.98,NA,years,NA,2025-03-31,2012-01-01,event
CPRD Aurum,visit_detail,overall,Number of records,NA,overall,NA,100,NA,years,NA,2025-03-31,2012-01-01,event
CPRD Aurum,visit_detail,FALSE,Number of records,NA,overall,NA,19.53,NA,years,NA,2025-03-31,2012-01-01,event
CPRD Aurum,visit_detail,TRUE,Number of records,NA,overall,NA,80.47,NA,years,NA,2025-03-31,2012-01-01,event
CPRD Aurum,condition_occurrence,overall,Number of records,NA,overall,1893354776,100,NA,years,NA,2025-03-31,2012-01-01,event
CPRD Aurum,condition_occurrence,FALSE,Number of records,NA,overall,649063884,34.28,NA,years,NA,2025-03-31,2012-01-01,event
CPRD Aurum,condition_occurrence,TRUE,Number of records,NA,overall,1244290892,65.72,NA,years,NA,2025-03-31,2012-01-01,event
CPRD Aurum,drug_exposure,overall,Number of records,NA,overall,NA,100,NA,years,NA,2025-03-31,2012-01-01,event
CPRD Aurum,drug_exposure,FALSE,Number of records,NA,overall,793609549,17.45,NA,years,NA,2025-03-31,2012-01-01,event
CPRD Aurum,drug_exposure,TRUE,Number of records,NA,overall,NA,82.55,NA,years,NA,2025-03-31,2012-01-01,event
CPRD Aurum,procedure_occurrence,overall,Number of records,NA,overall,NA,100,NA,years,NA,2025-03-31,2012-01-01,event
CPRD Aurum,procedure_occurrence,FALSE,Number of records,NA,overall,558682557,22.32,NA,years,NA,2025-03-31,2012-01-01,event
CPRD Aurum,procedure_occurrence,TRUE,Number of records,NA,overall,1944328473,77.68,NA,years,NA,2025-03-31,2012-01-01,event
CPRD Aurum,device_exposure,overall,Number of records,NA,overall,200211914,100,NA,years,NA,2025-03-31,2012-01-01,event
CPRD Aurum,device_exposure,FALSE,Number of records,NA,overall,32770147,16.37,NA,years,NA,2025-03-31,2012-01-01,event
CPRD Aurum,device_exposure,TRUE,Number of records,NA,overall,167441767,83.63,NA,years,NA,2025-03-31,2012-01-01,event
CPRD Aurum,measurement,overall,Number of records,NA,overall,NA,100,NA,years,NA,2025-03-31,2012-01-01,event
CPRD Aurum,measurement,FALSE,Number of records,NA,overall,1095455985,18.31,NA,years,NA,2025-03-31,2012-01-01,event
CPRD Aurum,measurement,TRUE,Number of records,NA,overall,NA,81.69,NA,years,NA,2025-03-31,2012-01-01,event
CPRD Aurum,observation,overall,Number of records,NA,overall,NA,100,NA,years,NA,2025-03-31,2012-01-01,event
CPRD Aurum,observation,FALSE,Number of records,NA,overall,2063066352,21.92,NA,years,NA,2025-03-31,2012-01-01,event
CPRD Aurum,observation,TRUE,Number of records,NA,overall,NA,78.08,NA,years,NA,2025-03-31,2012-01-01,event
CPRD Aurum,death,overall,Number of records,NA,overall,1881121,100,NA,years,NA,2025-03-31,2012-01-01,event
CPRD Aurum,death,FALSE,Number of records,NA,overall,26287,1.4,NA,years,NA,2025-03-31,2012-01-01,event
CPRD Aurum,death,TRUE,Number of records,NA,overall,1854834,98.6,NA,years,NA,2025-03-31,2012-01-01,event
CPRD Aurum,drug_era,overall,Number of records,NA,overall,1260197625,100,NA,years,NA,2025-03-31,2012-01-01,event
CPRD Aurum,drug_era,FALSE,Number of records,NA,overall,243872084,19.35,NA,years,NA,2025-03-31,2012-01-01,event
CPRD Aurum,drug_era,TRUE,Number of records,NA,overall,1016325541,80.65,NA,years,NA,2025-03-31,2012-01-01,event
CPRD Aurum,condition_era,overall,Number of records,NA,overall,1326820898,100,NA,years,NA,2025-03-31,2012-01-01,event
CPRD Aurum,condition_era,FALSE,Number of records,NA,overall,430021475,32.41,NA,years,NA,2025-03-31,2012-01-01,event
CPRD Aurum,condition_era,TRUE,Number of records,NA,overall,896799423,67.59,NA,years,NA,2025-03-31,2012-01-01,event
Lancashire Teaching Hospital,observation_period,overall,Person-days,NA,2012-01-01 to 2012-12-31,519600401,5.59,NA,years,NA,2026-03-04,2012-01-01,episode
Lancashire Teaching Hospital,observation_period,overall,Person-days,NA,2013-01-01 to 2013-12-31,541174504,5.82,NA,years,NA,2026-03-04,2012-01-01,episode
Lancashire Teaching Hospital,observation_period,overall,Person-days,NA,2014-01-01 to 2014-12-31,565171557,6.08,NA,years,NA,2026-03-04,2012-01-01,episode
Lancashire Teaching Hospital,observation_period,overall,Person-days,NA,2015-01-01 to 2015-12-31,589552543,6.34,NA,years,NA,2026-03-04,2012-01-01,episode
Lancashire Teaching Hospital,observation_period,overall,Person-days,NA,2016-01-01 to 2016-12-31,616019543,6.62,NA,years,NA,2026-03-04,2012-01-01,episode
Lancashire Teaching Hospital,observation_period,overall,Person-days,NA,2017-01-01 to 2017-12-31,637740544,6.86,NA,years,NA,2026-03-04,2012-01-01,episode
Lancashire Teaching Hospital,observation_period,overall,Person-days,NA,2018-01-01 to 2018-12-31,658527721,7.08,NA,years,NA,2026-03-04,2012-01-01,episode
Lancashire Teaching Hospital,observation_period,overall,Person-days,NA,2019-01-01 to 2019-12-31,676348420,7.27,NA,years,NA,2026-03-04,2012-01-01,episode
Lancashire Teaching Hospital,observation_period,overall,Person-days,NA,2020-01-01 to 2020-12-31,691736667,7.44,NA,years,NA,2026-03-04,2012-01-01,episode
Lancashire Teaching Hospital,observation_period,overall,Person-days,NA,2021-01-01 to 2021-12-31,702601172,7.55,NA,years,NA,2026-03-04,2012-01-01,episode
Lancashire Teaching Hospital,observation_period,overall,Person-days,NA,2022-01-01 to 2022-12-31,717832765,7.72,NA,years,NA,2026-03-04,2012-01-01,episode
Lancashire Teaching Hospital,observation_period,overall,Person-days,NA,2023-01-01 to 2023-12-31,733493561,7.88,NA,years,NA,2026-03-04,2012-01-01,episode
Lancashire Teaching Hospital,observation_period,overall,Person-days,NA,2024-01-01 to 2024-12-31,752159711,8.09,NA,years,NA,2026-03-04,2012-01-01,episode
Lancashire Teaching Hospital,observation_period,overall,Person-days,NA,2025-01-01 to 2025-12-31,766819312,8.24,NA,years,NA,2026-03-04,2012-01-01,episode
Lancashire Teaching Hospital,observation_period,overall,Person-days,NA,2026-01-01 to 2026-12-31,134055420,1.44,NA,years,NA,2026-03-04,2012-01-01,episode
Lancashire Teaching Hospital,observation_period,overall,Person-days,NA,overall,NA,NA,NA,years,NA,2026-03-04,2012-01-01,episode
Lancashire Teaching Hospital,visit_occurrence,overall,Number of records,NA,2012-01-01 to 2012-12-31,1434946,7.55,NA,years,NA,2026-03-04,2012-01-01,event
Lancashire Teaching Hospital,visit_occurrence,FALSE,Number of records,NA,2012-01-01 to 2012-12-31,8,0,NA,years,NA,2026-03-04,2012-01-01,event
Lancashire Teaching Hospital,visit_occurrence,TRUE,Number of records,NA,2012-01-01 to 2012-12-31,1434938,7.55,NA,years,NA,2026-03-04,2012-01-01,event
Lancashire Teaching Hospital,visit_detail,overall,Number of records,NA,2012-01-01 to 2012-12-31,195835,4.61,NA,years,NA,2026-03-04,2012-01-01,event
Lancashire Teaching Hospital,visit_detail,FALSE,Number of records,NA,2012-01-01 to 2012-12-31,NA,NA,NA,years,NA,2026-03-04,2012-01-01,event
Lancashire Teaching Hospital,visit_detail,TRUE,Number of records,NA,2012-01-01 to 2012-12-31,195831,4.61,NA,years,NA,2026-03-04,2012-01-01,event
Lancashire Teaching Hospital,condition_occurrence,overall,Number of records,NA,2012-01-01 to 2012-12-31,642561,3.84,NA,years,NA,2026-03-04,2012-01-01,event
Lancashire Teaching Hospital,condition_occurrence,FALSE,Number of records,NA,2012-01-01 to 2012-12-31,NA,NA,NA,years,NA,2026-03-04,2012-01-01,event
Lancashire Teaching Hospital,condition_occurrence,TRUE,Number of records,NA,2012-01-01 to 2012-12-31,642557,3.84,NA,years,NA,2026-03-04,2012-01-01,event
Lancashire Teaching Hospital,drug_exposure,overall,Number of records,NA,2012-01-01 to 2012-12-31,13,0,NA,years,NA,2026-03-04,2012-01-01,event
Lancashire Teaching Hospital,drug_exposure,TRUE,Number of records,NA,2012-01-01 to 2012-12-31,13,0,NA,years,NA,2026-03-04,2012-01-01,event
Lancashire Teaching Hospital,procedure_occurrence,overall,Number of records,NA,2012-01-01 to 2012-12-31,463507,5.54,NA,years,NA,2026-03-04,2012-01-01,event
Lancashire Teaching Hospital,procedure_occurrence,FALSE,Number of records,NA,2012-01-01 to 2012-12-31,16,0,NA,years,NA,2026-03-04,2012-01-01,event
Lancashire Teaching Hospital,procedure_occurrence,TRUE,Number of records,NA,2012-01-01 to 2012-12-31,463491,5.54,NA,years,NA,2026-03-04,2012-01-01,event
Lancashire Teaching Hospital,device_exposure,overall,Number of records,NA,2012-01-01 to 2012-12-31,8229,9.29,NA,years,NA,2026-03-04,2012-01-01,event
Lancashire Teaching Hospital,device_exposure,TRUE,Number of records,NA,2012-01-01 to 2012-12-31,8229,9.29,NA,years,NA,2026-03-04,2012-01-01,event
Lancashire Teaching Hospital,measurement,overall,Number of records,NA,2012-01-01 to 2012-12-31,10109826,2.54,NA,years,NA,2026-03-04,2012-01-01,event
Lancashire Teaching Hospital,measurement,FALSE,Number of records,NA,2012-01-01 to 2012-12-31,80,0,NA,years,NA,2026-03-04,2012-01-01,event
Lancashire Teaching Hospital,measurement,TRUE,Number of records,NA,2012-01-01 to 2012-12-31,10109746,2.54,NA,years,NA,2026-03-04,2012-01-01,event
Lancashire Teaching Hospital,observation,overall,Number of records,NA,2012-01-01 to 2012-12-31,408090,0.59,NA,years,NA,2026-03-04,2012-01-01,event
Lancashire Teaching Hospital,observation,FALSE,Number of records,NA,2012-01-01 to 2012-12-31,2363,0,NA,years,NA,2026-03-04,2012-01-01,event
Lancashire Teaching Hospital,observation,TRUE,Number of records,NA,2012-01-01 to 2012-12-31,405727,0.58,NA,years,NA,2026-03-04,2012-01-01,event
Lancashire Teaching Hospital,death,overall,Number of records,NA,2012-01-01 to 2012-12-31,5581,7.11,NA,years,NA,2026-03-04,2012-01-01,event
Lancashire Teaching Hospital,death,FALSE,Number of records,NA,2012-01-01 to 2012-12-31,5,0.01,NA,years,NA,2026-03-04,2012-01-01,event
Lancashire Teaching Hospital,death,TRUE,Number of records,NA,2012-01-01 to 2012-12-31,5576,7.1,NA,years,NA,2026-03-04,2012-01-01,event
Lancashire Teaching Hospital,visit_occurrence,overall,Number of records,NA,2013-01-01 to 2013-12-31,1462273,7.69,NA,years,NA,2026-03-04,2012-01-01,event
Lancashire Teaching Hospital,visit_occurrence,TRUE,Number of records,NA,2013-01-01 to 2013-12-31,1462273,7.69,NA,years,NA,2026-03-04,2012-01-01,event
Lancashire Teaching Hospital,visit_detail,overall,Number of records,NA,2013-01-01 to 2013-12-31,197052,4.64,NA,years,NA,2026-03-04,2012-01-01,event
Lancashire Teaching Hospital,visit_detail,TRUE,Number of records,NA,2013-01-01 to 2013-12-31,197052,4.64,NA,years,NA,2026-03-04,2012-01-01,event
Lancashire Teaching Hospital,condition_occurrence,overall,Number of records,NA,2013-01-01 to 2013-12-31,680203,4.07,NA,years,NA,2026-03-04,2012-01-01,event
Lancashire Teaching Hospital,condition_occurrence,TRUE,Number of records,NA,2013-01-01 to 2013-12-31,680203,4.07,NA,years,NA,2026-03-04,2012-01-01,event
Lancashire Teaching Hospital,drug_exposure,overall,Number of records,NA,2013-01-01 to 2013-12-31,6,0,NA,years,NA,2026-03-04,2012-01-01,event
Lancashire Teaching Hospital,drug_exposure,TRUE,Number of records,NA,2013-01-01 to 2013-12-31,6,0,NA,years,NA,2026-03-04,2012-01-01,event
Lancashire Teaching Hospital,procedure_occurrence,overall,Number of records,NA,2013-01-01 to 2013-12-31,469342,5.61,NA,years,NA,2026-03-04,2012-01-01,event
Lancashire Teaching Hospital,procedure_occurrence,FALSE,Number of records,NA,2013-01-01 to 2013-12-31,9,0,NA,years,NA,2026-03-04,2012-01-01,event
Lancashire Teaching Hospital,procedure_occurrence,TRUE,Number of records,NA,2013-01-01 to 2013-12-31,469333,5.61,NA,years,NA,2026-03-04,2012-01-01,event
Lancashire Teaching Hospital,device_exposure,overall,Number of records,NA,2013-01-01 to 2013-12-31,8526,9.63,NA,years,NA,2026-03-04,2012-01-01,event
Lancashire Teaching Hospital,device_exposure,TRUE,Number of records,NA,2013-01-01 to 2013-12-31,8526,9.63,NA,years,NA,2026-03-04,2012-01-01,event
Lancashire Teaching Hospital,measurement,overall,Number of records,NA,2013-01-01 to 2013-12-31,10778778,2.71,NA,years,NA,2026-03-04,2012-01-01,event
Lancashire Teaching Hospital,measurement,TRUE,Number of records,NA,2013-01-01 to 2013-12-31,10778778,2.71,NA,years,NA,2026-03-04,2012-01-01,event
Lancashire Teaching Hospital,observation,overall,Number of records,NA,2013-01-01 to 2013-12-31,549600,0.79,NA,years,NA,2026-03-04,2012-01-01,event
Lancashire Teaching Hospital,observation,FALSE,Number of records,NA,2013-01-01 to 2013-12-31,36217,0.05,NA,years,NA,2026-03-04,2012-01-01,event
Lancashire Teaching Hospital,observation,TRUE,Number of records,NA,2013-01-01 to 2013-12-31,513383,0.74,NA,years,NA,2026-03-04,2012-01-01,event
Lancashire Teaching Hospital,death,overall,Number of records,NA,2013-01-01 to 2013-12-31,5443,6.93,NA,years,NA,2026-03-04,2012-01-01,event
Lancashire Teaching Hospital,death,FALSE,Number of records,NA,2013-01-01 to 2013-12-31,5,0.01,NA,years,NA,2026-03-04,2012-01-01,event
Lancashire Teaching Hospital,death,TRUE,Number of records,NA,2013-01-01 to 2013-12-31,5438,6.93,NA,years,NA,2026-03-04,2012-01-01,event
Lancashire Teaching Hospital,visit_occurrence,overall,Number of records,NA,2014-01-01 to 2014-12-31,1548806,8.14,NA,years,NA,2026-03-04,2012-01-01,event
Lancashire Teaching Hospital,visit_occurrence,TRUE,Number of records,NA,2014-01-01 to 2014-12-31,1548806,8.14,NA,years,NA,2026-03-04,2012-01-01,event
Lancashire Teaching Hospital,visit_detail,overall,Number of records,NA,2014-01-01 to 2014-12-31,208789,4.91,NA,years,NA,2026-03-04,2012-01-01,event
Lancashire Teaching Hospital,visit_detail,TRUE,Number of records,NA,2014-01-01 to 2014-12-31,208789,4.91,NA,years,NA,2026-03-04,2012-01-01,event
Lancashire Teaching Hospital,condition_occurrence,overall,Number of records,NA,2014-01-01 to 2014-12-31,766901,4.59,NA,years,NA,2026-03-04,2012-01-01,event
Lancashire Teaching Hospital,condition_occurrence,TRUE,Number of records,NA,2014-01-01 to 2014-12-31,766901,4.59,NA,years,NA,2026-03-04,2012-01-01,event
Lancashire Teaching Hospital,drug_exposure,overall,Number of records,NA,2014-01-01 to 2014-12-31,5,0,NA,years,NA,2026-03-04,2012-01-01,event
Lancashire Teaching Hospital,drug_exposure,TRUE,Number of records,NA,2014-01-01 to 2014-12-31,5,0,NA,years,NA,2026-03-04,2012-01-01,event
Lancashire Teaching Hospital,procedure_occurrence,overall,Number of records,NA,2014-01-01 to 2014-12-31,479349,5.73,NA,years,NA,2026-03-04,2012-01-01,event
Lancashire Teaching Hospital,procedure_occurrence,FALSE,Number of records,NA,2014-01-01 to 2014-12-31,19,0,NA,years,NA,2026-03-04,2012-01-01,event
Lancashire Teaching Hospital,procedure_occurrence,TRUE,Number of records,NA,2014-01-01 to 2014-12-31,479330,5.73,NA,years,NA,2026-03-04,2012-01-01,event
Lancashire Teaching Hospital,device_exposure,overall,Number of records,NA,2014-01-01 to 2014-12-31,8401,9.49,NA,years,NA,2026-03-04,2012-01-01,event
Lancashire Teaching Hospital,device_exposure,TRUE,Number of records,NA,2014-01-01 to 2014-12-31,8401,9.49,NA,years,NA,2026-03-04,2012-01-01,event
Lancashire Teaching Hospital,measurement,overall,Number of records,NA,2014-01-01 to 2014-12-31,11634062,2.92,NA,years,NA,2026-03-04,2012-01-01,event
Lancashire Teaching Hospital,measurement,FALSE,Number of records,NA,2014-01-01 to 2014-12-31,35,0,NA,years,NA,2026-03-04,2012-01-01,event
Lancashire Teaching Hospital,measurement,TRUE,Number of records,NA,2014-01-01 to 2014-12-31,11634027,2.92,NA,years,NA,2026-03-04,2012-01-01,event
Lancashire Teaching Hospital,observation,overall,Number of records,NA,2014-01-01 to 2014-12-31,481808,0.69,NA,years,NA,2026-03-04,2012-01-01,event
Lancashire Teaching Hospital,observation,FALSE,Number of records,NA,2014-01-01 to 2014-12-31,5368,0.01,NA,years,NA,2026-03-04,2012-01-01,event
Lancashire Teaching Hospital,observation,TRUE,Number of records,NA,2014-01-01 to 2014-12-31,476440,0.68,NA,years,NA,2026-03-04,2012-01-01,event
Lancashire Teaching Hospital,death,overall,Number of records,NA,2014-01-01 to 2014-12-31,5471,6.97,NA,years,NA,2026-03-04,2012-01-01,event
Lancashire Teaching Hospital,death,FALSE,Number of records,NA,2014-01-01 to 2014-12-31,NA,NA,NA,years,NA,2026-03-04,2012-01-01,event
Lancashire Teaching Hospital,death,TRUE,Number of records,NA,2014-01-01 to 2014-12-31,5468,6.96,NA,years,NA,2026-03-04,2012-01-01,event
Lancashire Teaching Hospital,visit_occurrence,overall,Number of records,NA,2015-01-01 to 2015-12-31,1401231,7.37,NA,years,NA,2026-03-04,2012-01-01,event
Lancashire Teaching Hospital,visit_occurrence,TRUE,Number of records,NA,2015-01-01 to 2015-12-31,1401231,7.37,NA,years,NA,2026-03-04,2012-01-01,event
Lancashire Teaching Hospital,visit_detail,overall,Number of records,NA,2015-01-01 to 2015-12-31,213052,5.01,NA,years,NA,2026-03-04,2012-01-01,event
Lancashire Teaching Hospital,visit_detail,TRUE,Number of records,NA,2015-01-01 to 2015-12-31,213052,5.01,NA,years,NA,2026-03-04,2012-01-01,event
Lancashire Teaching Hospital,condition_occurrence,overall,Number of records,NA,2015-01-01 to 2015-12-31,855492,5.12,NA,years,NA,2026-03-04,2012-01-01,event
Lancashire Teaching Hospital,condition_occurrence,TRUE,Number of records,NA,2015-01-01 to 2015-12-31,855492,5.12,NA,years,NA,2026-03-04,2012-01-01,event
Lancashire Teaching Hospital,drug_exposure,overall,Number of records,NA,2015-01-01 to 2015-12-31,9,0,NA,years,NA,2026-03-04,2012-01-01,event
Lancashire Teaching Hospital,drug_exposure,TRUE,Number of records,NA,2015-01-01 to 2015-12-31,9,0,NA,years,NA,2026-03-04,2012-01-01,event
Lancashire Teaching Hospital,procedure_occurrence,overall,Number of records,NA,2015-01-01 to 2015-12-31,447486,5.35,NA,years,NA,2026-03-04,2012-01-01,event
Lancashire Teaching Hospital,procedure_occurrence,FALSE,Number of records,NA,2015-01-01 to 2015-12-31,NA,NA,NA,years,NA,2026-03-04,2012-01-01,event
Lancashire Teaching Hospital,procedure_occurrence,TRUE,Number of records,NA,2015-01-01 to 2015-12-31,447484,5.35,NA,years,NA,2026-03-04,2012-01-01,event
Lancashire Teaching Hospital,device_exposure,overall,Number of records,NA,2015-01-01 to 2015-12-31,8608,9.72,NA,years,NA,2026-03-04,2012-01-01,event
Lancashire Teaching Hospital,device_exposure,TRUE,Number of records,NA,2015-01-01 to 2015-12-31,8608,9.72,NA,years,NA,2026-03-04,2012-01-01,event
Lancashire Teaching Hospital,measurement,overall,Number of records,NA,2015-01-01 to 2015-12-31,12153953,3.05,NA,years,NA,2026-03-04,2012-01-01,event
Lancashire Teaching Hospital,measurement,FALSE,Number of records,NA,2015-01-01 to 2015-12-31,135,0,NA,years,NA,2026-03-04,2012-01-01,event
Lancashire Teaching Hospital,measurement,TRUE,Number of records,NA,2015-01-01 to 2015-12-31,12153818,3.05,NA,years,NA,2026-03-04,2012-01-01,event
Lancashire Teaching Hospital,observation,overall,Number of records,NA,2015-01-01 to 2015-12-31,1150233,1.65,NA,years,NA,2026-03-04,2012-01-01,event
Lancashire Teaching Hospital,observation,FALSE,Number of records,NA,2015-01-01 to 2015-12-31,4230,0.01,NA,years,NA,2026-03-04,2012-01-01,event
Lancashire Teaching Hospital,observation,TRUE,Number of records,NA,2015-01-01 to 2015-12-31,1146003,1.65,NA,years,NA,2026-03-04,2012-01-01,event
Lancashire Teaching Hospital,death,overall,Number of records,NA,2015-01-01 to 2015-12-31,4969,6.33,NA,years,NA,2026-03-04,2012-01-01,event
Lancashire Teaching Hospital,death,FALSE,Number of records,NA,2015-01-01 to 2015-12-31,NA,NA,NA,years,NA,2026-03-04,2012-01-01,event
Lancashire Teaching Hospital,death,TRUE,Number of records,NA,2015-01-01 to 2015-12-31,4965,6.32,NA,years,NA,2026-03-04,2012-01-01,event
Lancashire Teaching Hospital,visit_occurrence,overall,Number of records,NA,2016-01-01 to 2016-12-31,1342246,7.06,NA,years,NA,2026-03-04,2012-01-01,event
Lancashire Teaching Hospital,visit_occurrence,TRUE,Number of records,NA,2016-01-01 to 2016-12-31,1342246,7.06,NA,years,NA,2026-03-04,2012-01-01,event
Lancashire Teaching Hospital,visit_detail,overall,Number of records,NA,2016-01-01 to 2016-12-31,216989,5.11,NA,years,NA,2026-03-04,2012-01-01,event
Lancashire Teaching Hospital,visit_detail,TRUE,Number of records,NA,2016-01-01 to 2016-12-31,216989,5.11,NA,years,NA,2026-03-04,2012-01-01,event
Lancashire Teaching Hospital,condition_occurrence,overall,Number of records,NA,2016-01-01 to 2016-12-31,882323,5.28,NA,years,NA,2026-03-04,2012-01-01,event
Lancashire Teaching Hospital,condition_occurrence,TRUE,Number of records,NA,2016-01-01 to 2016-12-31,882323,5.28,NA,years,NA,2026-03-04,2012-01-01,event
Lancashire Teaching Hospital,drug_exposure,overall,Number of records,NA,2016-01-01 to 2016-12-31,NA,NA,NA,years,NA,2026-03-04,2012-01-01,event
Lancashire Teaching Hospital,drug_exposure,TRUE,Number of records,NA,2016-01-01 to 2016-12-31,NA,NA,NA,years,NA,2026-03-04,2012-01-01,event
Lancashire Teaching Hospital,procedure_occurrence,overall,Number of records,NA,2016-01-01 to 2016-12-31,462605,5.53,NA,years,NA,2026-03-04,2012-01-01,event
Lancashire Teaching Hospital,procedure_occurrence,FALSE,Number of records,NA,2016-01-01 to 2016-12-31,NA,NA,NA,years,NA,2026-03-04,2012-01-01,event
Lancashire Teaching Hospital,procedure_occurrence,TRUE,Number of records,NA,2016-01-01 to 2016-12-31,462601,5.53,NA,years,NA,2026-03-04,2012-01-01,event
Lancashire Teaching Hospital,device_exposure,overall,Number of records,NA,2016-01-01 to 2016-12-31,8653,9.77,NA,years,NA,2026-03-04,2012-01-01,event
Lancashire Teaching Hospital,device_exposure,TRUE,Number of records,NA,2016-01-01 to 2016-12-31,8653,9.77,NA,years,NA,2026-03-04,2012-01-01,event
Lancashire Teaching Hospital,measurement,overall,Number of records,NA,2016-01-01 to 2016-12-31,13245670,3.33,NA,years,NA,2026-03-04,2012-01-01,event
Lancashire Teaching Hospital,measurement,FALSE,Number of records,NA,2016-01-01 to 2016-12-31,270,0,NA,years,NA,2026-03-04,2012-01-01,event
Lancashire Teaching Hospital,measurement,TRUE,Number of records,NA,2016-01-01 to 2016-12-31,13245400,3.32,NA,years,NA,2026-03-04,2012-01-01,event
Lancashire Teaching Hospital,observation,overall,Number of records,NA,2016-01-01 to 2016-12-31,2306630,3.31,NA,years,NA,2026-03-04,2012-01-01,event
Lancashire Teaching Hospital,observation,FALSE,Number of records,NA,2016-01-01 to 2016-12-31,3830,0.01,NA,years,NA,2026-03-04,2012-01-01,event
Lancashire Teaching Hospital,observation,TRUE,Number of records,NA,2016-01-01 to 2016-12-31,2302800,3.31,NA,years,NA,2026-03-04,2012-01-01,event
Lancashire Teaching Hospital,death,overall,Number of records,NA,2016-01-01 to 2016-12-31,5003,6.37,NA,years,NA,2026-03-04,2012-01-01,event
Lancashire Teaching Hospital,death,FALSE,Number of records,NA,2016-01-01 to 2016-12-31,NA,NA,NA,years,NA,2026-03-04,2012-01-01,event
Lancashire Teaching Hospital,death,TRUE,Number of records,NA,2016-01-01 to 2016-12-31,5000,6.37,NA,years,NA,2026-03-04,2012-01-01,event
Lancashire Teaching Hospital,visit_occurrence,overall,Number of records,NA,2017-01-01 to 2017-12-31,1295622,6.81,NA,years,NA,2026-03-04,2012-01-01,event
Lancashire Teaching Hospital,visit_occurrence,TRUE,Number of records,NA,2017-01-01 to 2017-12-31,1295622,6.81,NA,years,NA,2026-03-04,2012-01-01,event
Lancashire Teaching Hospital,visit_detail,overall,Number of records,NA,2017-01-01 to 2017-12-31,209637,4.93,NA,years,NA,2026-03-04,2012-01-01,event
Lancashire Teaching Hospital,visit_detail,TRUE,Number of records,NA,2017-01-01 to 2017-12-31,209637,4.93,NA,years,NA,2026-03-04,2012-01-01,event
Lancashire Teaching Hospital,condition_occurrence,overall,Number of records,NA,2017-01-01 to 2017-12-31,915758,5.48,NA,years,NA,2026-03-04,2012-01-01,event
Lancashire Teaching Hospital,condition_occurrence,TRUE,Number of records,NA,2017-01-01 to 2017-12-31,915758,5.48,NA,years,NA,2026-03-04,2012-01-01,event
Lancashire Teaching Hospital,drug_exposure,overall,Number of records,NA,2017-01-01 to 2017-12-31,51645,0.21,NA,years,NA,2026-03-04,2012-01-01,event
Lancashire Teaching Hospital,drug_exposure,TRUE,Number of records,NA,2017-01-01 to 2017-12-31,51645,0.21,NA,years,NA,2026-03-04,2012-01-01,event
Lancashire Teaching Hospital,procedure_occurrence,overall,Number of records,NA,2017-01-01 to 2017-12-31,441813,5.28,NA,years,NA,2026-03-04,2012-01-01,event
Lancashire Teaching Hospital,procedure_occurrence,FALSE,Number of records,NA,2017-01-01 to 2017-12-31,9,0,NA,years,NA,2026-03-04,2012-01-01,event
Lancashire Teaching Hospital,procedure_occurrence,TRUE,Number of records,NA,2017-01-01 to 2017-12-31,441804,5.28,NA,years,NA,2026-03-04,2012-01-01,event
Lancashire Teaching Hospital,device_exposure,overall,Number of records,NA,2017-01-01 to 2017-12-31,8800,9.94,NA,years,NA,2026-03-04,2012-01-01,event
Lancashire Teaching Hospital,device_exposure,TRUE,Number of records,NA,2017-01-01 to 2017-12-31,8800,9.94,NA,years,NA,2026-03-04,2012-01-01,event
Lancashire Teaching Hospital,measurement,overall,Number of records,NA,2017-01-01 to 2017-12-31,14320069,3.59,NA,years,NA,2026-03-04,2012-01-01,event
Lancashire Teaching Hospital,measurement,FALSE,Number of records,NA,2017-01-01 to 2017-12-31,475,0,NA,years,NA,2026-03-04,2012-01-01,event
Lancashire Teaching Hospital,measurement,TRUE,Number of records,NA,2017-01-01 to 2017-12-31,14319594,3.59,NA,years,NA,2026-03-04,2012-01-01,event
Lancashire Teaching Hospital,observation,overall,Number of records,NA,2017-01-01 to 2017-12-31,2604683,3.74,NA,years,NA,2026-03-04,2012-01-01,event
Lancashire Teaching Hospital,observation,FALSE,Number of records,NA,2017-01-01 to 2017-12-31,3766,0.01,NA,years,NA,2026-03-04,2012-01-01,event
Lancashire Teaching Hospital,observation,TRUE,Number of records,NA,2017-01-01 to 2017-12-31,2600917,3.74,NA,years,NA,2026-03-04,2012-01-01,event
Lancashire Teaching Hospital,death,overall,Number of records,NA,2017-01-01 to 2017-12-31,5044,6.42,NA,years,NA,2026-03-04,2012-01-01,event
Lancashire Teaching Hospital,death,FALSE,Number of records,NA,2017-01-01 to 2017-12-31,NA,NA,NA,years,NA,2026-03-04,2012-01-01,event
Lancashire Teaching Hospital,death,TRUE,Number of records,NA,2017-01-01 to 2017-12-31,5040,6.42,NA,years,NA,2026-03-04,2012-01-01,event
Lancashire Teaching Hospital,visit_occurrence,overall,Number of records,NA,2018-01-01 to 2018-12-31,1281473,6.74,NA,years,NA,2026-03-04,2012-01-01,event
Lancashire Teaching Hospital,visit_occurrence,TRUE,Number of records,NA,2018-01-01 to 2018-12-31,1281473,6.74,NA,years,NA,2026-03-04,2012-01-01,event
Lancashire Teaching Hospital,visit_detail,overall,Number of records,NA,2018-01-01 to 2018-12-31,220738,5.2,NA,years,NA,2026-03-04,2012-01-01,event
Lancashire Teaching Hospital,visit_detail,TRUE,Number of records,NA,2018-01-01 to 2018-12-31,220738,5.2,NA,years,NA,2026-03-04,2012-01-01,event
Lancashire Teaching Hospital,condition_occurrence,overall,Number of records,NA,2018-01-01 to 2018-12-31,1056409,6.32,NA,years,NA,2026-03-04,2012-01-01,event
Lancashire Teaching Hospital,condition_occurrence,TRUE,Number of records,NA,2018-01-01 to 2018-12-31,1056409,6.32,NA,years,NA,2026-03-04,2012-01-01,event
Lancashire Teaching Hospital,drug_exposure,overall,Number of records,NA,2018-01-01 to 2018-12-31,262180,1.06,NA,years,NA,2026-03-04,2012-01-01,event
Lancashire Teaching Hospital,drug_exposure,TRUE,Number of records,NA,2018-01-01 to 2018-12-31,262180,1.06,NA,years,NA,2026-03-04,2012-01-01,event
Lancashire Teaching Hospital,procedure_occurrence,overall,Number of records,NA,2018-01-01 to 2018-12-31,577077,6.9,NA,years,NA,2026-03-04,2012-01-01,event
Lancashire Teaching Hospital,procedure_occurrence,FALSE,Number of records,NA,2018-01-01 to 2018-12-31,90,0,NA,years,NA,2026-03-04,2012-01-01,event
Lancashire Teaching Hospital,procedure_occurrence,TRUE,Number of records,NA,2018-01-01 to 2018-12-31,576987,6.9,NA,years,NA,2026-03-04,2012-01-01,event
Lancashire Teaching Hospital,device_exposure,overall,Number of records,NA,2018-01-01 to 2018-12-31,8729,9.86,NA,years,NA,2026-03-04,2012-01-01,event
Lancashire Teaching Hospital,device_exposure,TRUE,Number of records,NA,2018-01-01 to 2018-12-31,8729,9.86,NA,years,NA,2026-03-04,2012-01-01,event
Lancashire Teaching Hospital,measurement,overall,Number of records,NA,2018-01-01 to 2018-12-31,30171389,7.57,NA,years,NA,2026-03-04,2012-01-01,event
Lancashire Teaching Hospital,measurement,FALSE,Number of records,NA,2018-01-01 to 2018-12-31,359,0,NA,years,NA,2026-03-04,2012-01-01,event
Lancashire Teaching Hospital,measurement,TRUE,Number of records,NA,2018-01-01 to 2018-12-31,30171030,7.57,NA,years,NA,2026-03-04,2012-01-01,event
Lancashire Teaching Hospital,observation,overall,Number of records,NA,2018-01-01 to 2018-12-31,4728482,6.79,NA,years,NA,2026-03-04,2012-01-01,event
Lancashire Teaching Hospital,observation,FALSE,Number of records,NA,2018-01-01 to 2018-12-31,4662,0.01,NA,years,NA,2026-03-04,2012-01-01,event
Lancashire Teaching Hospital,observation,TRUE,Number of records,NA,2018-01-01 to 2018-12-31,4723820,6.79,NA,years,NA,2026-03-04,2012-01-01,event
Lancashire Teaching Hospital,death,overall,Number of records,NA,2018-01-01 to 2018-12-31,5125,6.53,NA,years,NA,2026-03-04,2012-01-01,event
Lancashire Teaching Hospital,death,TRUE,Number of records,NA,2018-01-01 to 2018-12-31,5119,6.52,NA,years,NA,2026-03-04,2012-01-01,event
Lancashire Teaching Hospital,death,FALSE,Number of records,NA,2018-01-01 to 2018-12-31,6,0.01,NA,years,NA,2026-03-04,2012-01-01,event
Lancashire Teaching Hospital,visit_occurrence,overall,Number of records,NA,2019-01-01 to 2019-12-31,1285900,6.76,NA,years,NA,2026-03-04,2012-01-01,event
Lancashire Teaching Hospital,visit_occurrence,FALSE,Number of records,NA,2019-01-01 to 2019-12-31,NA,NA,NA,years,NA,2026-03-04,2012-01-01,event
Lancashire Teaching Hospital,visit_occurrence,TRUE,Number of records,NA,2019-01-01 to 2019-12-31,1285899,6.76,NA,years,NA,2026-03-04,2012-01-01,event
Lancashire Teaching Hospital,visit_detail,overall,Number of records,NA,2019-01-01 to 2019-12-31,225351,5.3,NA,years,NA,2026-03-04,2012-01-01,event
Lancashire Teaching Hospital,visit_detail,TRUE,Number of records,NA,2019-01-01 to 2019-12-31,225351,5.3,NA,years,NA,2026-03-04,2012-01-01,event
Lancashire Teaching Hospital,condition_occurrence,overall,Number of records,NA,2019-01-01 to 2019-12-31,1207229,7.22,NA,years,NA,2026-03-04,2012-01-01,event
Lancashire Teaching Hospital,condition_occurrence,FALSE,Number of records,NA,2019-01-01 to 2019-12-31,9,0,NA,years,NA,2026-03-04,2012-01-01,event
Lancashire Teaching Hospital,condition_occurrence,TRUE,Number of records,NA,2019-01-01 to 2019-12-31,1207220,7.22,NA,years,NA,2026-03-04,2012-01-01,event
Lancashire Teaching Hospital,drug_exposure,overall,Number of records,NA,2019-01-01 to 2019-12-31,1367247,5.51,NA,years,NA,2026-03-04,2012-01-01,event
Lancashire Teaching Hospital,drug_exposure,TRUE,Number of records,NA,2019-01-01 to 2019-12-31,1367247,5.51,NA,years,NA,2026-03-04,2012-01-01,event
Lancashire Teaching Hospital,procedure_occurrence,overall,Number of records,NA,2019-01-01 to 2019-12-31,620407,7.42,NA,years,NA,2026-03-04,2012-01-01,event
Lancashire Teaching Hospital,procedure_occurrence,FALSE,Number of records,NA,2019-01-01 to 2019-12-31,120,0,NA,years,NA,2026-03-04,2012-01-01,event
Lancashire Teaching Hospital,procedure_occurrence,TRUE,Number of records,NA,2019-01-01 to 2019-12-31,620287,7.42,NA,years,NA,2026-03-04,2012-01-01,event
Lancashire Teaching Hospital,device_exposure,overall,Number of records,NA,2019-01-01 to 2019-12-31,9003,10.17,NA,years,NA,2026-03-04,2012-01-01,event
Lancashire Teaching Hospital,device_exposure,TRUE,Number of records,NA,2019-01-01 to 2019-12-31,9003,10.17,NA,years,NA,2026-03-04,2012-01-01,event
Lancashire Teaching Hospital,measurement,overall,Number of records,NA,2019-01-01 to 2019-12-31,35243838,8.85,NA,years,NA,2026-03-04,2012-01-01,event
Lancashire Teaching Hospital,measurement,FALSE,Number of records,NA,2019-01-01 to 2019-12-31,656,0,NA,years,NA,2026-03-04,2012-01-01,event
Lancashire Teaching Hospital,measurement,TRUE,Number of records,NA,2019-01-01 to 2019-12-31,35243182,8.85,NA,years,NA,2026-03-04,2012-01-01,event
Lancashire Teaching Hospital,observation,overall,Number of records,NA,2019-01-01 to 2019-12-31,4834527,6.95,NA,years,NA,2026-03-04,2012-01-01,event
Lancashire Teaching Hospital,observation,FALSE,Number of records,NA,2019-01-01 to 2019-12-31,4297,0.01,NA,years,NA,2026-03-04,2012-01-01,event
Lancashire Teaching Hospital,observation,TRUE,Number of records,NA,2019-01-01 to 2019-12-31,4830230,6.94,NA,years,NA,2026-03-04,2012-01-01,event
Lancashire Teaching Hospital,death,overall,Number of records,NA,2019-01-01 to 2019-12-31,5116,6.52,NA,years,NA,2026-03-04,2012-01-01,event
Lancashire Teaching Hospital,death,FALSE,Number of records,NA,2019-01-01 to 2019-12-31,NA,NA,NA,years,NA,2026-03-04,2012-01-01,event
Lancashire Teaching Hospital,death,TRUE,Number of records,NA,2019-01-01 to 2019-12-31,5115,6.51,NA,years,NA,2026-03-04,2012-01-01,event
Lancashire Teaching Hospital,visit_occurrence,overall,Number of records,NA,2020-01-01 to 2020-12-31,1129123,5.94,NA,years,NA,2026-03-04,2012-01-01,event
Lancashire Teaching Hospital,visit_occurrence,FALSE,Number of records,NA,2020-01-01 to 2020-12-31,NA,NA,NA,years,NA,2026-03-04,2012-01-01,event
Lancashire Teaching Hospital,visit_occurrence,TRUE,Number of records,NA,2020-01-01 to 2020-12-31,1129121,5.94,NA,years,NA,2026-03-04,2012-01-01,event
Lancashire Teaching Hospital,visit_detail,overall,Number of records,NA,2020-01-01 to 2020-12-31,305508,7.19,NA,years,NA,2026-03-04,2012-01-01,event
Lancashire Teaching Hospital,visit_detail,TRUE,Number of records,NA,2020-01-01 to 2020-12-31,305508,7.19,NA,years,NA,2026-03-04,2012-01-01,event
Lancashire Teaching Hospital,condition_occurrence,overall,Number of records,NA,2020-01-01 to 2020-12-31,1160007,6.94,NA,years,NA,2026-03-04,2012-01-01,event
Lancashire Teaching Hospital,condition_occurrence,FALSE,Number of records,NA,2020-01-01 to 2020-12-31,27,0,NA,years,NA,2026-03-04,2012-01-01,event
Lancashire Teaching Hospital,condition_occurrence,TRUE,Number of records,NA,2020-01-01 to 2020-12-31,1159980,6.94,NA,years,NA,2026-03-04,2012-01-01,event
Lancashire Teaching Hospital,drug_exposure,overall,Number of records,NA,2020-01-01 to 2020-12-31,2260082,9.11,NA,years,NA,2026-03-04,2012-01-01,event
Lancashire Teaching Hospital,drug_exposure,FALSE,Number of records,NA,2020-01-01 to 2020-12-31,238,0,NA,years,NA,2026-03-04,2012-01-01,event
Lancashire Teaching Hospital,drug_exposure,TRUE,Number of records,NA,2020-01-01 to 2020-12-31,2259844,9.11,NA,years,NA,2026-03-04,2012-01-01,event
Lancashire Teaching Hospital,procedure_occurrence,overall,Number of records,NA,2020-01-01 to 2020-12-31,577050,6.9,NA,years,NA,2026-03-04,2012-01-01,event
Lancashire Teaching Hospital,procedure_occurrence,FALSE,Number of records,NA,2020-01-01 to 2020-12-31,147,0,NA,years,NA,2026-03-04,2012-01-01,event
Lancashire Teaching Hospital,procedure_occurrence,TRUE,Number of records,NA,2020-01-01 to 2020-12-31,576903,6.9,NA,years,NA,2026-03-04,2012-01-01,event
Lancashire Teaching Hospital,device_exposure,overall,Number of records,NA,2020-01-01 to 2020-12-31,7184,8.11,NA,years,NA,2026-03-04,2012-01-01,event
Lancashire Teaching Hospital,device_exposure,TRUE,Number of records,NA,2020-01-01 to 2020-12-31,7184,8.11,NA,years,NA,2026-03-04,2012-01-01,event
Lancashire Teaching Hospital,measurement,overall,Number of records,NA,2020-01-01 to 2020-12-31,32941522,8.27,NA,years,NA,2026-03-04,2012-01-01,event
Lancashire Teaching Hospital,measurement,FALSE,Number of records,NA,2020-01-01 to 2020-12-31,4380,0,NA,years,NA,2026-03-04,2012-01-01,event
Lancashire Teaching Hospital,measurement,TRUE,Number of records,NA,2020-01-01 to 2020-12-31,32937142,8.27,NA,years,NA,2026-03-04,2012-01-01,event
Lancashire Teaching Hospital,observation,overall,Number of records,NA,2020-01-01 to 2020-12-31,5988495,8.6,NA,years,NA,2026-03-04,2012-01-01,event
Lancashire Teaching Hospital,observation,FALSE,Number of records,NA,2020-01-01 to 2020-12-31,4943,0.01,NA,years,NA,2026-03-04,2012-01-01,event
Lancashire Teaching Hospital,observation,TRUE,Number of records,NA,2020-01-01 to 2020-12-31,5983552,8.6,NA,years,NA,2026-03-04,2012-01-01,event
Lancashire Teaching Hospital,death,overall,Number of records,NA,2020-01-01 to 2020-12-31,5929,7.55,NA,years,NA,2026-03-04,2012-01-01,event
Lancashire Teaching Hospital,death,FALSE,Number of records,NA,2020-01-01 to 2020-12-31,NA,NA,NA,years,NA,2026-03-04,2012-01-01,event
Lancashire Teaching Hospital,death,TRUE,Number of records,NA,2020-01-01 to 2020-12-31,5926,7.55,NA,years,NA,2026-03-04,2012-01-01,event
Lancashire Teaching Hospital,visit_occurrence,overall,Number of records,NA,2021-01-01 to 2021-12-31,1257815,6.61,NA,years,NA,2026-03-04,2012-01-01,event
Lancashire Teaching Hospital,visit_occurrence,FALSE,Number of records,NA,2021-01-01 to 2021-12-31,7,0,NA,years,NA,2026-03-04,2012-01-01,event
Lancashire Teaching Hospital,visit_occurrence,TRUE,Number of records,NA,2021-01-01 to 2021-12-31,1257808,6.61,NA,years,NA,2026-03-04,2012-01-01,event
Lancashire Teaching Hospital,visit_detail,overall,Number of records,NA,2021-01-01 to 2021-12-31,405189,9.54,NA,years,NA,2026-03-04,2012-01-01,event
Lancashire Teaching Hospital,visit_detail,TRUE,Number of records,NA,2021-01-01 to 2021-12-31,405189,9.54,NA,years,NA,2026-03-04,2012-01-01,event
Lancashire Teaching Hospital,condition_occurrence,overall,Number of records,NA,2021-01-01 to 2021-12-31,1337134,8,NA,years,NA,2026-03-04,2012-01-01,event
Lancashire Teaching Hospital,condition_occurrence,TRUE,Number of records,NA,2021-01-01 to 2021-12-31,1337134,8,NA,years,NA,2026-03-04,2012-01-01,event
Lancashire Teaching Hospital,drug_exposure,overall,Number of records,NA,2021-01-01 to 2021-12-31,3167302,12.76,NA,years,NA,2026-03-04,2012-01-01,event
Lancashire Teaching Hospital,drug_exposure,TRUE,Number of records,NA,2021-01-01 to 2021-12-31,3167302,12.76,NA,years,NA,2026-03-04,2012-01-01,event
Lancashire Teaching Hospital,procedure_occurrence,overall,Number of records,NA,2021-01-01 to 2021-12-31,703290,8.41,NA,years,NA,2026-03-04,2012-01-01,event
Lancashire Teaching Hospital,procedure_occurrence,FALSE,Number of records,NA,2021-01-01 to 2021-12-31,89,0,NA,years,NA,2026-03-04,2012-01-01,event
Lancashire Teaching Hospital,procedure_occurrence,TRUE,Number of records,NA,2021-01-01 to 2021-12-31,703201,8.41,NA,years,NA,2026-03-04,2012-01-01,event
Lancashire Teaching Hospital,device_exposure,overall,Number of records,NA,2021-01-01 to 2021-12-31,10191,11.51,NA,years,NA,2026-03-04,2012-01-01,event
Lancashire Teaching Hospital,device_exposure,TRUE,Number of records,NA,2021-01-01 to 2021-12-31,10191,11.51,NA,years,NA,2026-03-04,2012-01-01,event
Lancashire Teaching Hospital,measurement,overall,Number of records,NA,2021-01-01 to 2021-12-31,38959242,9.78,NA,years,NA,2026-03-04,2012-01-01,event
Lancashire Teaching Hospital,measurement,FALSE,Number of records,NA,2021-01-01 to 2021-12-31,1023,0,NA,years,NA,2026-03-04,2012-01-01,event
Lancashire Teaching Hospital,measurement,TRUE,Number of records,NA,2021-01-01 to 2021-12-31,38958219,9.78,NA,years,NA,2026-03-04,2012-01-01,event
Lancashire Teaching Hospital,observation,overall,Number of records,NA,2021-01-01 to 2021-12-31,7702587,11.07,NA,years,NA,2026-03-04,2012-01-01,event
Lancashire Teaching Hospital,observation,FALSE,Number of records,NA,2021-01-01 to 2021-12-31,5150,0.01,NA,years,NA,2026-03-04,2012-01-01,event
Lancashire Teaching Hospital,observation,TRUE,Number of records,NA,2021-01-01 to 2021-12-31,7697437,11.06,NA,years,NA,2026-03-04,2012-01-01,event
Lancashire Teaching Hospital,death,overall,Number of records,NA,2021-01-01 to 2021-12-31,5670,7.22,NA,years,NA,2026-03-04,2012-01-01,event
Lancashire Teaching Hospital,death,FALSE,Number of records,NA,2021-01-01 to 2021-12-31,5,0.01,NA,years,NA,2026-03-04,2012-01-01,event
Lancashire Teaching Hospital,death,TRUE,Number of records,NA,2021-01-01 to 2021-12-31,5665,7.21,NA,years,NA,2026-03-04,2012-01-01,event
Lancashire Teaching Hospital,visit_occurrence,overall,Number of records,NA,2022-01-01 to 2022-12-31,1277574,6.72,NA,years,NA,2026-03-04,2012-01-01,event
Lancashire Teaching Hospital,visit_occurrence,FALSE,Number of records,NA,2022-01-01 to 2022-12-31,8,0,NA,years,NA,2026-03-04,2012-01-01,event
Lancashire Teaching Hospital,visit_occurrence,TRUE,Number of records,NA,2022-01-01 to 2022-12-31,1277566,6.72,NA,years,NA,2026-03-04,2012-01-01,event
Lancashire Teaching Hospital,visit_detail,overall,Number of records,NA,2022-01-01 to 2022-12-31,421997,9.93,NA,years,NA,2026-03-04,2012-01-01,event
Lancashire Teaching Hospital,visit_detail,TRUE,Number of records,NA,2022-01-01 to 2022-12-31,421997,9.93,NA,years,NA,2026-03-04,2012-01-01,event
Lancashire Teaching Hospital,condition_occurrence,overall,Number of records,NA,2022-01-01 to 2022-12-31,1534786,9.18,NA,years,NA,2026-03-04,2012-01-01,event
Lancashire Teaching Hospital,condition_occurrence,TRUE,Number of records,NA,2022-01-01 to 2022-12-31,1534786,9.18,NA,years,NA,2026-03-04,2012-01-01,event
Lancashire Teaching Hospital,drug_exposure,overall,Number of records,NA,2022-01-01 to 2022-12-31,4156934,16.75,NA,years,NA,2026-03-04,2012-01-01,event
Lancashire Teaching Hospital,drug_exposure,FALSE,Number of records,NA,2022-01-01 to 2022-12-31,477,0,NA,years,NA,2026-03-04,2012-01-01,event
Lancashire Teaching Hospital,drug_exposure,TRUE,Number of records,NA,2022-01-01 to 2022-12-31,4156457,16.75,NA,years,NA,2026-03-04,2012-01-01,event
Lancashire Teaching Hospital,procedure_occurrence,overall,Number of records,NA,2022-01-01 to 2022-12-31,719800,8.61,NA,years,NA,2026-03-04,2012-01-01,event
Lancashire Teaching Hospital,procedure_occurrence,FALSE,Number of records,NA,2022-01-01 to 2022-12-31,97,0,NA,years,NA,2026-03-04,2012-01-01,event
Lancashire Teaching Hospital,procedure_occurrence,TRUE,Number of records,NA,2022-01-01 to 2022-12-31,719703,8.6,NA,years,NA,2026-03-04,2012-01-01,event
Lancashire Teaching Hospital,device_exposure,overall,Number of records,NA,2022-01-01 to 2022-12-31,2239,2.53,NA,years,NA,2026-03-04,2012-01-01,event
Lancashire Teaching Hospital,device_exposure,TRUE,Number of records,NA,2022-01-01 to 2022-12-31,2239,2.53,NA,years,NA,2026-03-04,2012-01-01,event
Lancashire Teaching Hospital,measurement,overall,Number of records,NA,2022-01-01 to 2022-12-31,43091116,10.82,NA,years,NA,2026-03-04,2012-01-01,event
Lancashire Teaching Hospital,measurement,FALSE,Number of records,NA,2022-01-01 to 2022-12-31,2567,0,NA,years,NA,2026-03-04,2012-01-01,event
Lancashire Teaching Hospital,measurement,TRUE,Number of records,NA,2022-01-01 to 2022-12-31,43088549,10.82,NA,years,NA,2026-03-04,2012-01-01,event
Lancashire Teaching Hospital,observation,overall,Number of records,NA,2022-01-01 to 2022-12-31,8658764,12.44,NA,years,NA,2026-03-04,2012-01-01,event
Lancashire Teaching Hospital,observation,FALSE,Number of records,NA,2022-01-01 to 2022-12-31,4937,0.01,NA,years,NA,2026-03-04,2012-01-01,event
Lancashire Teaching Hospital,observation,TRUE,Number of records,NA,2022-01-01 to 2022-12-31,8653827,12.43,NA,years,NA,2026-03-04,2012-01-01,event
Lancashire Teaching Hospital,death,overall,Number of records,NA,2022-01-01 to 2022-12-31,6116,7.79,NA,years,NA,2026-03-04,2012-01-01,event
Lancashire Teaching Hospital,death,FALSE,Number of records,NA,2022-01-01 to 2022-12-31,5,0.01,NA,years,NA,2026-03-04,2012-01-01,event
Lancashire Teaching Hospital,death,TRUE,Number of records,NA,2022-01-01 to 2022-12-31,6111,7.78,NA,years,NA,2026-03-04,2012-01-01,event
Lancashire Teaching Hospital,visit_occurrence,overall,Number of records,NA,2023-01-01 to 2023-12-31,1289131,6.78,NA,years,NA,2026-03-04,2012-01-01,event
Lancashire Teaching Hospital,visit_occurrence,FALSE,Number of records,NA,2023-01-01 to 2023-12-31,8,0,NA,years,NA,2026-03-04,2012-01-01,event
Lancashire Teaching Hospital,visit_occurrence,TRUE,Number of records,NA,2023-01-01 to 2023-12-31,1289123,6.78,NA,years,NA,2026-03-04,2012-01-01,event
Lancashire Teaching Hospital,visit_detail,overall,Number of records,NA,2023-01-01 to 2023-12-31,460925,10.85,NA,years,NA,2026-03-04,2012-01-01,event
Lancashire Teaching Hospital,visit_detail,TRUE,Number of records,NA,2023-01-01 to 2023-12-31,460925,10.85,NA,years,NA,2026-03-04,2012-01-01,event
Lancashire Teaching Hospital,condition_occurrence,overall,Number of records,NA,2023-01-01 to 2023-12-31,1665087,9.96,NA,years,NA,2026-03-04,2012-01-01,event
Lancashire Teaching Hospital,condition_occurrence,TRUE,Number of records,NA,2023-01-01 to 2023-12-31,1665087,9.96,NA,years,NA,2026-03-04,2012-01-01,event
Lancashire Teaching Hospital,drug_exposure,overall,Number of records,NA,2023-01-01 to 2023-12-31,4257958,17.16,NA,years,NA,2026-03-04,2012-01-01,event
Lancashire Teaching Hospital,drug_exposure,TRUE,Number of records,NA,2023-01-01 to 2023-12-31,4257958,17.16,NA,years,NA,2026-03-04,2012-01-01,event
Lancashire Teaching Hospital,procedure_occurrence,overall,Number of records,NA,2023-01-01 to 2023-12-31,750832,8.98,NA,years,NA,2026-03-04,2012-01-01,event
Lancashire Teaching Hospital,procedure_occurrence,FALSE,Number of records,NA,2023-01-01 to 2023-12-31,82,0,NA,years,NA,2026-03-04,2012-01-01,event
Lancashire Teaching Hospital,procedure_occurrence,TRUE,Number of records,NA,2023-01-01 to 2023-12-31,750750,8.98,NA,years,NA,2026-03-04,2012-01-01,event
Lancashire Teaching Hospital,measurement,overall,Number of records,NA,2023-01-01 to 2023-12-31,46886568,11.77,NA,years,NA,2026-03-04,2012-01-01,event
Lancashire Teaching Hospital,measurement,FALSE,Number of records,NA,2023-01-01 to 2023-12-31,1049,0,NA,years,NA,2026-03-04,2012-01-01,event
Lancashire Teaching Hospital,measurement,TRUE,Number of records,NA,2023-01-01 to 2023-12-31,46885519,11.77,NA,years,NA,2026-03-04,2012-01-01,event
Lancashire Teaching Hospital,observation,overall,Number of records,NA,2023-01-01 to 2023-12-31,10329647,14.84,NA,years,NA,2026-03-04,2012-01-01,event
Lancashire Teaching Hospital,observation,FALSE,Number of records,NA,2023-01-01 to 2023-12-31,5877,0.01,NA,years,NA,2026-03-04,2012-01-01,event
Lancashire Teaching Hospital,observation,TRUE,Number of records,NA,2023-01-01 to 2023-12-31,10323770,14.83,NA,years,NA,2026-03-04,2012-01-01,event
Lancashire Teaching Hospital,death,overall,Number of records,NA,2023-01-01 to 2023-12-31,6267,7.98,NA,years,NA,2026-03-04,2012-01-01,event
Lancashire Teaching Hospital,death,FALSE,Number of records,NA,2023-01-01 to 2023-12-31,NA,NA,NA,years,NA,2026-03-04,2012-01-01,event
Lancashire Teaching Hospital,death,TRUE,Number of records,NA,2023-01-01 to 2023-12-31,6266,7.98,NA,years,NA,2026-03-04,2012-01-01,event
Lancashire Teaching Hospital,visit_occurrence,overall,Number of records,NA,2024-01-01 to 2024-12-31,1374532,7.23,NA,years,NA,2026-03-04,2012-01-01,event
Lancashire Teaching Hospital,visit_occurrence,FALSE,Number of records,NA,2024-01-01 to 2024-12-31,19,0,NA,years,NA,2026-03-04,2012-01-01,event
Lancashire Teaching Hospital,visit_occurrence,TRUE,Number of records,NA,2024-01-01 to 2024-12-31,1374513,7.23,NA,years,NA,2026-03-04,2012-01-01,event
Lancashire Teaching Hospital,visit_detail,overall,Number of records,NA,2024-01-01 to 2024-12-31,455214,10.71,NA,years,NA,2026-03-04,2012-01-01,event
Lancashire Teaching Hospital,visit_detail,TRUE,Number of records,NA,2024-01-01 to 2024-12-31,455214,10.71,NA,years,NA,2026-03-04,2012-01-01,event
Lancashire Teaching Hospital,condition_occurrence,overall,Number of records,NA,2024-01-01 to 2024-12-31,1742035,10.42,NA,years,NA,2026-03-04,2012-01-01,event
Lancashire Teaching Hospital,condition_occurrence,TRUE,Number of records,NA,2024-01-01 to 2024-12-31,1742035,10.42,NA,years,NA,2026-03-04,2012-01-01,event
Lancashire Teaching Hospital,drug_exposure,overall,Number of records,NA,2024-01-01 to 2024-12-31,4419295,17.81,NA,years,NA,2026-03-04,2012-01-01,event
Lancashire Teaching Hospital,drug_exposure,FALSE,Number of records,NA,2024-01-01 to 2024-12-31,10,0,NA,years,NA,2026-03-04,2012-01-01,event
Lancashire Teaching Hospital,drug_exposure,TRUE,Number of records,NA,2024-01-01 to 2024-12-31,4419285,17.81,NA,years,NA,2026-03-04,2012-01-01,event
Lancashire Teaching Hospital,procedure_occurrence,overall,Number of records,NA,2024-01-01 to 2024-12-31,768962,9.19,NA,years,NA,2026-03-04,2012-01-01,event
Lancashire Teaching Hospital,procedure_occurrence,FALSE,Number of records,NA,2024-01-01 to 2024-12-31,10,0,NA,years,NA,2026-03-04,2012-01-01,event
Lancashire Teaching Hospital,procedure_occurrence,TRUE,Number of records,NA,2024-01-01 to 2024-12-31,768952,9.19,NA,years,NA,2026-03-04,2012-01-01,event
Lancashire Teaching Hospital,measurement,overall,Number of records,NA,2024-01-01 to 2024-12-31,47641020,11.96,NA,years,NA,2026-03-04,2012-01-01,event
Lancashire Teaching Hospital,measurement,FALSE,Number of records,NA,2024-01-01 to 2024-12-31,919,0,NA,years,NA,2026-03-04,2012-01-01,event
Lancashire Teaching Hospital,measurement,TRUE,Number of records,NA,2024-01-01 to 2024-12-31,47640101,11.96,NA,years,NA,2026-03-04,2012-01-01,event
Lancashire Teaching Hospital,observation,overall,Number of records,NA,2024-01-01 to 2024-12-31,9724574,13.97,NA,years,NA,2026-03-04,2012-01-01,event
Lancashire Teaching Hospital,observation,FALSE,Number of records,NA,2024-01-01 to 2024-12-31,5469,0.01,NA,years,NA,2026-03-04,2012-01-01,event
Lancashire Teaching Hospital,observation,TRUE,Number of records,NA,2024-01-01 to 2024-12-31,9719105,13.97,NA,years,NA,2026-03-04,2012-01-01,event
Lancashire Teaching Hospital,death,overall,Number of records,NA,2024-01-01 to 2024-12-31,5983,7.62,NA,years,NA,2026-03-04,2012-01-01,event
Lancashire Teaching Hospital,death,FALSE,Number of records,NA,2024-01-01 to 2024-12-31,5,0.01,NA,years,NA,2026-03-04,2012-01-01,event
Lancashire Teaching Hospital,death,TRUE,Number of records,NA,2024-01-01 to 2024-12-31,5978,7.61,NA,years,NA,2026-03-04,2012-01-01,event
Lancashire Teaching Hospital,visit_occurrence,overall,Number of records,NA,2025-01-01 to 2025-12-31,1395946,7.34,NA,years,NA,2026-03-04,2012-01-01,event
Lancashire Teaching Hospital,visit_occurrence,FALSE,Number of records,NA,2025-01-01 to 2025-12-31,25,0,NA,years,NA,2026-03-04,2012-01-01,event
Lancashire Teaching Hospital,visit_occurrence,TRUE,Number of records,NA,2025-01-01 to 2025-12-31,1395921,7.34,NA,years,NA,2026-03-04,2012-01-01,event
Lancashire Teaching Hospital,visit_detail,overall,Number of records,NA,2025-01-01 to 2025-12-31,441606,10.39,NA,years,NA,2026-03-04,2012-01-01,event
Lancashire Teaching Hospital,visit_detail,TRUE,Number of records,NA,2025-01-01 to 2025-12-31,441606,10.39,NA,years,NA,2026-03-04,2012-01-01,event
Lancashire Teaching Hospital,condition_occurrence,overall,Number of records,NA,2025-01-01 to 2025-12-31,2024368,12.11,NA,years,NA,2026-03-04,2012-01-01,event
Lancashire Teaching Hospital,condition_occurrence,TRUE,Number of records,NA,2025-01-01 to 2025-12-31,2024368,12.11,NA,years,NA,2026-03-04,2012-01-01,event
Lancashire Teaching Hospital,drug_exposure,overall,Number of records,NA,2025-01-01 to 2025-12-31,4268176,17.2,NA,years,NA,2026-03-04,2012-01-01,event
Lancashire Teaching Hospital,drug_exposure,TRUE,Number of records,NA,2025-01-01 to 2025-12-31,4268176,17.2,NA,years,NA,2026-03-04,2012-01-01,event
Lancashire Teaching Hospital,procedure_occurrence,overall,Number of records,NA,2025-01-01 to 2025-12-31,776557,9.28,NA,years,NA,2026-03-04,2012-01-01,event
Lancashire Teaching Hospital,procedure_occurrence,FALSE,Number of records,NA,2025-01-01 to 2025-12-31,85,0,NA,years,NA,2026-03-04,2012-01-01,event
Lancashire Teaching Hospital,procedure_occurrence,TRUE,Number of records,NA,2025-01-01 to 2025-12-31,776472,9.28,NA,years,NA,2026-03-04,2012-01-01,event
Lancashire Teaching Hospital,measurement,overall,Number of records,NA,2025-01-01 to 2025-12-31,45217006,11.35,NA,years,NA,2026-03-04,2012-01-01,event
Lancashire Teaching Hospital,measurement,FALSE,Number of records,NA,2025-01-01 to 2025-12-31,390,0,NA,years,NA,2026-03-04,2012-01-01,event
Lancashire Teaching Hospital,measurement,TRUE,Number of records,NA,2025-01-01 to 2025-12-31,45216616,11.35,NA,years,NA,2026-03-04,2012-01-01,event
Lancashire Teaching Hospital,observation,overall,Number of records,NA,2025-01-01 to 2025-12-31,8996769,12.93,NA,years,NA,2026-03-04,2012-01-01,event
Lancashire Teaching Hospital,observation,FALSE,Number of records,NA,2025-01-01 to 2025-12-31,6210,0.01,NA,years,NA,2026-03-04,2012-01-01,event
Lancashire Teaching Hospital,observation,TRUE,Number of records,NA,2025-01-01 to 2025-12-31,8990559,12.92,NA,years,NA,2026-03-04,2012-01-01,event
Lancashire Teaching Hospital,death,overall,Number of records,NA,2025-01-01 to 2025-12-31,5800,7.39,NA,years,NA,2026-03-04,2012-01-01,event
Lancashire Teaching Hospital,death,TRUE,Number of records,NA,2025-01-01 to 2025-12-31,5800,7.39,NA,years,NA,2026-03-04,2012-01-01,event
Lancashire Teaching Hospital,visit_occurrence,overall,Number of records,NA,2026-01-01 to 2026-12-31,240149,1.26,NA,years,NA,2026-03-04,2012-01-01,event
Lancashire Teaching Hospital,visit_occurrence,FALSE,Number of records,NA,2026-01-01 to 2026-12-31,NA,NA,NA,years,NA,2026-03-04,2012-01-01,event
Lancashire Teaching Hospital,visit_occurrence,TRUE,Number of records,NA,2026-01-01 to 2026-12-31,240147,1.26,NA,years,NA,2026-03-04,2012-01-01,event
Lancashire Teaching Hospital,visit_detail,overall,Number of records,NA,2026-01-01 to 2026-12-31,70695,1.66,NA,years,NA,2026-03-04,2012-01-01,event
Lancashire Teaching Hospital,visit_detail,TRUE,Number of records,NA,2026-01-01 to 2026-12-31,70695,1.66,NA,years,NA,2026-03-04,2012-01-01,event
Lancashire Teaching Hospital,condition_occurrence,overall,Number of records,NA,2026-01-01 to 2026-12-31,251018,1.5,NA,years,NA,2026-03-04,2012-01-01,event
Lancashire Teaching Hospital,condition_occurrence,TRUE,Number of records,NA,2026-01-01 to 2026-12-31,251018,1.5,NA,years,NA,2026-03-04,2012-01-01,event
Lancashire Teaching Hospital,drug_exposure,overall,Number of records,NA,2026-01-01 to 2026-12-31,606130,2.44,NA,years,NA,2026-03-04,2012-01-01,event
Lancashire Teaching Hospital,drug_exposure,TRUE,Number of records,NA,2026-01-01 to 2026-12-31,606130,2.44,NA,years,NA,2026-03-04,2012-01-01,event
Lancashire Teaching Hospital,procedure_occurrence,overall,Number of records,NA,2026-01-01 to 2026-12-31,106167,1.27,NA,years,NA,2026-03-04,2012-01-01,event
Lancashire Teaching Hospital,procedure_occurrence,FALSE,Number of records,NA,2026-01-01 to 2026-12-31,41,0,NA,years,NA,2026-03-04,2012-01-01,event
Lancashire Teaching Hospital,procedure_occurrence,TRUE,Number of records,NA,2026-01-01 to 2026-12-31,106126,1.27,NA,years,NA,2026-03-04,2012-01-01,event
Lancashire Teaching Hospital,measurement,overall,Number of records,NA,2026-01-01 to 2026-12-31,5967757,1.5,NA,years,NA,2026-03-04,2012-01-01,event
Lancashire Teaching Hospital,measurement,FALSE,Number of records,NA,2026-01-01 to 2026-12-31,28,0,NA,years,NA,2026-03-04,2012-01-01,event
Lancashire Teaching Hospital,measurement,TRUE,Number of records,NA,2026-01-01 to 2026-12-31,5967729,1.5,NA,years,NA,2026-03-04,2012-01-01,event
Lancashire Teaching Hospital,observation,overall,Number of records,NA,2026-01-01 to 2026-12-31,1129440,1.62,NA,years,NA,2026-03-04,2012-01-01,event
Lancashire Teaching Hospital,observation,FALSE,Number of records,NA,2026-01-01 to 2026-12-31,1144,0,NA,years,NA,2026-03-04,2012-01-01,event
Lancashire Teaching Hospital,observation,TRUE,Number of records,NA,2026-01-01 to 2026-12-31,1128296,1.62,NA,years,NA,2026-03-04,2012-01-01,event
Lancashire Teaching Hospital,death,overall,Number of records,NA,2026-01-01 to 2026-12-31,1001,1.27,NA,years,NA,2026-03-04,2012-01-01,event
Lancashire Teaching Hospital,death,TRUE,Number of records,NA,2026-01-01 to 2026-12-31,1001,1.27,NA,years,NA,2026-03-04,2012-01-01,event
Lancashire Teaching Hospital,visit_occurrence,overall,Number of records,NA,overall,19016767,100,NA,years,NA,2026-03-04,2012-01-01,event
Lancashire Teaching Hospital,visit_occurrence,TRUE,Number of records,NA,overall,19016687,100,NA,years,NA,2026-03-04,2012-01-01,event
Lancashire Teaching Hospital,visit_occurrence,FALSE,Number of records,NA,overall,80,0,NA,years,NA,2026-03-04,2012-01-01,event
Lancashire Teaching Hospital,visit_detail,overall,Number of records,NA,overall,4248577,100,NA,years,NA,2026-03-04,2012-01-01,event
Lancashire Teaching Hospital,visit_detail,TRUE,Number of records,NA,overall,4248573,100,NA,years,NA,2026-03-04,2012-01-01,event
Lancashire Teaching Hospital,visit_detail,FALSE,Number of records,NA,overall,NA,NA,NA,years,NA,2026-03-04,2012-01-01,event
Lancashire Teaching Hospital,condition_occurrence,overall,Number of records,NA,overall,16721311,100,NA,years,NA,2026-03-04,2012-01-01,event
Lancashire Teaching Hospital,condition_occurrence,FALSE,Number of records,NA,overall,40,0,NA,years,NA,2026-03-04,2012-01-01,event
Lancashire Teaching Hospital,condition_occurrence,TRUE,Number of records,NA,overall,16721271,100,NA,years,NA,2026-03-04,2012-01-01,event
Lancashire Teaching Hospital,drug_exposure,overall,Number of records,NA,overall,24816983,100,NA,years,NA,2026-03-04,2012-01-01,event
Lancashire Teaching Hospital,drug_exposure,FALSE,Number of records,NA,overall,725,0,NA,years,NA,2026-03-04,2012-01-01,event
Lancashire Teaching Hospital,drug_exposure,TRUE,Number of records,NA,overall,24816258,100,NA,years,NA,2026-03-04,2012-01-01,event
Lancashire Teaching Hospital,procedure_occurrence,overall,Number of records,NA,overall,8364244,100,NA,years,NA,2026-03-04,2012-01-01,event
Lancashire Teaching Hospital,procedure_occurrence,FALSE,Number of records,NA,overall,820,0.01,NA,years,NA,2026-03-04,2012-01-01,event
Lancashire Teaching Hospital,procedure_occurrence,TRUE,Number of records,NA,overall,8363424,99.99,NA,years,NA,2026-03-04,2012-01-01,event
Lancashire Teaching Hospital,device_exposure,overall,Number of records,NA,overall,88563,100,NA,years,NA,2026-03-04,2012-01-01,event
Lancashire Teaching Hospital,device_exposure,TRUE,Number of records,NA,overall,88563,100,NA,years,NA,2026-03-04,2012-01-01,event
Lancashire Teaching Hospital,measurement,overall,Number of records,NA,overall,398361816,100,NA,years,NA,2026-03-04,2012-01-01,event
Lancashire Teaching Hospital,measurement,FALSE,Number of records,NA,overall,12366,0,NA,years,NA,2026-03-04,2012-01-01,event
Lancashire Teaching Hospital,measurement,TRUE,Number of records,NA,overall,398349450,100,NA,years,NA,2026-03-04,2012-01-01,event
Lancashire Teaching Hospital,observation,overall,Number of records,NA,overall,69594329,100,NA,years,NA,2026-03-04,2012-01-01,event
Lancashire Teaching Hospital,observation,FALSE,Number of records,NA,overall,98463,0.14,NA,years,NA,2026-03-04,2012-01-01,event
Lancashire Teaching Hospital,observation,TRUE,Number of records,NA,overall,69495866,99.86,NA,years,NA,2026-03-04,2012-01-01,event
Lancashire Teaching Hospital,death,overall,Number of records,NA,overall,78518,100,NA,years,NA,2026-03-04,2012-01-01,event
Lancashire Teaching Hospital,death,FALSE,Number of records,NA,overall,50,0.06,NA,years,NA,2026-03-04,2012-01-01,event
Lancashire Teaching Hospital,death,TRUE,Number of records,NA,overall,78468,99.94,NA,years,NA,2026-03-04,2012-01-01,event
Lancashire Teaching Hospital,observation_period,overall,Number of records,NA,2012-01-01 to 2012-12-31,777669,49.77,NA,years,First to extract,2026-03-04,2012-01-01,episode
Lancashire Teaching Hospital,observation_period,overall,Number of subjects,NA,2012-01-01 to 2012-12-31,777669,45.16,NA,years,First to extract,2026-03-04,2012-01-01,episode
Lancashire Teaching Hospital,observation_period,overall,Age,NA,2012-01-01 to 2012-12-31,NA,NA,44,years,First to extract,2026-03-04,2012-01-01,episode
Lancashire Teaching Hospital,observation_period,overall,Person-days,NA,2012-01-01 to 2012-12-31,270823036,4.63,NA,years,First to extract,2026-03-04,2012-01-01,episode
Lancashire Teaching Hospital,observation_period,overall,Number of records,NA,2013-01-01 to 2013-12-31,845133,54.09,NA,years,First to extract,2026-03-04,2012-01-01,episode
Lancashire Teaching Hospital,observation_period,overall,Number of subjects,NA,2013-01-01 to 2013-12-31,845133,49.08,NA,years,First to extract,2026-03-04,2012-01-01,episode
Lancashire Teaching Hospital,observation_period,overall,Age,NA,2013-01-01 to 2013-12-31,NA,NA,45,years,First to extract,2026-03-04,2012-01-01,episode
Lancashire Teaching Hospital,observation_period,overall,Person-days,NA,2013-01-01 to 2013-12-31,294438930,5.04,NA,years,First to extract,2026-03-04,2012-01-01,episode
Lancashire Teaching Hospital,observation_period,overall,Number of records,NA,2014-01-01 to 2014-12-31,913417,58.46,NA,years,First to extract,2026-03-04,2012-01-01,episode
Lancashire Teaching Hospital,observation_period,overall,Number of subjects,NA,2014-01-01 to 2014-12-31,913417,53.04,NA,years,First to extract,2026-03-04,2012-01-01,episode
Lancashire Teaching Hospital,observation_period,overall,Age,NA,2014-01-01 to 2014-12-31,NA,NA,45,years,First to extract,2026-03-04,2012-01-01,episode
Lancashire Teaching Hospital,observation_period,overall,Person-days,NA,2014-01-01 to 2014-12-31,319175285,5.46,NA,years,First to extract,2026-03-04,2012-01-01,episode
Lancashire Teaching Hospital,observation_period,overall,Number of records,NA,2015-01-01 to 2015-12-31,981536,62.82,NA,years,First to extract,2026-03-04,2012-01-01,episode
Lancashire Teaching Hospital,observation_period,overall,Number of subjects,NA,2015-01-01 to 2015-12-31,981536,57,NA,years,First to extract,2026-03-04,2012-01-01,episode
Lancashire Teaching Hospital,observation_period,overall,Age,NA,2015-01-01 to 2015-12-31,NA,NA,46,years,First to extract,2026-03-04,2012-01-01,episode
Lancashire Teaching Hospital,observation_period,overall,Person-days,NA,2015-01-01 to 2015-12-31,344056332,5.88,NA,years,First to extract,2026-03-04,2012-01-01,episode
Lancashire Teaching Hospital,observation_period,overall,Number of records,NA,2016-01-01 to 2016-12-31,1049142,67.14,NA,years,First to extract,2026-03-04,2012-01-01,episode
Lancashire Teaching Hospital,observation_period,overall,Number of subjects,NA,2016-01-01 to 2016-12-31,1049142,60.92,NA,years,First to extract,2026-03-04,2012-01-01,episode
Lancashire Teaching Hospital,observation_period,overall,Age,NA,2016-01-01 to 2016-12-31,NA,NA,46,years,First to extract,2026-03-04,2012-01-01,episode
Lancashire Teaching Hospital,observation_period,overall,Person-days,NA,2016-01-01 to 2016-12-31,370075124,6.33,NA,years,First to extract,2026-03-04,2012-01-01,episode
Lancashire Teaching Hospital,observation_period,overall,Number of records,NA,2017-01-01 to 2017-12-31,1110255,71.05,NA,years,First to extract,2026-03-04,2012-01-01,episode
Lancashire Teaching Hospital,observation_period,overall,Number of subjects,NA,2017-01-01 to 2017-12-31,1110255,64.47,NA,years,First to extract,2026-03-04,2012-01-01,episode
Lancashire Teaching Hospital,observation_period,overall,Age,NA,2017-01-01 to 2017-12-31,NA,NA,47,years,First to extract,2026-03-04,2012-01-01,episode
Lancashire Teaching Hospital,observation_period,overall,Person-days,NA,2017-01-01 to 2017-12-31,392472036,6.71,NA,years,First to extract,2026-03-04,2012-01-01,episode
Lancashire Teaching Hospital,observation_period,overall,Number of records,NA,2018-01-01 to 2018-12-31,1163135,74.44,NA,years,First to extract,2026-03-04,2012-01-01,episode
Lancashire Teaching Hospital,observation_period,overall,Number of subjects,NA,2018-01-01 to 2018-12-31,1163135,67.54,NA,years,First to extract,2026-03-04,2012-01-01,episode
Lancashire Teaching Hospital,observation_period,overall,Age,NA,2018-01-01 to 2018-12-31,NA,NA,47,years,First to extract,2026-03-04,2012-01-01,episode
Lancashire Teaching Hospital,observation_period,overall,Person-days,NA,2018-01-01 to 2018-12-31,413211041,7.07,NA,years,First to extract,2026-03-04,2012-01-01,episode
Lancashire Teaching Hospital,observation_period,overall,Number of records,NA,2019-01-01 to 2019-12-31,1208250,77.33,NA,years,First to extract,2026-03-04,2012-01-01,episode
Lancashire Teaching Hospital,observation_period,overall,Number of subjects,NA,2019-01-01 to 2019-12-31,1208250,70.16,NA,years,First to extract,2026-03-04,2012-01-01,episode
Lancashire Teaching Hospital,observation_period,overall,Age,NA,2019-01-01 to 2019-12-31,NA,NA,48,years,First to extract,2026-03-04,2012-01-01,episode
Lancashire Teaching Hospital,observation_period,overall,Person-days,NA,2019-01-01 to 2019-12-31,431093990,7.37,NA,years,First to extract,2026-03-04,2012-01-01,episode
Lancashire Teaching Hospital,observation_period,overall,Number of records,NA,2020-01-01 to 2020-12-31,1243939,79.61,NA,years,First to extract,2026-03-04,2012-01-01,episode
Lancashire Teaching Hospital,observation_period,overall,Number of subjects,NA,2020-01-01 to 2020-12-31,1243939,72.23,NA,years,First to extract,2026-03-04,2012-01-01,episode
Lancashire Teaching Hospital,observation_period,overall,Age,NA,2020-01-01 to 2020-12-31,NA,NA,48,years,First to extract,2026-03-04,2012-01-01,episode
Lancashire Teaching Hospital,observation_period,overall,Person-days,NA,2020-01-01 to 2020-12-31,446709216,7.64,NA,years,First to extract,2026-03-04,2012-01-01,episode
Lancashire Teaching Hospital,observation_period,overall,Number of records,NA,2021-01-01 to 2021-12-31,1287492,82.4,NA,years,First to extract,2026-03-04,2012-01-01,episode
Lancashire Teaching Hospital,observation_period,overall,Number of subjects,NA,2021-01-01 to 2021-12-31,1287492,74.76,NA,years,First to extract,2026-03-04,2012-01-01,episode
Lancashire Teaching Hospital,observation_period,overall,Age,NA,2021-01-01 to 2021-12-31,NA,NA,49,years,First to extract,2026-03-04,2012-01-01,episode
Lancashire Teaching Hospital,observation_period,overall,Person-days,NA,2021-01-01 to 2021-12-31,459630795,7.86,NA,years,First to extract,2026-03-04,2012-01-01,episode
Lancashire Teaching Hospital,observation_period,overall,Number of records,NA,2022-01-01 to 2022-12-31,1334089,85.38,NA,years,First to extract,2026-03-04,2012-01-01,episode
Lancashire Teaching Hospital,observation_period,overall,Number of subjects,NA,2022-01-01 to 2022-12-31,1334089,77.47,NA,years,First to extract,2026-03-04,2012-01-01,episode
Lancashire Teaching Hospital,observation_period,overall,Age,NA,2022-01-01 to 2022-12-31,NA,NA,49,years,First to extract,2026-03-04,2012-01-01,episode
Lancashire Teaching Hospital,observation_period,overall,Person-days,NA,2022-01-01 to 2022-12-31,476214025,8.14,NA,years,First to extract,2026-03-04,2012-01-01,episode
Lancashire Teaching Hospital,observation_period,overall,Number of records,NA,2023-01-01 to 2023-12-31,1381460,88.41,NA,years,First to extract,2026-03-04,2012-01-01,episode
Lancashire Teaching Hospital,observation_period,overall,Number of subjects,NA,2023-01-01 to 2023-12-31,1381460,80.22,NA,years,First to extract,2026-03-04,2012-01-01,episode
Lancashire Teaching Hospital,observation_period,overall,Age,NA,2023-01-01 to 2023-12-31,NA,NA,50,years,First to extract,2026-03-04,2012-01-01,episode
Lancashire Teaching Hospital,observation_period,overall,Person-days,NA,2023-01-01 to 2023-12-31,493304658,8.44,NA,years,First to extract,2026-03-04,2012-01-01,episode
Lancashire Teaching Hospital,observation_period,overall,Number of records,NA,2024-01-01 to 2024-12-31,1432110,91.65,NA,years,First to extract,2026-03-04,2012-01-01,episode
Lancashire Teaching Hospital,observation_period,overall,Number of subjects,NA,2024-01-01 to 2024-12-31,1432110,83.16,NA,years,First to extract,2026-03-04,2012-01-01,episode
Lancashire Teaching Hospital,observation_period,overall,Age,NA,2024-01-01 to 2024-12-31,NA,NA,50,years,First to extract,2026-03-04,2012-01-01,episode
Lancashire Teaching Hospital,observation_period,overall,Person-days,NA,2024-01-01 to 2024-12-31,512776218,8.77,NA,years,First to extract,2026-03-04,2012-01-01,episode
Lancashire Teaching Hospital,observation_period,overall,Number of records,NA,2025-01-01 to 2025-12-31,1481920,94.84,NA,years,First to extract,2026-03-04,2012-01-01,episode
Lancashire Teaching Hospital,observation_period,overall,Number of subjects,NA,2025-01-01 to 2025-12-31,1481920,86.05,NA,years,First to extract,2026-03-04,2012-01-01,episode
Lancashire Teaching Hospital,observation_period,overall,Age,NA,2025-01-01 to 2025-12-31,NA,NA,50,years,First to extract,2026-03-04,2012-01-01,episode
Lancashire Teaching Hospital,observation_period,overall,Person-days,NA,2025-01-01 to 2025-12-31,529564499,9.06,NA,years,First to extract,2026-03-04,2012-01-01,episode
Lancashire Teaching Hospital,observation_period,overall,Number of records,NA,2026-01-01 to 2026-12-31,1485524,95.07,NA,years,First to extract,2026-03-04,2012-01-01,episode
Lancashire Teaching Hospital,observation_period,overall,Number of subjects,NA,2026-01-01 to 2026-12-31,1485524,86.26,NA,years,First to extract,2026-03-04,2012-01-01,episode
Lancashire Teaching Hospital,observation_period,overall,Age,NA,2026-01-01 to 2026-12-31,NA,NA,51,years,First to extract,2026-03-04,2012-01-01,episode
Lancashire Teaching Hospital,observation_period,overall,Person-days,NA,2026-01-01 to 2026-12-31,93257510,1.6,NA,years,First to extract,2026-03-04,2012-01-01,episode
Lancashire Teaching Hospital,observation_period,overall,Number of records,NA,overall,1562538,100,NA,years,First to extract,2026-03-04,2012-01-01,episode
Lancashire Teaching Hospital,observation_period,overall,Number of subjects,NA,overall,1562538,90.73,NA,years,First to extract,2026-03-04,2012-01-01,episode
Lancashire Teaching Hospital,observation_period,overall,Age,NA,overall,NA,NA,42,years,First to extract,2026-03-04,2012-01-01,episode
Lancashire Teaching Hospital,observation_period,overall,Person-days,NA,overall,NA,NA,NA,years,First to extract,2026-03-04,2012-01-01,episode
Lancashire Teaching Hospital,observation_period,overall,Number of records,NA,2012-01-01 to 2012-12-31,731025,48.22,NA,years,First to last,2026-03-04,2012-01-01,episode
Lancashire Teaching Hospital,observation_period,overall,Number of subjects,NA,2012-01-01 to 2012-12-31,731025,42.45,NA,years,First to last,2026-03-04,2012-01-01,episode
Lancashire Teaching Hospital,observation_period,overall,Age,NA,2012-01-01 to 2012-12-31,NA,NA,44,years,First to last,2026-03-04,2012-01-01,episode
Lancashire Teaching Hospital,observation_period,overall,Person-days,NA,2012-01-01 to 2012-12-31,252538270,4.83,NA,years,First to last,2026-03-04,2012-01-01,episode
Lancashire Teaching Hospital,observation_period,overall,Number of records,NA,2013-01-01 to 2013-12-31,791734,52.23,NA,years,First to last,2026-03-04,2012-01-01,episode
Lancashire Teaching Hospital,observation_period,overall,Number of subjects,NA,2013-01-01 to 2013-12-31,791734,45.97,NA,years,First to last,2026-03-04,2012-01-01,episode
Lancashire Teaching Hospital,observation_period,overall,Age,NA,2013-01-01 to 2013-12-31,NA,NA,45,years,First to last,2026-03-04,2012-01-01,episode
Lancashire Teaching Hospital,observation_period,overall,Person-days,NA,2013-01-01 to 2013-12-31,273616119,5.24,NA,years,First to last,2026-03-04,2012-01-01,episode
Lancashire Teaching Hospital,observation_period,overall,Number of records,NA,2014-01-01 to 2014-12-31,852652,56.25,NA,years,First to last,2026-03-04,2012-01-01,episode
Lancashire Teaching Hospital,observation_period,overall,Number of subjects,NA,2014-01-01 to 2014-12-31,852652,49.51,NA,years,First to last,2026-03-04,2012-01-01,episode
Lancashire Teaching Hospital,observation_period,overall,Age,NA,2014-01-01 to 2014-12-31,NA,NA,45,years,First to last,2026-03-04,2012-01-01,episode
Lancashire Teaching Hospital,observation_period,overall,Person-days,NA,2014-01-01 to 2014-12-31,295457289,5.65,NA,years,First to last,2026-03-04,2012-01-01,episode
Lancashire Teaching Hospital,observation_period,overall,Number of records,NA,2015-01-01 to 2015-12-31,911953,60.16,NA,years,First to last,2026-03-04,2012-01-01,episode
Lancashire Teaching Hospital,observation_period,overall,Number of subjects,NA,2015-01-01 to 2015-12-31,911953,52.96,NA,years,First to last,2026-03-04,2012-01-01,episode
Lancashire Teaching Hospital,observation_period,overall,Age,NA,2015-01-01 to 2015-12-31,NA,NA,46,years,First to last,2026-03-04,2012-01-01,episode
Lancashire Teaching Hospital,observation_period,overall,Person-days,NA,2015-01-01 to 2015-12-31,317001636,6.07,NA,years,First to last,2026-03-04,2012-01-01,episode
Lancashire Teaching Hospital,observation_period,overall,Number of records,NA,2016-01-01 to 2016-12-31,970607,64.03,NA,years,First to last,2026-03-04,2012-01-01,episode
Lancashire Teaching Hospital,observation_period,overall,Number of subjects,NA,2016-01-01 to 2016-12-31,970607,56.36,NA,years,First to last,2026-03-04,2012-01-01,episode
Lancashire Teaching Hospital,observation_period,overall,Age,NA,2016-01-01 to 2016-12-31,NA,NA,46,years,First to last,2026-03-04,2012-01-01,episode
Lancashire Teaching Hospital,observation_period,overall,Person-days,NA,2016-01-01 to 2016-12-31,339687900,6.5,NA,years,First to last,2026-03-04,2012-01-01,episode
Lancashire Teaching Hospital,observation_period,overall,Number of records,NA,2017-01-01 to 2017-12-31,1022588,67.46,NA,years,First to last,2026-03-04,2012-01-01,episode
Lancashire Teaching Hospital,observation_period,overall,Number of subjects,NA,2017-01-01 to 2017-12-31,1022588,59.38,NA,years,First to last,2026-03-04,2012-01-01,episode
Lancashire Teaching Hospital,observation_period,overall,Age,NA,2017-01-01 to 2017-12-31,NA,NA,47,years,First to last,2026-03-04,2012-01-01,episode
Lancashire Teaching Hospital,observation_period,overall,Person-days,NA,2017-01-01 to 2017-12-31,358792751,6.87,NA,years,First to last,2026-03-04,2012-01-01,episode
Lancashire Teaching Hospital,observation_period,overall,Number of records,NA,2018-01-01 to 2018-12-31,1066167,70.33,NA,years,First to last,2026-03-04,2012-01-01,episode
Lancashire Teaching Hospital,observation_period,overall,Number of subjects,NA,2018-01-01 to 2018-12-31,1066167,61.91,NA,years,First to last,2026-03-04,2012-01-01,episode
Lancashire Teaching Hospital,observation_period,overall,Age,NA,2018-01-01 to 2018-12-31,NA,NA,47,years,First to last,2026-03-04,2012-01-01,episode
Lancashire Teaching Hospital,observation_period,overall,Person-days,NA,2018-01-01 to 2018-12-31,376054720,7.2,NA,years,First to last,2026-03-04,2012-01-01,episode
Lancashire Teaching Hospital,observation_period,overall,Number of records,NA,2019-01-01 to 2019-12-31,1101409,72.66,NA,years,First to last,2026-03-04,2012-01-01,episode
Lancashire Teaching Hospital,observation_period,overall,Number of subjects,NA,2019-01-01 to 2019-12-31,1101409,63.96,NA,years,First to last,2026-03-04,2012-01-01,episode
Lancashire Teaching Hospital,observation_period,overall,Age,NA,2019-01-01 to 2019-12-31,NA,NA,48,years,First to last,2026-03-04,2012-01-01,episode
Lancashire Teaching Hospital,observation_period,overall,Person-days,NA,2019-01-01 to 2019-12-31,390084737,7.47,NA,years,First to last,2026-03-04,2012-01-01,episode
Lancashire Teaching Hospital,observation_period,overall,Number of records,NA,2020-01-01 to 2020-12-31,1125739,74.26,NA,years,First to last,2026-03-04,2012-01-01,episode
Lancashire Teaching Hospital,observation_period,overall,Number of subjects,NA,2020-01-01 to 2020-12-31,1125739,65.37,NA,years,First to last,2026-03-04,2012-01-01,episode
Lancashire Teaching Hospital,observation_period,overall,Age,NA,2020-01-01 to 2020-12-31,NA,NA,48,years,First to last,2026-03-04,2012-01-01,episode
Lancashire Teaching Hospital,observation_period,overall,Person-days,NA,2020-01-01 to 2020-12-31,401608927,7.69,NA,years,First to last,2026-03-04,2012-01-01,episode
Lancashire Teaching Hospital,observation_period,overall,Number of records,NA,2021-01-01 to 2021-12-31,1159207,76.47,NA,years,First to last,2026-03-04,2012-01-01,episode
Lancashire Teaching Hospital,observation_period,overall,Number of subjects,NA,2021-01-01 to 2021-12-31,1159207,67.31,NA,years,First to last,2026-03-04,2012-01-01,episode
Lancashire Teaching Hospital,observation_period,overall,Age,NA,2021-01-01 to 2021-12-31,NA,NA,48,years,First to last,2026-03-04,2012-01-01,episode
Lancashire Teaching Hospital,observation_period,overall,Person-days,NA,2021-01-01 to 2021-12-31,410441989,7.86,NA,years,First to last,2026-03-04,2012-01-01,episode
Lancashire Teaching Hospital,observation_period,overall,Number of records,NA,2022-01-01 to 2022-12-31,1191848,78.62,NA,years,First to last,2026-03-04,2012-01-01,episode
Lancashire Teaching Hospital,observation_period,overall,Number of subjects,NA,2022-01-01 to 2022-12-31,1191848,69.21,NA,years,First to last,2026-03-04,2012-01-01,episode
Lancashire Teaching Hospital,observation_period,overall,Age,NA,2022-01-01 to 2022-12-31,NA,NA,49,years,First to last,2026-03-04,2012-01-01,episode
Lancashire Teaching Hospital,observation_period,overall,Person-days,NA,2022-01-01 to 2022-12-31,421333508,8.06,NA,years,First to last,2026-03-04,2012-01-01,episode
Lancashire Teaching Hospital,observation_period,overall,Number of records,NA,2023-01-01 to 2023-12-31,1222288,80.63,NA,years,First to last,2026-03-04,2012-01-01,episode
Lancashire Teaching Hospital,observation_period,overall,Number of subjects,NA,2023-01-01 to 2023-12-31,1222288,70.98,NA,years,First to last,2026-03-04,2012-01-01,episode
Lancashire Teaching Hospital,observation_period,overall,Age,NA,2023-01-01 to 2023-12-31,NA,NA,49,years,First to last,2026-03-04,2012-01-01,episode
Lancashire Teaching Hospital,observation_period,overall,Person-days,NA,2023-01-01 to 2023-12-31,431545773,8.26,NA,years,First to last,2026-03-04,2012-01-01,episode
Lancashire Teaching Hospital,observation_period,overall,Number of records,NA,2024-01-01 to 2024-12-31,1251762,82.58,NA,years,First to last,2026-03-04,2012-01-01,episode
Lancashire Teaching Hospital,observation_period,overall,Number of subjects,NA,2024-01-01 to 2024-12-31,1251762,72.69,NA,years,First to last,2026-03-04,2012-01-01,episode
Lancashire Teaching Hospital,observation_period,overall,Age,NA,2024-01-01 to 2024-12-31,NA,NA,49,years,First to last,2026-03-04,2012-01-01,episode
Lancashire Teaching Hospital,observation_period,overall,Person-days,NA,2024-01-01 to 2024-12-31,441211168,8.44,NA,years,First to last,2026-03-04,2012-01-01,episode
Lancashire Teaching Hospital,observation_period,overall,Number of records,NA,2025-01-01 to 2025-12-31,1268991,83.71,NA,years,First to last,2026-03-04,2012-01-01,episode
Lancashire Teaching Hospital,observation_period,overall,Number of subjects,NA,2025-01-01 to 2025-12-31,1268991,73.69,NA,years,First to last,2026-03-04,2012-01-01,episode
Lancashire Teaching Hospital,observation_period,overall,Age,NA,2025-01-01 to 2025-12-31,NA,NA,49,years,First to last,2026-03-04,2012-01-01,episode
Lancashire Teaching Hospital,observation_period,overall,Person-days,NA,2025-01-01 to 2025-12-31,441416411,8.45,NA,years,First to last,2026-03-04,2012-01-01,episode
Lancashire Teaching Hospital,observation_period,overall,Number of records,NA,2026-01-01 to 2026-12-31,1198933,79.09,NA,years,First to last,2026-03-04,2012-01-01,episode
Lancashire Teaching Hospital,observation_period,overall,Number of subjects,NA,2026-01-01 to 2026-12-31,1198933,69.62,NA,years,First to last,2026-03-04,2012-01-01,episode
Lancashire Teaching Hospital,observation_period,overall,Age,NA,2026-01-01 to 2026-12-31,NA,NA,49,years,First to last,2026-03-04,2012-01-01,episode
Lancashire Teaching Hospital,observation_period,overall,Person-days,NA,2026-01-01 to 2026-12-31,74046580,1.42,NA,years,First to last,2026-03-04,2012-01-01,episode
Lancashire Teaching Hospital,observation_period,overall,Number of records,NA,overall,1515894,100,NA,years,First to last,2026-03-04,2012-01-01,episode
Lancashire Teaching Hospital,observation_period,overall,Number of subjects,NA,overall,1515894,88.02,NA,years,First to last,2026-03-04,2012-01-01,episode
Lancashire Teaching Hospital,observation_period,overall,Age,NA,overall,NA,NA,42,years,First to last,2026-03-04,2012-01-01,episode
Lancashire Teaching Hospital,observation_period,overall,Person-days,NA,overall,NA,NA,NA,years,First to last,2026-03-04,2012-01-01,episode
Lancashire Teaching Hospital,observation_period,overall,Number of records,NA,2012-01-01 to 2012-12-31,1283549,12.92,NA,years,Ongoing,2026-03-04,2012-01-01,episode
Lancashire Teaching Hospital,observation_period,overall,Number of subjects,NA,2012-01-01 to 2012-12-31,627812,36.46,NA,years,Ongoing,2026-03-04,2012-01-01,episode
Lancashire Teaching Hospital,observation_period,overall,Age,NA,2012-01-01 to 2012-12-31,NA,NA,54,years,Ongoing,2026-03-04,2012-01-01,episode
Lancashire Teaching Hospital,observation_period,overall,Person-days,NA,2012-01-01 to 2012-12-31,151204859,3.68,NA,years,Ongoing,2026-03-04,2012-01-01,episode
Lancashire Teaching Hospital,observation_period,overall,Number of records,NA,2013-01-01 to 2013-12-31,1334683,13.43,NA,years,Ongoing,2026-03-04,2012-01-01,episode
Lancashire Teaching Hospital,observation_period,overall,Number of subjects,NA,2013-01-01 to 2013-12-31,685651,39.81,NA,years,Ongoing,2026-03-04,2012-01-01,episode
Lancashire Teaching Hospital,observation_period,overall,Age,NA,2013-01-01 to 2013-12-31,NA,NA,54,years,Ongoing,2026-03-04,2012-01-01,episode
Lancashire Teaching Hospital,observation_period,overall,Person-days,NA,2013-01-01 to 2013-12-31,172433782,4.19,NA,years,Ongoing,2026-03-04,2012-01-01,episode
Lancashire Teaching Hospital,observation_period,overall,Number of records,NA,2014-01-01 to 2014-12-31,1413993,14.23,NA,years,Ongoing,2026-03-04,2012-01-01,episode
Lancashire Teaching Hospital,observation_period,overall,Number of subjects,NA,2014-01-01 to 2014-12-31,748613,43.47,NA,years,Ongoing,2026-03-04,2012-01-01,episode
Lancashire Teaching Hospital,observation_period,overall,Age,NA,2014-01-01 to 2014-12-31,NA,NA,54,years,Ongoing,2026-03-04,2012-01-01,episode
Lancashire Teaching Hospital,observation_period,overall,Person-days,NA,2014-01-01 to 2014-12-31,195880150,4.76,NA,years,Ongoing,2026-03-04,2012-01-01,episode
Lancashire Teaching Hospital,observation_period,overall,Number of records,NA,2015-01-01 to 2015-12-31,1340215,13.49,NA,years,Ongoing,2026-03-04,2012-01-01,episode
Lancashire Teaching Hospital,observation_period,overall,Number of subjects,NA,2015-01-01 to 2015-12-31,796889,46.27,NA,years,Ongoing,2026-03-04,2012-01-01,episode
Lancashire Teaching Hospital,observation_period,overall,Age,NA,2015-01-01 to 2015-12-31,NA,NA,53,years,Ongoing,2026-03-04,2012-01-01,episode
Lancashire Teaching Hospital,observation_period,overall,Person-days,NA,2015-01-01 to 2015-12-31,220871212,5.37,NA,years,Ongoing,2026-03-04,2012-01-01,episode
Lancashire Teaching Hospital,observation_period,overall,Number of records,NA,2016-01-01 to 2016-12-31,1349076,13.58,NA,years,Ongoing,2026-03-04,2012-01-01,episode
Lancashire Teaching Hospital,observation_period,overall,Number of subjects,NA,2016-01-01 to 2016-12-31,854066,49.59,NA,years,Ongoing,2026-03-04,2012-01-01,episode
Lancashire Teaching Hospital,observation_period,overall,Age,NA,2016-01-01 to 2016-12-31,NA,NA,52,years,Ongoing,2026-03-04,2012-01-01,episode
Lancashire Teaching Hospital,observation_period,overall,Person-days,NA,2016-01-01 to 2016-12-31,247112213,6.01,NA,years,Ongoing,2026-03-04,2012-01-01,episode
Lancashire Teaching Hospital,observation_period,overall,Number of records,NA,2017-01-01 to 2017-12-31,1368195,13.77,NA,years,Ongoing,2026-03-04,2012-01-01,episode
Lancashire Teaching Hospital,observation_period,overall,Number of subjects,NA,2017-01-01 to 2017-12-31,905154,52.56,NA,years,Ongoing,2026-03-04,2012-01-01,episode
Lancashire Teaching Hospital,observation_period,overall,Age,NA,2017-01-01 to 2017-12-31,NA,NA,53,years,Ongoing,2026-03-04,2012-01-01,episode
Lancashire Teaching Hospital,observation_period,overall,Person-days,NA,2017-01-01 to 2017-12-31,269480068,6.55,NA,years,Ongoing,2026-03-04,2012-01-01,episode
Lancashire Teaching Hospital,observation_period,overall,Number of records,NA,2018-01-01 to 2018-12-31,1403718,14.13,NA,years,Ongoing,2026-03-04,2012-01-01,episode
Lancashire Teaching Hospital,observation_period,overall,Number of subjects,NA,2018-01-01 to 2018-12-31,954921,55.45,NA,years,Ongoing,2026-03-04,2012-01-01,episode
Lancashire Teaching Hospital,observation_period,overall,Age,NA,2018-01-01 to 2018-12-31,NA,NA,53,years,Ongoing,2026-03-04,2012-01-01,episode
Lancashire Teaching Hospital,observation_period,overall,Person-days,NA,2018-01-01 to 2018-12-31,290072185,7.05,NA,years,Ongoing,2026-03-04,2012-01-01,episode
Lancashire Teaching Hospital,observation_period,overall,Number of records,NA,2019-01-01 to 2019-12-31,1450377,14.6,NA,years,Ongoing,2026-03-04,2012-01-01,episode
Lancashire Teaching Hospital,observation_period,overall,Number of subjects,NA,2019-01-01 to 2019-12-31,1000234,58.08,NA,years,Ongoing,2026-03-04,2012-01-01,episode
Lancashire Teaching Hospital,observation_period,overall,Age,NA,2019-01-01 to 2019-12-31,NA,NA,53,years,Ongoing,2026-03-04,2012-01-01,episode
Lancashire Teaching Hospital,observation_period,overall,Person-days,NA,2019-01-01 to 2019-12-31,307936787,7.49,NA,years,Ongoing,2026-03-04,2012-01-01,episode
Lancashire Teaching Hospital,observation_period,overall,Number of records,NA,2020-01-01 to 2020-12-31,1397809,14.07,NA,years,Ongoing,2026-03-04,2012-01-01,episode
Lancashire Teaching Hospital,observation_period,overall,Number of subjects,NA,2020-01-01 to 2020-12-31,1023018,59.4,NA,years,Ongoing,2026-03-04,2012-01-01,episode
Lancashire Teaching Hospital,observation_period,overall,Age,NA,2020-01-01 to 2020-12-31,NA,NA,53,years,Ongoing,2026-03-04,2012-01-01,episode
Lancashire Teaching Hospital,observation_period,overall,Person-days,NA,2020-01-01 to 2020-12-31,323379669,7.86,NA,years,Ongoing,2026-03-04,2012-01-01,episode
Lancashire Teaching Hospital,observation_period,overall,Number of records,NA,2021-01-01 to 2021-12-31,1473243,14.83,NA,years,Ongoing,2026-03-04,2012-01-01,episode
Lancashire Teaching Hospital,observation_period,overall,Number of subjects,NA,2021-01-01 to 2021-12-31,1070816,62.18,NA,years,Ongoing,2026-03-04,2012-01-01,episode
Lancashire Teaching Hospital,observation_period,overall,Age,NA,2021-01-01 to 2021-12-31,NA,NA,53,years,Ongoing,2026-03-04,2012-01-01,episode
Lancashire Teaching Hospital,observation_period,overall,Person-days,NA,2021-01-01 to 2021-12-31,337219075,8.2,NA,years,Ongoing,2026-03-04,2012-01-01,episode
Lancashire Teaching Hospital,observation_period,overall,Number of records,NA,2022-01-01 to 2022-12-31,1500393,15.1,NA,years,Ongoing,2026-03-04,2012-01-01,episode
Lancashire Teaching Hospital,observation_period,overall,Number of subjects,NA,2022-01-01 to 2022-12-31,1114448,64.71,NA,years,Ongoing,2026-03-04,2012-01-01,episode
Lancashire Teaching Hospital,observation_period,overall,Age,NA,2022-01-01 to 2022-12-31,NA,NA,53,years,Ongoing,2026-03-04,2012-01-01,episode
Lancashire Teaching Hospital,observation_period,overall,Person-days,NA,2022-01-01 to 2022-12-31,354156323,8.61,NA,years,Ongoing,2026-03-04,2012-01-01,episode
Lancashire Teaching Hospital,observation_period,overall,Number of records,NA,2023-01-01 to 2023-12-31,1537413,15.47,NA,years,Ongoing,2026-03-04,2012-01-01,episode
Lancashire Teaching Hospital,observation_period,overall,Number of subjects,NA,2023-01-01 to 2023-12-31,1160334,67.38,NA,years,Ongoing,2026-03-04,2012-01-01,episode
Lancashire Teaching Hospital,observation_period,overall,Age,NA,2023-01-01 to 2023-12-31,NA,NA,53,years,Ongoing,2026-03-04,2012-01-01,episode
Lancashire Teaching Hospital,observation_period,overall,Person-days,NA,2023-01-01 to 2023-12-31,371639695,9.03,NA,years,Ongoing,2026-03-04,2012-01-01,episode
Lancashire Teaching Hospital,observation_period,overall,Number of records,NA,2024-01-01 to 2024-12-31,1605806,16.16,NA,years,Ongoing,2026-03-04,2012-01-01,episode
Lancashire Teaching Hospital,observation_period,overall,Number of subjects,NA,2024-01-01 to 2024-12-31,1213411,70.46,NA,years,Ongoing,2026-03-04,2012-01-01,episode
Lancashire Teaching Hospital,observation_period,overall,Age,NA,2024-01-01 to 2024-12-31,NA,NA,54,years,Ongoing,2026-03-04,2012-01-01,episode
Lancashire Teaching Hospital,observation_period,overall,Person-days,NA,2024-01-01 to 2024-12-31,391120775,9.51,NA,years,Ongoing,2026-03-04,2012-01-01,episode
Lancashire Teaching Hospital,observation_period,overall,Number of records,NA,2025-01-01 to 2025-12-31,1653858,16.65,NA,years,Ongoing,2026-03-04,2012-01-01,episode
Lancashire Teaching Hospital,observation_period,overall,Number of subjects,NA,2025-01-01 to 2025-12-31,1261726,73.27,NA,years,Ongoing,2026-03-04,2012-01-01,episode
Lancashire Teaching Hospital,observation_period,overall,Age,NA,2025-01-01 to 2025-12-31,NA,NA,54,years,Ongoing,2026-03-04,2012-01-01,episode
Lancashire Teaching Hospital,observation_period,overall,Person-days,NA,2025-01-01 to 2025-12-31,408562396,9.93,NA,years,Ongoing,2026-03-04,2012-01-01,episode
Lancashire Teaching Hospital,observation_period,overall,Number of records,NA,2026-01-01 to 2026-12-31,1239695,12.48,NA,years,Ongoing,2026-03-04,2012-01-01,episode
Lancashire Teaching Hospital,observation_period,overall,Number of subjects,NA,2026-01-01 to 2026-12-31,1198933,69.62,NA,years,Ongoing,2026-03-04,2012-01-01,episode
Lancashire Teaching Hospital,observation_period,overall,Age,NA,2026-01-01 to 2026-12-31,NA,NA,50,years,Ongoing,2026-03-04,2012-01-01,episode
Lancashire Teaching Hospital,observation_period,overall,Person-days,NA,2026-01-01 to 2026-12-31,72397107,1.76,NA,years,Ongoing,2026-03-04,2012-01-01,episode
Lancashire Teaching Hospital,observation_period,overall,Number of records,NA,overall,9935188,100,NA,years,Ongoing,2026-03-04,2012-01-01,episode
Lancashire Teaching Hospital,observation_period,overall,Number of subjects,NA,overall,1515892,88.02,NA,years,Ongoing,2026-03-04,2012-01-01,episode
Lancashire Teaching Hospital,observation_period,overall,Age,NA,overall,NA,NA,59,years,Ongoing,2026-03-04,2012-01-01,episode
Lancashire Teaching Hospital,observation_period,overall,Person-days,NA,overall,NA,NA,NA,years,Ongoing,2026-03-04,2012-01-01,episode
Lancashire Teaching Hospital,observation_period,overall,Number of records,NA,2012-01-01 to 2012-12-31,627812,29.77,NA,years,Collapse 365,2026-03-04,2012-01-01,episode
Lancashire Teaching Hospital,observation_period,overall,Number of subjects,NA,2012-01-01 to 2012-12-31,627812,36.46,NA,years,Collapse 365,2026-03-04,2012-01-01,episode
Lancashire Teaching Hospital,observation_period,overall,Age,NA,2012-01-01 to 2012-12-31,NA,NA,45,years,Collapse 365,2026-03-04,2012-01-01,episode
Lancashire Teaching Hospital,observation_period,overall,Person-days,NA,2012-01-01 to 2012-12-31,192491068,4.26,NA,years,Collapse 365,2026-03-04,2012-01-01,episode
Lancashire Teaching Hospital,observation_period,overall,Number of records,NA,2013-01-01 to 2013-12-31,685651,32.52,NA,years,Collapse 365,2026-03-04,2012-01-01,episode
Lancashire Teaching Hospital,observation_period,overall,Number of subjects,NA,2013-01-01 to 2013-12-31,685651,39.81,NA,years,Collapse 365,2026-03-04,2012-01-01,episode
Lancashire Teaching Hospital,observation_period,overall,Age,NA,2013-01-01 to 2013-12-31,NA,NA,46,years,Collapse 365,2026-03-04,2012-01-01,episode
Lancashire Teaching Hospital,observation_period,overall,Person-days,NA,2013-01-01 to 2013-12-31,213367182,4.72,NA,years,Collapse 365,2026-03-04,2012-01-01,episode
Lancashire Teaching Hospital,observation_period,overall,Number of records,NA,2014-01-01 to 2014-12-31,748613,35.5,NA,years,Collapse 365,2026-03-04,2012-01-01,episode
Lancashire Teaching Hospital,observation_period,overall,Number of subjects,NA,2014-01-01 to 2014-12-31,748613,43.47,NA,years,Collapse 365,2026-03-04,2012-01-01,episode
Lancashire Teaching Hospital,observation_period,overall,Age,NA,2014-01-01 to 2014-12-31,NA,NA,46,years,Collapse 365,2026-03-04,2012-01-01,episode
Lancashire Teaching Hospital,observation_period,overall,Person-days,NA,2014-01-01 to 2014-12-31,235570630,5.21,NA,years,Collapse 365,2026-03-04,2012-01-01,episode
Lancashire Teaching Hospital,observation_period,overall,Number of records,NA,2015-01-01 to 2015-12-31,796889,37.79,NA,years,Collapse 365,2026-03-04,2012-01-01,episode
Lancashire Teaching Hospital,observation_period,overall,Number of subjects,NA,2015-01-01 to 2015-12-31,796889,46.27,NA,years,Collapse 365,2026-03-04,2012-01-01,episode
Lancashire Teaching Hospital,observation_period,overall,Age,NA,2015-01-01 to 2015-12-31,NA,NA,46,years,Collapse 365,2026-03-04,2012-01-01,episode
Lancashire Teaching Hospital,observation_period,overall,Person-days,NA,2015-01-01 to 2015-12-31,253710065,5.61,NA,years,Collapse 365,2026-03-04,2012-01-01,episode
Lancashire Teaching Hospital,observation_period,overall,Number of records,NA,2016-01-01 to 2016-12-31,854066,40.5,NA,years,Collapse 365,2026-03-04,2012-01-01,episode
Lancashire Teaching Hospital,observation_period,overall,Number of subjects,NA,2016-01-01 to 2016-12-31,854066,49.59,NA,years,Collapse 365,2026-03-04,2012-01-01,episode
Lancashire Teaching Hospital,observation_period,overall,Age,NA,2016-01-01 to 2016-12-31,NA,NA,46,years,Collapse 365,2026-03-04,2012-01-01,episode
Lancashire Teaching Hospital,observation_period,overall,Person-days,NA,2016-01-01 to 2016-12-31,276864782,6.12,NA,years,Collapse 365,2026-03-04,2012-01-01,episode
Lancashire Teaching Hospital,observation_period,overall,Number of records,NA,2017-01-01 to 2017-12-31,905154,42.93,NA,years,Collapse 365,2026-03-04,2012-01-01,episode
Lancashire Teaching Hospital,observation_period,overall,Number of subjects,NA,2017-01-01 to 2017-12-31,905154,52.56,NA,years,Collapse 365,2026-03-04,2012-01-01,episode
Lancashire Teaching Hospital,observation_period,overall,Age,NA,2017-01-01 to 2017-12-31,NA,NA,47,years,Collapse 365,2026-03-04,2012-01-01,episode
Lancashire Teaching Hospital,observation_period,overall,Person-days,NA,2017-01-01 to 2017-12-31,297488586,6.58,NA,years,Collapse 365,2026-03-04,2012-01-01,episode
Lancashire Teaching Hospital,observation_period,overall,Number of records,NA,2018-01-01 to 2018-12-31,954921,45.29,NA,years,Collapse 365,2026-03-04,2012-01-01,episode
Lancashire Teaching Hospital,observation_period,overall,Number of subjects,NA,2018-01-01 to 2018-12-31,954921,55.45,NA,years,Collapse 365,2026-03-04,2012-01-01,episode
Lancashire Teaching Hospital,observation_period,overall,Age,NA,2018-01-01 to 2018-12-31,NA,NA,47,years,Collapse 365,2026-03-04,2012-01-01,episode
Lancashire Teaching Hospital,observation_period,overall,Person-days,NA,2018-01-01 to 2018-12-31,317197831,7.01,NA,years,Collapse 365,2026-03-04,2012-01-01,episode
Lancashire Teaching Hospital,observation_period,overall,Number of records,NA,2019-01-01 to 2019-12-31,1000234,47.43,NA,years,Collapse 365,2026-03-04,2012-01-01,episode
Lancashire Teaching Hospital,observation_period,overall,Number of subjects,NA,2019-01-01 to 2019-12-31,1000234,58.08,NA,years,Collapse 365,2026-03-04,2012-01-01,episode
Lancashire Teaching Hospital,observation_period,overall,Age,NA,2019-01-01 to 2019-12-31,NA,NA,47,years,Collapse 365,2026-03-04,2012-01-01,episode
Lancashire Teaching Hospital,observation_period,overall,Person-days,NA,2019-01-01 to 2019-12-31,334569482,7.4,NA,years,Collapse 365,2026-03-04,2012-01-01,episode
Lancashire Teaching Hospital,observation_period,overall,Number of records,NA,2020-01-01 to 2020-12-31,1023018,48.52,NA,years,Collapse 365,2026-03-04,2012-01-01,episode
Lancashire Teaching Hospital,observation_period,overall,Number of subjects,NA,2020-01-01 to 2020-12-31,1023018,59.4,NA,years,Collapse 365,2026-03-04,2012-01-01,episode
Lancashire Teaching Hospital,observation_period,overall,Age,NA,2020-01-01 to 2020-12-31,NA,NA,48,years,Collapse 365,2026-03-04,2012-01-01,episode
Lancashire Teaching Hospital,observation_period,overall,Person-days,NA,2020-01-01 to 2020-12-31,347657104,7.69,NA,years,Collapse 365,2026-03-04,2012-01-01,episode
Lancashire Teaching Hospital,observation_period,overall,Number of records,NA,2021-01-01 to 2021-12-31,1070816,50.78,NA,years,Collapse 365,2026-03-04,2012-01-01,episode
Lancashire Teaching Hospital,observation_period,overall,Number of subjects,NA,2021-01-01 to 2021-12-31,1070816,62.18,NA,years,Collapse 365,2026-03-04,2012-01-01,episode
Lancashire Teaching Hospital,observation_period,overall,Age,NA,2021-01-01 to 2021-12-31,NA,NA,48,years,Collapse 365,2026-03-04,2012-01-01,episode
Lancashire Teaching Hospital,observation_period,overall,Person-days,NA,2021-01-01 to 2021-12-31,361430751,7.99,NA,years,Collapse 365,2026-03-04,2012-01-01,episode
Lancashire Teaching Hospital,observation_period,overall,Number of records,NA,2022-01-01 to 2022-12-31,1114448,52.85,NA,years,Collapse 365,2026-03-04,2012-01-01,episode
Lancashire Teaching Hospital,observation_period,overall,Number of subjects,NA,2022-01-01 to 2022-12-31,1114448,64.71,NA,years,Collapse 365,2026-03-04,2012-01-01,episode
Lancashire Teaching Hospital,observation_period,overall,Age,NA,2022-01-01 to 2022-12-31,NA,NA,48,years,Collapse 365,2026-03-04,2012-01-01,episode
Lancashire Teaching Hospital,observation_period,overall,Person-days,NA,2022-01-01 to 2022-12-31,377871374,8.36,NA,years,Collapse 365,2026-03-04,2012-01-01,episode
Lancashire Teaching Hospital,observation_period,overall,Number of records,NA,2023-01-01 to 2023-12-31,1160334,55.03,NA,years,Collapse 365,2026-03-04,2012-01-01,episode
Lancashire Teaching Hospital,observation_period,overall,Number of subjects,NA,2023-01-01 to 2023-12-31,1160334,67.38,NA,years,Collapse 365,2026-03-04,2012-01-01,episode
Lancashire Teaching Hospital,observation_period,overall,Age,NA,2023-01-01 to 2023-12-31,NA,NA,49,years,Collapse 365,2026-03-04,2012-01-01,episode
Lancashire Teaching Hospital,observation_period,overall,Person-days,NA,2023-01-01 to 2023-12-31,394999228,8.73,NA,years,Collapse 365,2026-03-04,2012-01-01,episode
Lancashire Teaching Hospital,observation_period,overall,Number of records,NA,2024-01-01 to 2024-12-31,1213411,57.54,NA,years,Collapse 365,2026-03-04,2012-01-01,episode
Lancashire Teaching Hospital,observation_period,overall,Number of subjects,NA,2024-01-01 to 2024-12-31,1213411,70.46,NA,years,Collapse 365,2026-03-04,2012-01-01,episode
Lancashire Teaching Hospital,observation_period,overall,Age,NA,2024-01-01 to 2024-12-31,NA,NA,49,years,Collapse 365,2026-03-04,2012-01-01,episode
Lancashire Teaching Hospital,observation_period,overall,Person-days,NA,2024-01-01 to 2024-12-31,414965189,9.18,NA,years,Collapse 365,2026-03-04,2012-01-01,episode
Lancashire Teaching Hospital,observation_period,overall,Number of records,NA,2025-01-01 to 2025-12-31,1261726,59.84,NA,years,Collapse 365,2026-03-04,2012-01-01,episode
Lancashire Teaching Hospital,observation_period,overall,Number of subjects,NA,2025-01-01 to 2025-12-31,1261726,73.27,NA,years,Collapse 365,2026-03-04,2012-01-01,episode
Lancashire Teaching Hospital,observation_period,overall,Age,NA,2025-01-01 to 2025-12-31,NA,NA,49,years,Collapse 365,2026-03-04,2012-01-01,episode
Lancashire Teaching Hospital,observation_period,overall,Person-days,NA,2025-01-01 to 2025-12-31,430063217,9.51,NA,years,Collapse 365,2026-03-04,2012-01-01,episode
Lancashire Teaching Hospital,observation_period,overall,Number of records,NA,2026-01-01 to 2026-12-31,1198933,56.86,NA,years,Collapse 365,2026-03-04,2012-01-01,episode
Lancashire Teaching Hospital,observation_period,overall,Number of subjects,NA,2026-01-01 to 2026-12-31,1198933,69.62,NA,years,Collapse 365,2026-03-04,2012-01-01,episode
Lancashire Teaching Hospital,observation_period,overall,Age,NA,2026-01-01 to 2026-12-31,NA,NA,49,years,Collapse 365,2026-03-04,2012-01-01,episode
Lancashire Teaching Hospital,observation_period,overall,Person-days,NA,2026-01-01 to 2026-12-31,73801154,1.63,NA,years,Collapse 365,2026-03-04,2012-01-01,episode
Lancashire Teaching Hospital,observation_period,overall,Number of records,NA,overall,2108653,100,NA,years,Collapse 365,2026-03-04,2012-01-01,episode
Lancashire Teaching Hospital,observation_period,overall,Number of subjects,NA,overall,1515892,88.02,NA,years,Collapse 365,2026-03-04,2012-01-01,episode
Lancashire Teaching Hospital,observation_period,overall,Age,NA,overall,NA,NA,45,years,Collapse 365,2026-03-04,2012-01-01,episode
Lancashire Teaching Hospital,observation_period,overall,Person-days,NA,overall,NA,NA,NA,years,Collapse 365,2026-03-04,2012-01-01,episode
Lancashire Teaching Hospital,observation_period,overall,Number of records,NA,2012-01-01 to 2012-12-31,694686,31.93,NA,years,Persistence 365,2026-03-04,2012-01-01,episode
Lancashire Teaching Hospital,observation_period,overall,Number of subjects,NA,2012-01-01 to 2012-12-31,673696,39.12,NA,years,Persistence 365,2026-03-04,2012-01-01,episode
Lancashire Teaching Hospital,observation_period,overall,Age,NA,2012-01-01 to 2012-12-31,NA,NA,45,years,Persistence 365,2026-03-04,2012-01-01,episode
Lancashire Teaching Hospital,observation_period,overall,Person-days,NA,2012-01-01 to 2012-12-31,217575654,4.51,NA,years,Persistence 365,2026-03-04,2012-01-01,episode
Lancashire Teaching Hospital,observation_period,overall,Number of records,NA,2013-01-01 to 2013-12-31,755109,34.71,NA,years,Persistence 365,2026-03-04,2012-01-01,episode
Lancashire Teaching Hospital,observation_period,overall,Number of subjects,NA,2013-01-01 to 2013-12-31,734175,42.63,NA,years,Persistence 365,2026-03-04,2012-01-01,episode
Lancashire Teaching Hospital,observation_period,overall,Age,NA,2013-01-01 to 2013-12-31,NA,NA,45,years,Persistence 365,2026-03-04,2012-01-01,episode
Lancashire Teaching Hospital,observation_period,overall,Person-days,NA,2013-01-01 to 2013-12-31,238029139,4.93,NA,years,Persistence 365,2026-03-04,2012-01-01,episode
Lancashire Teaching Hospital,observation_period,overall,Number of records,NA,2014-01-01 to 2014-12-31,814003,37.42,NA,years,Persistence 365,2026-03-04,2012-01-01,episode
Lancashire Teaching Hospital,observation_period,overall,Number of subjects,NA,2014-01-01 to 2014-12-31,793983,46.1,NA,years,Persistence 365,2026-03-04,2012-01-01,episode
Lancashire Teaching Hospital,observation_period,overall,Age,NA,2014-01-01 to 2014-12-31,NA,NA,46,years,Persistence 365,2026-03-04,2012-01-01,episode
Lancashire Teaching Hospital,observation_period,overall,Person-days,NA,2014-01-01 to 2014-12-31,260095602,5.39,NA,years,Persistence 365,2026-03-04,2012-01-01,episode
Lancashire Teaching Hospital,observation_period,overall,Number of records,NA,2015-01-01 to 2015-12-31,871703,40.07,NA,years,Persistence 365,2026-03-04,2012-01-01,episode
Lancashire Teaching Hospital,observation_period,overall,Number of subjects,NA,2015-01-01 to 2015-12-31,854671,49.63,NA,years,Persistence 365,2026-03-04,2012-01-01,episode
Lancashire Teaching Hospital,observation_period,overall,Age,NA,2015-01-01 to 2015-12-31,NA,NA,46,years,Persistence 365,2026-03-04,2012-01-01,episode
Lancashire Teaching Hospital,observation_period,overall,Person-days,NA,2015-01-01 to 2015-12-31,281010087,5.82,NA,years,Persistence 365,2026-03-04,2012-01-01,episode
Lancashire Teaching Hospital,observation_period,overall,Number of records,NA,2016-01-01 to 2016-12-31,921549,42.36,NA,years,Persistence 365,2026-03-04,2012-01-01,episode
Lancashire Teaching Hospital,observation_period,overall,Number of subjects,NA,2016-01-01 to 2016-12-31,903884,52.49,NA,years,Persistence 365,2026-03-04,2012-01-01,episode
Lancashire Teaching Hospital,observation_period,overall,Age,NA,2016-01-01 to 2016-12-31,NA,NA,46,years,Persistence 365,2026-03-04,2012-01-01,episode
Lancashire Teaching Hospital,observation_period,overall,Person-days,NA,2016-01-01 to 2016-12-31,300030370,6.21,NA,years,Persistence 365,2026-03-04,2012-01-01,episode
Lancashire Teaching Hospital,observation_period,overall,Number of records,NA,2017-01-01 to 2017-12-31,967981,44.49,NA,years,Persistence 365,2026-03-04,2012-01-01,episode
Lancashire Teaching Hospital,observation_period,overall,Number of subjects,NA,2017-01-01 to 2017-12-31,953227,55.35,NA,years,Persistence 365,2026-03-04,2012-01-01,episode
Lancashire Teaching Hospital,observation_period,overall,Age,NA,2017-01-01 to 2017-12-31,NA,NA,47,years,Persistence 365,2026-03-04,2012-01-01,episode
Lancashire Teaching Hospital,observation_period,overall,Person-days,NA,2017-01-01 to 2017-12-31,319593382,6.62,NA,years,Persistence 365,2026-03-04,2012-01-01,episode
Lancashire Teaching Hospital,observation_period,overall,Number of records,NA,2018-01-01 to 2018-12-31,1012802,46.55,NA,years,Persistence 365,2026-03-04,2012-01-01,episode
Lancashire Teaching Hospital,observation_period,overall,Number of subjects,NA,2018-01-01 to 2018-12-31,998164,57.96,NA,years,Persistence 365,2026-03-04,2012-01-01,episode
Lancashire Teaching Hospital,observation_period,overall,Age,NA,2018-01-01 to 2018-12-31,NA,NA,47,years,Persistence 365,2026-03-04,2012-01-01,episode
Lancashire Teaching Hospital,observation_period,overall,Person-days,NA,2018-01-01 to 2018-12-31,337638876,6.99,NA,years,Persistence 365,2026-03-04,2012-01-01,episode
Lancashire Teaching Hospital,observation_period,overall,Number of records,NA,2019-01-01 to 2019-12-31,1055637,48.52,NA,years,Persistence 365,2026-03-04,2012-01-01,episode
Lancashire Teaching Hospital,observation_period,overall,Number of subjects,NA,2019-01-01 to 2019-12-31,1041234,60.46,NA,years,Persistence 365,2026-03-04,2012-01-01,episode
Lancashire Teaching Hospital,observation_period,overall,Age,NA,2019-01-01 to 2019-12-31,NA,NA,48,years,Persistence 365,2026-03-04,2012-01-01,episode
Lancashire Teaching Hospital,observation_period,overall,Person-days,NA,2019-01-01 to 2019-12-31,355240874,7.36,NA,years,Persistence 365,2026-03-04,2012-01-01,episode
Lancashire Teaching Hospital,observation_period,overall,Number of records,NA,2020-01-01 to 2020-12-31,1083022,49.78,NA,years,Persistence 365,2026-03-04,2012-01-01,episode
Lancashire Teaching Hospital,observation_period,overall,Number of subjects,NA,2020-01-01 to 2020-12-31,1069507,62.1,NA,years,Persistence 365,2026-03-04,2012-01-01,episode
Lancashire Teaching Hospital,observation_period,overall,Age,NA,2020-01-01 to 2020-12-31,NA,NA,48,years,Persistence 365,2026-03-04,2012-01-01,episode
Lancashire Teaching Hospital,observation_period,overall,Person-days,NA,2020-01-01 to 2020-12-31,368536817,7.63,NA,years,Persistence 365,2026-03-04,2012-01-01,episode
Lancashire Teaching Hospital,observation_period,overall,Number of records,NA,2021-01-01 to 2021-12-31,1120938,51.52,NA,years,Persistence 365,2026-03-04,2012-01-01,episode
Lancashire Teaching Hospital,observation_period,overall,Number of subjects,NA,2021-01-01 to 2021-12-31,1106978,64.28,NA,years,Persistence 365,2026-03-04,2012-01-01,episode
Lancashire Teaching Hospital,observation_period,overall,Age,NA,2021-01-01 to 2021-12-31,NA,NA,48,years,Persistence 365,2026-03-04,2012-01-01,episode
Lancashire Teaching Hospital,observation_period,overall,Person-days,NA,2021-01-01 to 2021-12-31,379589086,7.86,NA,years,Persistence 365,2026-03-04,2012-01-01,episode
Lancashire Teaching Hospital,observation_period,overall,Number of records,NA,2022-01-01 to 2022-12-31,1167250,53.65,NA,years,Persistence 365,2026-03-04,2012-01-01,episode
Lancashire Teaching Hospital,observation_period,overall,Number of subjects,NA,2022-01-01 to 2022-12-31,1154076,67.01,NA,years,Persistence 365,2026-03-04,2012-01-01,episode
Lancashire Teaching Hospital,observation_period,overall,Age,NA,2022-01-01 to 2022-12-31,NA,NA,49,years,Persistence 365,2026-03-04,2012-01-01,episode
Lancashire Teaching Hospital,observation_period,overall,Person-days,NA,2022-01-01 to 2022-12-31,396834532,8.22,NA,years,Persistence 365,2026-03-04,2012-01-01,episode
Lancashire Teaching Hospital,observation_period,overall,Number of records,NA,2023-01-01 to 2023-12-31,1210873,55.66,NA,years,Persistence 365,2026-03-04,2012-01-01,episode
Lancashire Teaching Hospital,observation_period,overall,Number of subjects,NA,2023-01-01 to 2023-12-31,1198226,69.58,NA,years,Persistence 365,2026-03-04,2012-01-01,episode
Lancashire Teaching Hospital,observation_period,overall,Age,NA,2023-01-01 to 2023-12-31,NA,NA,49,years,Persistence 365,2026-03-04,2012-01-01,episode
Lancashire Teaching Hospital,observation_period,overall,Person-days,NA,2023-01-01 to 2023-12-31,412938492,8.55,NA,years,Persistence 365,2026-03-04,2012-01-01,episode
Lancashire Teaching Hospital,observation_period,overall,Number of records,NA,2024-01-01 to 2024-12-31,1260924,57.96,NA,years,Persistence 365,2026-03-04,2012-01-01,episode
Lancashire Teaching Hospital,observation_period,overall,Number of subjects,NA,2024-01-01 to 2024-12-31,1248329,72.49,NA,years,Persistence 365,2026-03-04,2012-01-01,episode
Lancashire Teaching Hospital,observation_period,overall,Age,NA,2024-01-01 to 2024-12-31,NA,NA,49,years,Persistence 365,2026-03-04,2012-01-01,episode
Lancashire Teaching Hospital,observation_period,overall,Person-days,NA,2024-01-01 to 2024-12-31,432518941,8.96,NA,years,Persistence 365,2026-03-04,2012-01-01,episode
Lancashire Teaching Hospital,observation_period,overall,Number of records,NA,2025-01-01 to 2025-12-31,1310220,60.23,NA,years,Persistence 365,2026-03-04,2012-01-01,episode
Lancashire Teaching Hospital,observation_period,overall,Number of subjects,NA,2025-01-01 to 2025-12-31,1297656,75.35,NA,years,Persistence 365,2026-03-04,2012-01-01,episode
Lancashire Teaching Hospital,observation_period,overall,Age,NA,2025-01-01 to 2025-12-31,NA,NA,50,years,Persistence 365,2026-03-04,2012-01-01,episode
Lancashire Teaching Hospital,observation_period,overall,Person-days,NA,2025-01-01 to 2025-12-31,449512600,9.31,NA,years,Persistence 365,2026-03-04,2012-01-01,episode
Lancashire Teaching Hospital,observation_period,overall,Number of records,NA,2026-01-01 to 2026-12-31,1273514,58.54,NA,years,Persistence 365,2026-03-04,2012-01-01,episode
Lancashire Teaching Hospital,observation_period,overall,Number of subjects,NA,2026-01-01 to 2026-12-31,1272991,73.92,NA,years,Persistence 365,2026-03-04,2012-01-01,episode
Lancashire Teaching Hospital,observation_period,overall,Age,NA,2026-01-01 to 2026-12-31,NA,NA,50,years,Persistence 365,2026-03-04,2012-01-01,episode
Lancashire Teaching Hospital,observation_period,overall,Person-days,NA,2026-01-01 to 2026-12-31,79414407,1.64,NA,years,Persistence 365,2026-03-04,2012-01-01,episode
Lancashire Teaching Hospital,observation_period,overall,Number of records,NA,overall,2175527,100,NA,years,Persistence 365,2026-03-04,2012-01-01,episode
Lancashire Teaching Hospital,observation_period,overall,Number of subjects,NA,overall,1522298,88.4,NA,years,Persistence 365,2026-03-04,2012-01-01,episode
Lancashire Teaching Hospital,observation_period,overall,Age,NA,overall,NA,NA,45,years,Persistence 365,2026-03-04,2012-01-01,episode
Lancashire Teaching Hospital,observation_period,overall,Person-days,NA,overall,NA,NA,NA,years,Persistence 365,2026-03-04,2012-01-01,episode
Lancashire Teaching Hospital,observation_period,overall,Number of records,NA,2012-01-01 to 2012-12-31,639924,35.76,NA,years,Collapse 730,2026-03-04,2012-01-01,episode
Lancashire Teaching Hospital,observation_period,overall,Number of subjects,NA,2012-01-01 to 2012-12-31,639924,37.16,NA,years,Collapse 730,2026-03-04,2012-01-01,episode
Lancashire Teaching Hospital,observation_period,overall,Age,NA,2012-01-01 to 2012-12-31,NA,NA,45,years,Collapse 730,2026-03-04,2012-01-01,episode
Lancashire Teaching Hospital,observation_period,overall,Person-days,NA,2012-01-01 to 2012-12-31,209147330,4.45,NA,years,Collapse 730,2026-03-04,2012-01-01,episode
Lancashire Teaching Hospital,observation_period,overall,Number of records,NA,2013-01-01 to 2013-12-31,698028,39.01,NA,years,Collapse 730,2026-03-04,2012-01-01,episode
Lancashire Teaching Hospital,observation_period,overall,Number of subjects,NA,2013-01-01 to 2013-12-31,698028,40.53,NA,years,Collapse 730,2026-03-04,2012-01-01,episode
Lancashire Teaching Hospital,observation_period,overall,Age,NA,2013-01-01 to 2013-12-31,NA,NA,46,years,Collapse 730,2026-03-04,2012-01-01,episode
Lancashire Teaching Hospital,observation_period,overall,Person-days,NA,2013-01-01 to 2013-12-31,229544803,4.89,NA,years,Collapse 730,2026-03-04,2012-01-01,episode
Lancashire Teaching Hospital,observation_period,overall,Number of records,NA,2014-01-01 to 2014-12-31,758643,42.4,NA,years,Collapse 730,2026-03-04,2012-01-01,episode
Lancashire Teaching Hospital,observation_period,overall,Number of subjects,NA,2014-01-01 to 2014-12-31,758643,44.05,NA,years,Collapse 730,2026-03-04,2012-01-01,episode
Lancashire Teaching Hospital,observation_period,overall,Age,NA,2014-01-01 to 2014-12-31,NA,NA,46,years,Collapse 730,2026-03-04,2012-01-01,episode
Lancashire Teaching Hospital,observation_period,overall,Person-days,NA,2014-01-01 to 2014-12-31,250150178,5.33,NA,years,Collapse 730,2026-03-04,2012-01-01,episode
Lancashire Teaching Hospital,observation_period,overall,Number of records,NA,2015-01-01 to 2015-12-31,810241,45.28,NA,years,Collapse 730,2026-03-04,2012-01-01,episode
Lancashire Teaching Hospital,observation_period,overall,Number of subjects,NA,2015-01-01 to 2015-12-31,810241,47.05,NA,years,Collapse 730,2026-03-04,2012-01-01,episode
Lancashire Teaching Hospital,observation_period,overall,Age,NA,2015-01-01 to 2015-12-31,NA,NA,46,years,Collapse 730,2026-03-04,2012-01-01,episode
Lancashire Teaching Hospital,observation_period,overall,Person-days,NA,2015-01-01 to 2015-12-31,269004178,5.73,NA,years,Collapse 730,2026-03-04,2012-01-01,episode
Lancashire Teaching Hospital,observation_period,overall,Number of records,NA,2016-01-01 to 2016-12-31,864122,48.29,NA,years,Collapse 730,2026-03-04,2012-01-01,episode
Lancashire Teaching Hospital,observation_period,overall,Number of subjects,NA,2016-01-01 to 2016-12-31,864122,50.18,NA,years,Collapse 730,2026-03-04,2012-01-01,episode
Lancashire Teaching Hospital,observation_period,overall,Age,NA,2016-01-01 to 2016-12-31,NA,NA,46,years,Collapse 730,2026-03-04,2012-01-01,episode
Lancashire Teaching Hospital,observation_period,overall,Person-days,NA,2016-01-01 to 2016-12-31,290622274,6.19,NA,years,Collapse 730,2026-03-04,2012-01-01,episode
Lancashire Teaching Hospital,observation_period,overall,Number of records,NA,2017-01-01 to 2017-12-31,915445,51.16,NA,years,Collapse 730,2026-03-04,2012-01-01,episode
Lancashire Teaching Hospital,observation_period,overall,Number of subjects,NA,2017-01-01 to 2017-12-31,915445,53.16,NA,years,Collapse 730,2026-03-04,2012-01-01,episode
Lancashire Teaching Hospital,observation_period,overall,Age,NA,2017-01-01 to 2017-12-31,NA,NA,47,years,Collapse 730,2026-03-04,2012-01-01,episode
Lancashire Teaching Hospital,observation_period,overall,Person-days,NA,2017-01-01 to 2017-12-31,310200691,6.61,NA,years,Collapse 730,2026-03-04,2012-01-01,episode
Lancashire Teaching Hospital,observation_period,overall,Number of records,NA,2018-01-01 to 2018-12-31,964590,53.91,NA,years,Collapse 730,2026-03-04,2012-01-01,episode
Lancashire Teaching Hospital,observation_period,overall,Number of subjects,NA,2018-01-01 to 2018-12-31,964590,56.01,NA,years,Collapse 730,2026-03-04,2012-01-01,episode
Lancashire Teaching Hospital,observation_period,overall,Age,NA,2018-01-01 to 2018-12-31,NA,NA,47,years,Collapse 730,2026-03-04,2012-01-01,episode
Lancashire Teaching Hospital,observation_period,overall,Person-days,NA,2018-01-01 to 2018-12-31,329426020,7.02,NA,years,Collapse 730,2026-03-04,2012-01-01,episode
Lancashire Teaching Hospital,observation_period,overall,Number of records,NA,2019-01-01 to 2019-12-31,1008395,56.36,NA,years,Collapse 730,2026-03-04,2012-01-01,episode
Lancashire Teaching Hospital,observation_period,overall,Number of subjects,NA,2019-01-01 to 2019-12-31,1008395,58.56,NA,years,Collapse 730,2026-03-04,2012-01-01,episode
Lancashire Teaching Hospital,observation_period,overall,Age,NA,2019-01-01 to 2019-12-31,NA,NA,47,years,Collapse 730,2026-03-04,2012-01-01,episode
Lancashire Teaching Hospital,observation_period,overall,Person-days,NA,2019-01-01 to 2019-12-31,346050296,7.37,NA,years,Collapse 730,2026-03-04,2012-01-01,episode
Lancashire Teaching Hospital,observation_period,overall,Number of records,NA,2020-01-01 to 2020-12-31,1033677,57.77,NA,years,Collapse 730,2026-03-04,2012-01-01,episode
Lancashire Teaching Hospital,observation_period,overall,Number of subjects,NA,2020-01-01 to 2020-12-31,1033677,60.02,NA,years,Collapse 730,2026-03-04,2012-01-01,episode
Lancashire Teaching Hospital,observation_period,overall,Age,NA,2020-01-01 to 2020-12-31,NA,NA,48,years,Collapse 730,2026-03-04,2012-01-01,episode
Lancashire Teaching Hospital,observation_period,overall,Person-days,NA,2020-01-01 to 2020-12-31,359916130,7.67,NA,years,Collapse 730,2026-03-04,2012-01-01,episode
Lancashire Teaching Hospital,observation_period,overall,Number of records,NA,2021-01-01 to 2021-12-31,1079048,60.31,NA,years,Collapse 730,2026-03-04,2012-01-01,episode
Lancashire Teaching Hospital,observation_period,overall,Number of subjects,NA,2021-01-01 to 2021-12-31,1079048,62.66,NA,years,Collapse 730,2026-03-04,2012-01-01,episode
Lancashire Teaching Hospital,observation_period,overall,Age,NA,2021-01-01 to 2021-12-31,NA,NA,48,years,Collapse 730,2026-03-04,2012-01-01,episode
Lancashire Teaching Hospital,observation_period,overall,Person-days,NA,2021-01-01 to 2021-12-31,372675298,7.94,NA,years,Collapse 730,2026-03-04,2012-01-01,episode
Lancashire Teaching Hospital,observation_period,overall,Number of records,NA,2022-01-01 to 2022-12-31,1122960,62.76,NA,years,Collapse 730,2026-03-04,2012-01-01,episode
Lancashire Teaching Hospital,observation_period,overall,Number of subjects,NA,2022-01-01 to 2022-12-31,1122960,65.21,NA,years,Collapse 730,2026-03-04,2012-01-01,episode
Lancashire Teaching Hospital,observation_period,overall,Age,NA,2022-01-01 to 2022-12-31,NA,NA,48,years,Collapse 730,2026-03-04,2012-01-01,episode
Lancashire Teaching Hospital,observation_period,overall,Person-days,NA,2022-01-01 to 2022-12-31,388785904,8.28,NA,years,Collapse 730,2026-03-04,2012-01-01,episode
Lancashire Teaching Hospital,observation_period,overall,Number of records,NA,2023-01-01 to 2023-12-31,1168971,65.33,NA,years,Collapse 730,2026-03-04,2012-01-01,episode
Lancashire Teaching Hospital,observation_period,overall,Number of subjects,NA,2023-01-01 to 2023-12-31,1168971,67.88,NA,years,Collapse 730,2026-03-04,2012-01-01,episode
Lancashire Teaching Hospital,observation_period,overall,Age,NA,2023-01-01 to 2023-12-31,NA,NA,49,years,Collapse 730,2026-03-04,2012-01-01,episode
Lancashire Teaching Hospital,observation_period,overall,Person-days,NA,2023-01-01 to 2023-12-31,405745084,8.64,NA,years,Collapse 730,2026-03-04,2012-01-01,episode
Lancashire Teaching Hospital,observation_period,overall,Number of records,NA,2024-01-01 to 2024-12-31,1221065,68.24,NA,years,Collapse 730,2026-03-04,2012-01-01,episode
Lancashire Teaching Hospital,observation_period,overall,Number of subjects,NA,2024-01-01 to 2024-12-31,1221065,70.9,NA,years,Collapse 730,2026-03-04,2012-01-01,episode
Lancashire Teaching Hospital,observation_period,overall,Age,NA,2024-01-01 to 2024-12-31,NA,NA,49,years,Collapse 730,2026-03-04,2012-01-01,episode
Lancashire Teaching Hospital,observation_period,overall,Person-days,NA,2024-01-01 to 2024-12-31,424826692,9.05,NA,years,Collapse 730,2026-03-04,2012-01-01,episode
Lancashire Teaching Hospital,observation_period,overall,Number of records,NA,2025-01-01 to 2025-12-31,1264614,70.68,NA,years,Collapse 730,2026-03-04,2012-01-01,episode
Lancashire Teaching Hospital,observation_period,overall,Number of subjects,NA,2025-01-01 to 2025-12-31,1264614,73.43,NA,years,Collapse 730,2026-03-04,2012-01-01,episode
Lancashire Teaching Hospital,observation_period,overall,Age,NA,2025-01-01 to 2025-12-31,NA,NA,49,years,Collapse 730,2026-03-04,2012-01-01,episode
Lancashire Teaching Hospital,observation_period,overall,Person-days,NA,2025-01-01 to 2025-12-31,435041947,9.27,NA,years,Collapse 730,2026-03-04,2012-01-01,episode
Lancashire Teaching Hospital,observation_period,overall,Number of records,NA,2026-01-01 to 2026-12-31,1198933,67.01,NA,years,Collapse 730,2026-03-04,2012-01-01,episode
Lancashire Teaching Hospital,observation_period,overall,Number of subjects,NA,2026-01-01 to 2026-12-31,1198933,69.62,NA,years,Collapse 730,2026-03-04,2012-01-01,episode
Lancashire Teaching Hospital,observation_period,overall,Age,NA,2026-01-01 to 2026-12-31,NA,NA,49,years,Collapse 730,2026-03-04,2012-01-01,episode
Lancashire Teaching Hospital,observation_period,overall,Person-days,NA,2026-01-01 to 2026-12-31,73908722,1.57,NA,years,Collapse 730,2026-03-04,2012-01-01,episode
Lancashire Teaching Hospital,observation_period,overall,Number of records,NA,overall,1789307,100,NA,years,Collapse 730,2026-03-04,2012-01-01,episode
Lancashire Teaching Hospital,observation_period,overall,Number of subjects,NA,overall,1515892,88.02,NA,years,Collapse 730,2026-03-04,2012-01-01,episode
Lancashire Teaching Hospital,observation_period,overall,Age,NA,overall,NA,NA,44,years,Collapse 730,2026-03-04,2012-01-01,episode
Lancashire Teaching Hospital,observation_period,overall,Person-days,NA,overall,NA,NA,NA,years,Collapse 730,2026-03-04,2012-01-01,episode
Lancashire Teaching Hospital,observation_period,overall,Number of records,NA,2012-01-01 to 2012-12-31,708949,38.15,NA,years,Persistence 730,2026-03-04,2012-01-01,episode
Lancashire Teaching Hospital,observation_period,overall,Number of subjects,NA,2012-01-01 to 2012-12-31,702244,40.78,NA,years,Persistence 730,2026-03-04,2012-01-01,episode
Lancashire Teaching Hospital,observation_period,overall,Age,NA,2012-01-01 to 2012-12-31,NA,NA,45,years,Persistence 730,2026-03-04,2012-01-01,episode
Lancashire Teaching Hospital,observation_period,overall,Person-days,NA,2012-01-01 to 2012-12-31,234357983,4.64,NA,years,Persistence 730,2026-03-04,2012-01-01,episode
Lancashire Teaching Hospital,observation_period,overall,Number of records,NA,2013-01-01 to 2013-12-31,767701,41.31,NA,years,Persistence 730,2026-03-04,2012-01-01,episode
Lancashire Teaching Hospital,observation_period,overall,Number of subjects,NA,2013-01-01 to 2013-12-31,761517,44.22,NA,years,Persistence 730,2026-03-04,2012-01-01,episode
Lancashire Teaching Hospital,observation_period,overall,Age,NA,2013-01-01 to 2013-12-31,NA,NA,45,years,Persistence 730,2026-03-04,2012-01-01,episode
Lancashire Teaching Hospital,observation_period,overall,Person-days,NA,2013-01-01 to 2013-12-31,255365476,5.05,NA,years,Persistence 730,2026-03-04,2012-01-01,episode
Lancashire Teaching Hospital,observation_period,overall,Number of records,NA,2014-01-01 to 2014-12-31,829876,44.66,NA,years,Persistence 730,2026-03-04,2012-01-01,episode
Lancashire Teaching Hospital,observation_period,overall,Number of subjects,NA,2014-01-01 to 2014-12-31,823483,47.82,NA,years,Persistence 730,2026-03-04,2012-01-01,episode
Lancashire Teaching Hospital,observation_period,overall,Age,NA,2014-01-01 to 2014-12-31,NA,NA,46,years,Persistence 730,2026-03-04,2012-01-01,episode
Lancashire Teaching Hospital,observation_period,overall,Person-days,NA,2014-01-01 to 2014-12-31,277185474,5.48,NA,years,Persistence 730,2026-03-04,2012-01-01,episode
Lancashire Teaching Hospital,observation_period,overall,Number of records,NA,2015-01-01 to 2015-12-31,889772,47.88,NA,years,Persistence 730,2026-03-04,2012-01-01,episode
Lancashire Teaching Hospital,observation_period,overall,Number of subjects,NA,2015-01-01 to 2015-12-31,883196,51.29,NA,years,Persistence 730,2026-03-04,2012-01-01,episode
Lancashire Teaching Hospital,observation_period,overall,Age,NA,2015-01-01 to 2015-12-31,NA,NA,46,years,Persistence 730,2026-03-04,2012-01-01,episode
Lancashire Teaching Hospital,observation_period,overall,Person-days,NA,2015-01-01 to 2015-12-31,299070475,5.92,NA,years,Persistence 730,2026-03-04,2012-01-01,episode
Lancashire Teaching Hospital,observation_period,overall,Number of records,NA,2016-01-01 to 2016-12-31,948083,51.02,NA,years,Persistence 730,2026-03-04,2012-01-01,episode
Lancashire Teaching Hospital,observation_period,overall,Number of subjects,NA,2016-01-01 to 2016-12-31,941184,54.65,NA,years,Persistence 730,2026-03-04,2012-01-01,episode
Lancashire Teaching Hospital,observation_period,overall,Age,NA,2016-01-01 to 2016-12-31,NA,NA,46,years,Persistence 730,2026-03-04,2012-01-01,episode
Lancashire Teaching Hospital,observation_period,overall,Person-days,NA,2016-01-01 to 2016-12-31,320531379,6.34,NA,years,Persistence 730,2026-03-04,2012-01-01,episode
Lancashire Teaching Hospital,observation_period,overall,Number of records,NA,2017-01-01 to 2017-12-31,992700,53.42,NA,years,Persistence 730,2026-03-04,2012-01-01,episode
Lancashire Teaching Hospital,observation_period,overall,Number of subjects,NA,2017-01-01 to 2017-12-31,986276,57.27,NA,years,Persistence 730,2026-03-04,2012-01-01,episode
Lancashire Teaching Hospital,observation_period,overall,Age,NA,2017-01-01 to 2017-12-31,NA,NA,47,years,Persistence 730,2026-03-04,2012-01-01,episode
Lancashire Teaching Hospital,observation_period,overall,Person-days,NA,2017-01-01 to 2017-12-31,337044988,6.67,NA,years,Persistence 730,2026-03-04,2012-01-01,episode
Lancashire Teaching Hospital,observation_period,overall,Number of records,NA,2018-01-01 to 2018-12-31,1035754,55.74,NA,years,Persistence 730,2026-03-04,2012-01-01,episode
Lancashire Teaching Hospital,observation_period,overall,Number of subjects,NA,2018-01-01 to 2018-12-31,1029480,59.78,NA,years,Persistence 730,2026-03-04,2012-01-01,episode
Lancashire Teaching Hospital,observation_period,overall,Age,NA,2018-01-01 to 2018-12-31,NA,NA,47,years,Persistence 730,2026-03-04,2012-01-01,episode
Lancashire Teaching Hospital,observation_period,overall,Person-days,NA,2018-01-01 to 2018-12-31,354342512,7.01,NA,years,Persistence 730,2026-03-04,2012-01-01,episode
Lancashire Teaching Hospital,observation_period,overall,Number of records,NA,2019-01-01 to 2019-12-31,1074621,57.83,NA,years,Persistence 730,2026-03-04,2012-01-01,episode
Lancashire Teaching Hospital,observation_period,overall,Number of subjects,NA,2019-01-01 to 2019-12-31,1068781,62.06,NA,years,Persistence 730,2026-03-04,2012-01-01,episode
Lancashire Teaching Hospital,observation_period,overall,Age,NA,2019-01-01 to 2019-12-31,NA,NA,48,years,Persistence 730,2026-03-04,2012-01-01,episode
Lancashire Teaching Hospital,observation_period,overall,Person-days,NA,2019-01-01 to 2019-12-31,370432827,7.33,NA,years,Persistence 730,2026-03-04,2012-01-01,episode
Lancashire Teaching Hospital,observation_period,overall,Number of records,NA,2020-01-01 to 2020-12-31,1102170,59.31,NA,years,Persistence 730,2026-03-04,2012-01-01,episode
Lancashire Teaching Hospital,observation_period,overall,Number of subjects,NA,2020-01-01 to 2020-12-31,1097489,63.73,NA,years,Persistence 730,2026-03-04,2012-01-01,episode
Lancashire Teaching Hospital,observation_period,overall,Age,NA,2020-01-01 to 2020-12-31,NA,NA,48,years,Persistence 730,2026-03-04,2012-01-01,episode
Lancashire Teaching Hospital,observation_period,overall,Person-days,NA,2020-01-01 to 2020-12-31,384341957,7.6,NA,years,Persistence 730,2026-03-04,2012-01-01,episode
Lancashire Teaching Hospital,observation_period,overall,Number of records,NA,2021-01-01 to 2021-12-31,1142607,61.49,NA,years,Persistence 730,2026-03-04,2012-01-01,episode
Lancashire Teaching Hospital,observation_period,overall,Number of subjects,NA,2021-01-01 to 2021-12-31,1136781,66.01,NA,years,Persistence 730,2026-03-04,2012-01-01,episode
Lancashire Teaching Hospital,observation_period,overall,Age,NA,2021-01-01 to 2021-12-31,NA,NA,48,years,Persistence 730,2026-03-04,2012-01-01,episode
Lancashire Teaching Hospital,observation_period,overall,Person-days,NA,2021-01-01 to 2021-12-31,394919033,7.81,NA,years,Persistence 730,2026-03-04,2012-01-01,episode
Lancashire Teaching Hospital,observation_period,overall,Number of records,NA,2022-01-01 to 2022-12-31,1181817,63.6,NA,years,Persistence 730,2026-03-04,2012-01-01,episode
Lancashire Teaching Hospital,observation_period,overall,Number of subjects,NA,2022-01-01 to 2022-12-31,1177012,68.35,NA,years,Persistence 730,2026-03-04,2012-01-01,episode
Lancashire Teaching Hospital,observation_period,overall,Age,NA,2022-01-01 to 2022-12-31,NA,NA,49,years,Persistence 730,2026-03-04,2012-01-01,episode
Lancashire Teaching Hospital,observation_period,overall,Person-days,NA,2022-01-01 to 2022-12-31,410303899,8.12,NA,years,Persistence 730,2026-03-04,2012-01-01,episode
Lancashire Teaching Hospital,observation_period,overall,Number of records,NA,2023-01-01 to 2023-12-31,1229118,66.14,NA,years,Persistence 730,2026-03-04,2012-01-01,episode
Lancashire Teaching Hospital,observation_period,overall,Number of subjects,NA,2023-01-01 to 2023-12-31,1224068,71.08,NA,years,Persistence 730,2026-03-04,2012-01-01,episode
Lancashire Teaching Hospital,observation_period,overall,Age,NA,2023-01-01 to 2023-12-31,NA,NA,49,years,Persistence 730,2026-03-04,2012-01-01,episode
Lancashire Teaching Hospital,observation_period,overall,Person-days,NA,2023-01-01 to 2023-12-31,427106507,8.45,NA,years,Persistence 730,2026-03-04,2012-01-01,episode
Lancashire Teaching Hospital,observation_period,overall,Number of records,NA,2024-01-01 to 2024-12-31,1277317,68.73,NA,years,Persistence 730,2026-03-04,2012-01-01,episode
Lancashire Teaching Hospital,observation_period,overall,Number of subjects,NA,2024-01-01 to 2024-12-31,1272580,73.9,NA,years,Persistence 730,2026-03-04,2012-01-01,episode
Lancashire Teaching Hospital,observation_period,overall,Age,NA,2024-01-01 to 2024-12-31,NA,NA,49,years,Persistence 730,2026-03-04,2012-01-01,episode
Lancashire Teaching Hospital,observation_period,overall,Person-days,NA,2024-01-01 to 2024-12-31,445708787,8.82,NA,years,Persistence 730,2026-03-04,2012-01-01,episode
Lancashire Teaching Hospital,observation_period,overall,Number of records,NA,2025-01-01 to 2025-12-31,1324796,71.29,NA,years,Persistence 730,2026-03-04,2012-01-01,episode
Lancashire Teaching Hospital,observation_period,overall,Number of subjects,NA,2025-01-01 to 2025-12-31,1320452,76.68,NA,years,Persistence 730,2026-03-04,2012-01-01,episode
Lancashire Teaching Hospital,observation_period,overall,Age,NA,2025-01-01 to 2025-12-31,NA,NA,50,years,Persistence 730,2026-03-04,2012-01-01,episode
Lancashire Teaching Hospital,observation_period,overall,Person-days,NA,2025-01-01 to 2025-12-31,462486840,9.15,NA,years,Persistence 730,2026-03-04,2012-01-01,episode
Lancashire Teaching Hospital,observation_period,overall,Number of records,NA,2026-01-01 to 2026-12-31,1305823,70.27,NA,years,Persistence 730,2026-03-04,2012-01-01,episode
Lancashire Teaching Hospital,observation_period,overall,Number of subjects,NA,2026-01-01 to 2026-12-31,1305672,75.82,NA,years,Persistence 730,2026-03-04,2012-01-01,episode
Lancashire Teaching Hospital,observation_period,overall,Age,NA,2026-01-01 to 2026-12-31,NA,NA,50,years,Persistence 730,2026-03-04,2012-01-01,episode
Lancashire Teaching Hospital,observation_period,overall,Person-days,NA,2026-01-01 to 2026-12-31,81649159,1.62,NA,years,Persistence 730,2026-03-04,2012-01-01,episode
Lancashire Teaching Hospital,observation_period,overall,Number of records,NA,overall,1858332,100,NA,years,Persistence 730,2026-03-04,2012-01-01,episode
Lancashire Teaching Hospital,observation_period,overall,Number of subjects,NA,overall,1528415,88.75,NA,years,Persistence 730,2026-03-04,2012-01-01,episode
Lancashire Teaching Hospital,observation_period,overall,Age,NA,overall,NA,NA,44,years,Persistence 730,2026-03-04,2012-01-01,episode
Lancashire Teaching Hospital,observation_period,overall,Person-days,NA,overall,NA,NA,NA,years,Persistence 730,2026-03-04,2012-01-01,episode
Leeds Teaching Hospitals,observation_period,overall,Person-days,NA,2012-01-01 to 2012-12-31,143009107,9.09,NA,years,NA,29/12/2025,01/01/2012,episode
Leeds Teaching Hospitals,observation_period,overall,Person-days,NA,2013-01-01 to 2013-12-31,143587457,9.13,NA,years,NA,29/12/2025,01/01/2012,episode
Leeds Teaching Hospitals,observation_period,overall,Person-days,NA,2014-01-01 to 2014-12-31,144143001,9.16,NA,years,NA,29/12/2025,01/01/2012,episode
Leeds Teaching Hospitals,observation_period,overall,Person-days,NA,2015-01-01 to 2015-12-31,143380579,9.12,NA,years,NA,29/12/2025,01/01/2012,episode
Leeds Teaching Hospitals,observation_period,overall,Person-days,NA,2016-01-01 to 2016-12-31,141330865,8.99,NA,years,NA,29/12/2025,01/01/2012,episode
Leeds Teaching Hospitals,observation_period,overall,Person-days,NA,2017-01-01 to 2017-12-31,136777045,8.7,NA,years,NA,29/12/2025,01/01/2012,episode
Leeds Teaching Hospitals,observation_period,overall,Person-days,NA,2018-01-01 to 2018-12-31,130861232,8.32,NA,years,NA,29/12/2025,01/01/2012,episode
Leeds Teaching Hospitals,observation_period,overall,Person-days,NA,2019-01-01 to 2019-12-31,123181911,7.83,NA,years,NA,29/12/2025,01/01/2012,episode
Leeds Teaching Hospitals,observation_period,overall,Person-days,NA,2020-01-01 to 2020-12-31,114334439,7.27,NA,years,NA,29/12/2025,01/01/2012,episode
Leeds Teaching Hospitals,observation_period,overall,Person-days,NA,2021-01-01 to 2021-12-31,104517282,6.65,NA,years,NA,29/12/2025,01/01/2012,episode
Leeds Teaching Hospitals,observation_period,overall,Person-days,NA,2022-01-01 to 2022-12-31,92773958,5.9,NA,years,NA,29/12/2025,01/01/2012,episode
Leeds Teaching Hospitals,observation_period,overall,Person-days,NA,2023-01-01 to 2023-12-31,77469350,4.93,NA,years,NA,29/12/2025,01/01/2012,episode
Leeds Teaching Hospitals,observation_period,overall,Person-days,NA,2024-01-01 to 2024-12-31,53819356,3.42,NA,years,NA,29/12/2025,01/01/2012,episode
Leeds Teaching Hospitals,observation_period,overall,Person-days,NA,2025-01-01 to 2025-12-31,23664207,1.5,NA,years,NA,29/12/2025,01/01/2012,episode
Leeds Teaching Hospitals,observation_period,overall,Person-days,NA,overall,1572849789,100,NA,years,NA,29/12/2025,01/01/2012,episode
Leeds Teaching Hospitals,visit_occurrence,overall,Number of records,NA,2012-01-01 to 2012-12-31,1860157,8.26,NA,years,NA,29/12/2025,01/01/2012,event
Leeds Teaching Hospitals,visit_occurrence,TRUE,Number of records,NA,2012-01-01 to 2012-12-31,1860157,8.26,NA,years,NA,29/12/2025,01/01/2012,event
Leeds Teaching Hospitals,condition_occurrence,overall,Number of records,NA,2012-01-01 to 2012-12-31,381342,6.61,NA,years,NA,29/12/2025,01/01/2012,event
Leeds Teaching Hospitals,condition_occurrence,TRUE,Number of records,NA,2012-01-01 to 2012-12-31,381342,6.61,NA,years,NA,29/12/2025,01/01/2012,event
Leeds Teaching Hospitals,drug_exposure,overall,Number of records,NA,2012-01-01 to 2012-12-31,60383,0.93,NA,years,NA,29/12/2025,01/01/2012,event
Leeds Teaching Hospitals,drug_exposure,TRUE,Number of records,NA,2012-01-01 to 2012-12-31,60383,0.93,NA,years,NA,29/12/2025,01/01/2012,event
Leeds Teaching Hospitals,procedure_occurrence,overall,Number of records,NA,2012-01-01 to 2012-12-31,128107,7.58,NA,years,NA,29/12/2025,01/01/2012,event
Leeds Teaching Hospitals,procedure_occurrence,TRUE,Number of records,NA,2012-01-01 to 2012-12-31,128107,7.58,NA,years,NA,29/12/2025,01/01/2012,event
Leeds Teaching Hospitals,measurement,overall,Number of records,NA,2012-01-01 to 2012-12-31,105590,4.63,NA,years,NA,29/12/2025,01/01/2012,event
Leeds Teaching Hospitals,measurement,TRUE,Number of records,NA,2012-01-01 to 2012-12-31,105590,4.63,NA,years,NA,29/12/2025,01/01/2012,event
Leeds Teaching Hospitals,observation,overall,Number of records,NA,2012-01-01 to 2012-12-31,66218,5.79,NA,years,NA,29/12/2025,01/01/2012,event
Leeds Teaching Hospitals,observation,TRUE,Number of records,NA,2012-01-01 to 2012-12-31,66218,5.79,NA,years,NA,29/12/2025,01/01/2012,event
Leeds Teaching Hospitals,death,overall,Number of records,NA,2012-01-01 to 2012-12-31,17022,5.97,NA,years,NA,29/12/2025,01/01/2012,event
Leeds Teaching Hospitals,death,TRUE,Number of records,NA,2012-01-01 to 2012-12-31,17022,5.97,NA,years,NA,29/12/2025,01/01/2012,event
Leeds Teaching Hospitals,drug_era,overall,Number of records,NA,2012-01-01 to 2012-12-31,13139,0.73,NA,years,NA,29/12/2025,01/01/2012,event
Leeds Teaching Hospitals,drug_era,TRUE,Number of records,NA,2012-01-01 to 2012-12-31,13139,0.73,NA,years,NA,29/12/2025,01/01/2012,event
Leeds Teaching Hospitals,visit_occurrence,overall,Number of records,NA,2013-01-01 to 2013-12-31,1786470,7.94,NA,years,NA,29/12/2025,01/01/2012,event
Leeds Teaching Hospitals,visit_occurrence,TRUE,Number of records,NA,2013-01-01 to 2013-12-31,1786470,7.94,NA,years,NA,29/12/2025,01/01/2012,event
Leeds Teaching Hospitals,condition_occurrence,overall,Number of records,NA,2013-01-01 to 2013-12-31,370451,6.42,NA,years,NA,29/12/2025,01/01/2012,event
Leeds Teaching Hospitals,condition_occurrence,TRUE,Number of records,NA,2013-01-01 to 2013-12-31,370451,6.42,NA,years,NA,29/12/2025,01/01/2012,event
Leeds Teaching Hospitals,drug_exposure,overall,Number of records,NA,2013-01-01 to 2013-12-31,63682,0.98,NA,years,NA,29/12/2025,01/01/2012,event
Leeds Teaching Hospitals,drug_exposure,TRUE,Number of records,NA,2013-01-01 to 2013-12-31,63682,0.98,NA,years,NA,29/12/2025,01/01/2012,event
Leeds Teaching Hospitals,procedure_occurrence,overall,Number of records,NA,2013-01-01 to 2013-12-31,127963,7.57,NA,years,NA,29/12/2025,01/01/2012,event
Leeds Teaching Hospitals,procedure_occurrence,TRUE,Number of records,NA,2013-01-01 to 2013-12-31,127963,7.57,NA,years,NA,29/12/2025,01/01/2012,event
Leeds Teaching Hospitals,measurement,overall,Number of records,NA,2013-01-01 to 2013-12-31,114043,5,NA,years,NA,29/12/2025,01/01/2012,event
Leeds Teaching Hospitals,measurement,TRUE,Number of records,NA,2013-01-01 to 2013-12-31,114043,5,NA,years,NA,29/12/2025,01/01/2012,event
Leeds Teaching Hospitals,observation,overall,Number of records,NA,2013-01-01 to 2013-12-31,65117,5.7,NA,years,NA,29/12/2025,01/01/2012,event
Leeds Teaching Hospitals,observation,TRUE,Number of records,NA,2013-01-01 to 2013-12-31,65117,5.7,NA,years,NA,29/12/2025,01/01/2012,event
Leeds Teaching Hospitals,death,overall,Number of records,NA,2013-01-01 to 2013-12-31,14467,5.07,NA,years,NA,29/12/2025,01/01/2012,event
Leeds Teaching Hospitals,death,TRUE,Number of records,NA,2013-01-01 to 2013-12-31,14467,5.07,NA,years,NA,29/12/2025,01/01/2012,event
Leeds Teaching Hospitals,drug_era,overall,Number of records,NA,2013-01-01 to 2013-12-31,13433,0.74,NA,years,NA,29/12/2025,01/01/2012,event
Leeds Teaching Hospitals,drug_era,TRUE,Number of records,NA,2013-01-01 to 2013-12-31,13433,0.74,NA,years,NA,29/12/2025,01/01/2012,event
Leeds Teaching Hospitals,visit_occurrence,overall,Number of records,NA,2014-01-01 to 2014-12-31,1803795,8.01,NA,years,NA,29/12/2025,01/01/2012,event
Leeds Teaching Hospitals,visit_occurrence,TRUE,Number of records,NA,2014-01-01 to 2014-12-31,1803795,8.01,NA,years,NA,29/12/2025,01/01/2012,event
Leeds Teaching Hospitals,condition_occurrence,overall,Number of records,NA,2014-01-01 to 2014-12-31,379343,6.58,NA,years,NA,29/12/2025,01/01/2012,event
Leeds Teaching Hospitals,condition_occurrence,TRUE,Number of records,NA,2014-01-01 to 2014-12-31,379343,6.58,NA,years,NA,29/12/2025,01/01/2012,event
Leeds Teaching Hospitals,drug_exposure,overall,Number of records,NA,2014-01-01 to 2014-12-31,71134,1.09,NA,years,NA,29/12/2025,01/01/2012,event
Leeds Teaching Hospitals,drug_exposure,TRUE,Number of records,NA,2014-01-01 to 2014-12-31,71134,1.09,NA,years,NA,29/12/2025,01/01/2012,event
Leeds Teaching Hospitals,procedure_occurrence,overall,Number of records,NA,2014-01-01 to 2014-12-31,132570,7.84,NA,years,NA,29/12/2025,01/01/2012,event
Leeds Teaching Hospitals,procedure_occurrence,TRUE,Number of records,NA,2014-01-01 to 2014-12-31,132570,7.84,NA,years,NA,29/12/2025,01/01/2012,event
Leeds Teaching Hospitals,measurement,overall,Number of records,NA,2014-01-01 to 2014-12-31,168917,7.41,NA,years,NA,29/12/2025,01/01/2012,event
Leeds Teaching Hospitals,measurement,TRUE,Number of records,NA,2014-01-01 to 2014-12-31,168917,7.41,NA,years,NA,29/12/2025,01/01/2012,event
Leeds Teaching Hospitals,observation,overall,Number of records,NA,2014-01-01 to 2014-12-31,67432,5.9,NA,years,NA,29/12/2025,01/01/2012,event
Leeds Teaching Hospitals,observation,TRUE,Number of records,NA,2014-01-01 to 2014-12-31,67432,5.9,NA,years,NA,29/12/2025,01/01/2012,event
Leeds Teaching Hospitals,death,overall,Number of records,NA,2014-01-01 to 2014-12-31,13334,4.68,NA,years,NA,29/12/2025,01/01/2012,event
Leeds Teaching Hospitals,death,TRUE,Number of records,NA,2014-01-01 to 2014-12-31,13334,4.68,NA,years,NA,29/12/2025,01/01/2012,event
Leeds Teaching Hospitals,drug_era,overall,Number of records,NA,2014-01-01 to 2014-12-31,13697,0.76,NA,years,NA,29/12/2025,01/01/2012,event
Leeds Teaching Hospitals,drug_era,TRUE,Number of records,NA,2014-01-01 to 2014-12-31,13697,0.76,NA,years,NA,29/12/2025,01/01/2012,event
Leeds Teaching Hospitals,visit_occurrence,overall,Number of records,NA,2015-01-01 to 2015-12-31,1803842,8.01,NA,years,NA,29/12/2025,01/01/2012,event
Leeds Teaching Hospitals,visit_occurrence,TRUE,Number of records,NA,2015-01-01 to 2015-12-31,1803842,8.01,NA,years,NA,29/12/2025,01/01/2012,event
Leeds Teaching Hospitals,condition_occurrence,overall,Number of records,NA,2015-01-01 to 2015-12-31,407145,7.06,NA,years,NA,29/12/2025,01/01/2012,event
Leeds Teaching Hospitals,condition_occurrence,TRUE,Number of records,NA,2015-01-01 to 2015-12-31,407145,7.06,NA,years,NA,29/12/2025,01/01/2012,event
Leeds Teaching Hospitals,drug_exposure,overall,Number of records,NA,2015-01-01 to 2015-12-31,71425,1.1,NA,years,NA,29/12/2025,01/01/2012,event
Leeds Teaching Hospitals,drug_exposure,TRUE,Number of records,NA,2015-01-01 to 2015-12-31,71425,1.1,NA,years,NA,29/12/2025,01/01/2012,event
Leeds Teaching Hospitals,procedure_occurrence,overall,Number of records,NA,2015-01-01 to 2015-12-31,134430,7.95,NA,years,NA,29/12/2025,01/01/2012,event
Leeds Teaching Hospitals,procedure_occurrence,TRUE,Number of records,NA,2015-01-01 to 2015-12-31,134430,7.95,NA,years,NA,29/12/2025,01/01/2012,event
Leeds Teaching Hospitals,measurement,overall,Number of records,NA,2015-01-01 to 2015-12-31,185312,8.13,NA,years,NA,29/12/2025,01/01/2012,event
Leeds Teaching Hospitals,measurement,TRUE,Number of records,NA,2015-01-01 to 2015-12-31,185312,8.13,NA,years,NA,29/12/2025,01/01/2012,event
Leeds Teaching Hospitals,observation,overall,Number of records,NA,2015-01-01 to 2015-12-31,69234,6.06,NA,years,NA,29/12/2025,01/01/2012,event
Leeds Teaching Hospitals,observation,TRUE,Number of records,NA,2015-01-01 to 2015-12-31,69234,6.06,NA,years,NA,29/12/2025,01/01/2012,event
Leeds Teaching Hospitals,death,overall,Number of records,NA,2015-01-01 to 2015-12-31,16313,5.72,NA,years,NA,29/12/2025,01/01/2012,event
Leeds Teaching Hospitals,death,TRUE,Number of records,NA,2015-01-01 to 2015-12-31,16313,5.72,NA,years,NA,29/12/2025,01/01/2012,event
Leeds Teaching Hospitals,drug_era,overall,Number of records,NA,2015-01-01 to 2015-12-31,13809,0.76,NA,years,NA,29/12/2025,01/01/2012,event
Leeds Teaching Hospitals,drug_era,TRUE,Number of records,NA,2015-01-01 to 2015-12-31,13809,0.76,NA,years,NA,29/12/2025,01/01/2012,event
Leeds Teaching Hospitals,visit_occurrence,overall,Number of records,NA,2016-01-01 to 2016-12-31,1885464,8.38,NA,years,NA,29/12/2025,01/01/2012,event
Leeds Teaching Hospitals,visit_occurrence,TRUE,Number of records,NA,2016-01-01 to 2016-12-31,1885464,8.38,NA,years,NA,29/12/2025,01/01/2012,event
Leeds Teaching Hospitals,condition_occurrence,overall,Number of records,NA,2016-01-01 to 2016-12-31,434721,7.54,NA,years,NA,29/12/2025,01/01/2012,event
Leeds Teaching Hospitals,condition_occurrence,TRUE,Number of records,NA,2016-01-01 to 2016-12-31,434721,7.54,NA,years,NA,29/12/2025,01/01/2012,event
Leeds Teaching Hospitals,drug_exposure,overall,Number of records,NA,2016-01-01 to 2016-12-31,100540,1.55,NA,years,NA,29/12/2025,01/01/2012,event
Leeds Teaching Hospitals,drug_exposure,TRUE,Number of records,NA,2016-01-01 to 2016-12-31,100540,1.55,NA,years,NA,29/12/2025,01/01/2012,event
Leeds Teaching Hospitals,procedure_occurrence,overall,Number of records,NA,2016-01-01 to 2016-12-31,136654,8.08,NA,years,NA,29/12/2025,01/01/2012,event
Leeds Teaching Hospitals,procedure_occurrence,TRUE,Number of records,NA,2016-01-01 to 2016-12-31,136654,8.08,NA,years,NA,29/12/2025,01/01/2012,event
Leeds Teaching Hospitals,measurement,overall,Number of records,NA,2016-01-01 to 2016-12-31,191690,8.41,NA,years,NA,29/12/2025,01/01/2012,event
Leeds Teaching Hospitals,measurement,TRUE,Number of records,NA,2016-01-01 to 2016-12-31,191690,8.41,NA,years,NA,29/12/2025,01/01/2012,event
Leeds Teaching Hospitals,observation,overall,Number of records,NA,2016-01-01 to 2016-12-31,75072,6.57,NA,years,NA,29/12/2025,01/01/2012,event
Leeds Teaching Hospitals,observation,TRUE,Number of records,NA,2016-01-01 to 2016-12-31,75072,6.57,NA,years,NA,29/12/2025,01/01/2012,event
Leeds Teaching Hospitals,death,overall,Number of records,NA,2016-01-01 to 2016-12-31,19507,6.84,NA,years,NA,29/12/2025,01/01/2012,event
Leeds Teaching Hospitals,death,TRUE,Number of records,NA,2016-01-01 to 2016-12-31,19507,6.84,NA,years,NA,29/12/2025,01/01/2012,event
Leeds Teaching Hospitals,drug_era,overall,Number of records,NA,2016-01-01 to 2016-12-31,25012,1.38,NA,years,NA,29/12/2025,01/01/2012,event
Leeds Teaching Hospitals,drug_era,TRUE,Number of records,NA,2016-01-01 to 2016-12-31,25012,1.38,NA,years,NA,29/12/2025,01/01/2012,event
Leeds Teaching Hospitals,visit_occurrence,overall,Number of records,NA,2017-01-01 to 2017-12-31,1808933,8.04,NA,years,NA,29/12/2025,01/01/2012,event
Leeds Teaching Hospitals,visit_occurrence,TRUE,Number of records,NA,2017-01-01 to 2017-12-31,1808933,8.04,NA,years,NA,29/12/2025,01/01/2012,event
Leeds Teaching Hospitals,condition_occurrence,overall,Number of records,NA,2017-01-01 to 2017-12-31,415428,7.2,NA,years,NA,29/12/2025,01/01/2012,event
Leeds Teaching Hospitals,condition_occurrence,TRUE,Number of records,NA,2017-01-01 to 2017-12-31,415428,7.2,NA,years,NA,29/12/2025,01/01/2012,event
Leeds Teaching Hospitals,drug_exposure,overall,Number of records,NA,2017-01-01 to 2017-12-31,351074,5.4,NA,years,NA,29/12/2025,01/01/2012,event
Leeds Teaching Hospitals,drug_exposure,TRUE,Number of records,NA,2017-01-01 to 2017-12-31,351074,5.4,NA,years,NA,29/12/2025,01/01/2012,event
Leeds Teaching Hospitals,procedure_occurrence,overall,Number of records,NA,2017-01-01 to 2017-12-31,131818,7.8,NA,years,NA,29/12/2025,01/01/2012,event
Leeds Teaching Hospitals,procedure_occurrence,TRUE,Number of records,NA,2017-01-01 to 2017-12-31,131818,7.8,NA,years,NA,29/12/2025,01/01/2012,event
Leeds Teaching Hospitals,measurement,overall,Number of records,NA,2017-01-01 to 2017-12-31,179556,7.88,NA,years,NA,29/12/2025,01/01/2012,event
Leeds Teaching Hospitals,measurement,TRUE,Number of records,NA,2017-01-01 to 2017-12-31,179556,7.88,NA,years,NA,29/12/2025,01/01/2012,event
Leeds Teaching Hospitals,observation,overall,Number of records,NA,2017-01-01 to 2017-12-31,76485,6.69,NA,years,NA,29/12/2025,01/01/2012,event
Leeds Teaching Hospitals,observation,TRUE,Number of records,NA,2017-01-01 to 2017-12-31,76485,6.69,NA,years,NA,29/12/2025,01/01/2012,event
Leeds Teaching Hospitals,death,overall,Number of records,NA,2017-01-01 to 2017-12-31,19983,7.01,NA,years,NA,29/12/2025,01/01/2012,event
Leeds Teaching Hospitals,death,TRUE,Number of records,NA,2017-01-01 to 2017-12-31,19983,7.01,NA,years,NA,29/12/2025,01/01/2012,event
Leeds Teaching Hospitals,drug_era,overall,Number of records,NA,2017-01-01 to 2017-12-31,108157,5.98,NA,years,NA,29/12/2025,01/01/2012,event
Leeds Teaching Hospitals,drug_era,TRUE,Number of records,NA,2017-01-01 to 2017-12-31,108157,5.98,NA,years,NA,29/12/2025,01/01/2012,event
Leeds Teaching Hospitals,visit_occurrence,overall,Number of records,NA,2018-01-01 to 2018-12-31,1760794,7.82,NA,years,NA,29/12/2025,01/01/2012,event
Leeds Teaching Hospitals,visit_occurrence,TRUE,Number of records,NA,2018-01-01 to 2018-12-31,1760794,7.82,NA,years,NA,29/12/2025,01/01/2012,event
Leeds Teaching Hospitals,condition_occurrence,overall,Number of records,NA,2018-01-01 to 2018-12-31,405054,7.02,NA,years,NA,29/12/2025,01/01/2012,event
Leeds Teaching Hospitals,condition_occurrence,TRUE,Number of records,NA,2018-01-01 to 2018-12-31,405054,7.02,NA,years,NA,29/12/2025,01/01/2012,event
Leeds Teaching Hospitals,drug_exposure,overall,Number of records,NA,2018-01-01 to 2018-12-31,583228,8.98,NA,years,NA,29/12/2025,01/01/2012,event
Leeds Teaching Hospitals,drug_exposure,TRUE,Number of records,NA,2018-01-01 to 2018-12-31,583228,8.98,NA,years,NA,29/12/2025,01/01/2012,event
Leeds Teaching Hospitals,procedure_occurrence,overall,Number of records,NA,2018-01-01 to 2018-12-31,133400,7.89,NA,years,NA,29/12/2025,01/01/2012,event
Leeds Teaching Hospitals,procedure_occurrence,TRUE,Number of records,NA,2018-01-01 to 2018-12-31,133400,7.89,NA,years,NA,29/12/2025,01/01/2012,event
Leeds Teaching Hospitals,measurement,overall,Number of records,NA,2018-01-01 to 2018-12-31,196986,8.64,NA,years,NA,29/12/2025,01/01/2012,event
Leeds Teaching Hospitals,measurement,TRUE,Number of records,NA,2018-01-01 to 2018-12-31,196986,8.64,NA,years,NA,29/12/2025,01/01/2012,event
Leeds Teaching Hospitals,observation,overall,Number of records,NA,2018-01-01 to 2018-12-31,76938,6.73,NA,years,NA,29/12/2025,01/01/2012,event
Leeds Teaching Hospitals,observation,TRUE,Number of records,NA,2018-01-01 to 2018-12-31,76938,6.73,NA,years,NA,29/12/2025,01/01/2012,event
Leeds Teaching Hospitals,death,overall,Number of records,NA,2018-01-01 to 2018-12-31,20628,7.23,NA,years,NA,29/12/2025,01/01/2012,event
Leeds Teaching Hospitals,death,TRUE,Number of records,NA,2018-01-01 to 2018-12-31,20628,7.23,NA,years,NA,29/12/2025,01/01/2012,event
Leeds Teaching Hospitals,drug_era,overall,Number of records,NA,2018-01-01 to 2018-12-31,170843,9.45,NA,years,NA,29/12/2025,01/01/2012,event
Leeds Teaching Hospitals,drug_era,TRUE,Number of records,NA,2018-01-01 to 2018-12-31,170843,9.45,NA,years,NA,29/12/2025,01/01/2012,event
Leeds Teaching Hospitals,visit_occurrence,overall,Number of records,NA,2019-01-01 to 2019-12-31,1746596,7.76,NA,years,NA,29/12/2025,01/01/2012,event
Leeds Teaching Hospitals,visit_occurrence,TRUE,Number of records,NA,2019-01-01 to 2019-12-31,1746596,7.76,NA,years,NA,29/12/2025,01/01/2012,event
Leeds Teaching Hospitals,condition_occurrence,overall,Number of records,NA,2019-01-01 to 2019-12-31,415054,7.2,NA,years,NA,29/12/2025,01/01/2012,event
Leeds Teaching Hospitals,condition_occurrence,TRUE,Number of records,NA,2019-01-01 to 2019-12-31,415054,7.2,NA,years,NA,29/12/2025,01/01/2012,event
Leeds Teaching Hospitals,drug_exposure,overall,Number of records,NA,2019-01-01 to 2019-12-31,660172,10.16,NA,years,NA,29/12/2025,01/01/2012,event
Leeds Teaching Hospitals,drug_exposure,TRUE,Number of records,NA,2019-01-01 to 2019-12-31,660172,10.16,NA,years,NA,29/12/2025,01/01/2012,event
Leeds Teaching Hospitals,procedure_occurrence,overall,Number of records,NA,2019-01-01 to 2019-12-31,140906,8.33,NA,years,NA,29/12/2025,01/01/2012,event
Leeds Teaching Hospitals,procedure_occurrence,TRUE,Number of records,NA,2019-01-01 to 2019-12-31,140906,8.33,NA,years,NA,29/12/2025,01/01/2012,event
Leeds Teaching Hospitals,measurement,overall,Number of records,NA,2019-01-01 to 2019-12-31,208726,9.15,NA,years,NA,29/12/2025,01/01/2012,event
Leeds Teaching Hospitals,measurement,TRUE,Number of records,NA,2019-01-01 to 2019-12-31,208726,9.15,NA,years,NA,29/12/2025,01/01/2012,event
Leeds Teaching Hospitals,observation,overall,Number of records,NA,2019-01-01 to 2019-12-31,78879,6.9,NA,years,NA,29/12/2025,01/01/2012,event
Leeds Teaching Hospitals,observation,TRUE,Number of records,NA,2019-01-01 to 2019-12-31,78879,6.9,NA,years,NA,29/12/2025,01/01/2012,event
Leeds Teaching Hospitals,death,overall,Number of records,NA,2019-01-01 to 2019-12-31,21313,7.47,NA,years,NA,29/12/2025,01/01/2012,event
Leeds Teaching Hospitals,death,TRUE,Number of records,NA,2019-01-01 to 2019-12-31,21313,7.47,NA,years,NA,29/12/2025,01/01/2012,event
Leeds Teaching Hospitals,drug_era,overall,Number of records,NA,2019-01-01 to 2019-12-31,192614,10.66,NA,years,NA,29/12/2025,01/01/2012,event
Leeds Teaching Hospitals,drug_era,TRUE,Number of records,NA,2019-01-01 to 2019-12-31,192614,10.66,NA,years,NA,29/12/2025,01/01/2012,event
Leeds Teaching Hospitals,visit_occurrence,overall,Number of records,NA,2020-01-01 to 2020-12-31,1361638,6.05,NA,years,NA,29/12/2025,01/01/2012,event
Leeds Teaching Hospitals,visit_occurrence,TRUE,Number of records,NA,2020-01-01 to 2020-12-31,1361638,6.05,NA,years,NA,29/12/2025,01/01/2012,event
Leeds Teaching Hospitals,condition_occurrence,overall,Number of records,NA,2020-01-01 to 2020-12-31,377909,6.55,NA,years,NA,29/12/2025,01/01/2012,event
Leeds Teaching Hospitals,condition_occurrence,TRUE,Number of records,NA,2020-01-01 to 2020-12-31,377909,6.55,NA,years,NA,29/12/2025,01/01/2012,event
Leeds Teaching Hospitals,drug_exposure,overall,Number of records,NA,2020-01-01 to 2020-12-31,607198,9.34,NA,years,NA,29/12/2025,01/01/2012,event
Leeds Teaching Hospitals,drug_exposure,TRUE,Number of records,NA,2020-01-01 to 2020-12-31,607198,9.34,NA,years,NA,29/12/2025,01/01/2012,event
Leeds Teaching Hospitals,procedure_occurrence,overall,Number of records,NA,2020-01-01 to 2020-12-31,115217,6.81,NA,years,NA,29/12/2025,01/01/2012,event
Leeds Teaching Hospitals,procedure_occurrence,TRUE,Number of records,NA,2020-01-01 to 2020-12-31,115217,6.81,NA,years,NA,29/12/2025,01/01/2012,event
Leeds Teaching Hospitals,measurement,overall,Number of records,NA,2020-01-01 to 2020-12-31,183786,8.06,NA,years,NA,29/12/2025,01/01/2012,event
Leeds Teaching Hospitals,measurement,TRUE,Number of records,NA,2020-01-01 to 2020-12-31,183786,8.06,NA,years,NA,29/12/2025,01/01/2012,event
Leeds Teaching Hospitals,observation,overall,Number of records,NA,2020-01-01 to 2020-12-31,67007,5.86,NA,years,NA,29/12/2025,01/01/2012,event
Leeds Teaching Hospitals,observation,TRUE,Number of records,NA,2020-01-01 to 2020-12-31,67007,5.86,NA,years,NA,29/12/2025,01/01/2012,event
Leeds Teaching Hospitals,death,overall,Number of records,NA,2020-01-01 to 2020-12-31,23956,8.4,NA,years,NA,29/12/2025,01/01/2012,event
Leeds Teaching Hospitals,death,TRUE,Number of records,NA,2020-01-01 to 2020-12-31,23956,8.4,NA,years,NA,29/12/2025,01/01/2012,event
Leeds Teaching Hospitals,drug_era,overall,Number of records,NA,2020-01-01 to 2020-12-31,172012,9.52,NA,years,NA,29/12/2025,01/01/2012,event
Leeds Teaching Hospitals,drug_era,TRUE,Number of records,NA,2020-01-01 to 2020-12-31,172012,9.52,NA,years,NA,29/12/2025,01/01/2012,event
Leeds Teaching Hospitals,visit_occurrence,overall,Number of records,NA,2021-01-01 to 2021-12-31,1472735,6.54,NA,years,NA,29/12/2025,01/01/2012,event
Leeds Teaching Hospitals,visit_occurrence,TRUE,Number of records,NA,2021-01-01 to 2021-12-31,1472735,6.54,NA,years,NA,29/12/2025,01/01/2012,event
Leeds Teaching Hospitals,condition_occurrence,overall,Number of records,NA,2021-01-01 to 2021-12-31,417862,7.25,NA,years,NA,29/12/2025,01/01/2012,event
Leeds Teaching Hospitals,condition_occurrence,TRUE,Number of records,NA,2021-01-01 to 2021-12-31,417862,7.25,NA,years,NA,29/12/2025,01/01/2012,event
Leeds Teaching Hospitals,drug_exposure,overall,Number of records,NA,2021-01-01 to 2021-12-31,674819,10.38,NA,years,NA,29/12/2025,01/01/2012,event
Leeds Teaching Hospitals,drug_exposure,TRUE,Number of records,NA,2021-01-01 to 2021-12-31,674819,10.38,NA,years,NA,29/12/2025,01/01/2012,event
Leeds Teaching Hospitals,procedure_occurrence,overall,Number of records,NA,2021-01-01 to 2021-12-31,93479,5.53,NA,years,NA,29/12/2025,01/01/2012,event
Leeds Teaching Hospitals,procedure_occurrence,TRUE,Number of records,NA,2021-01-01 to 2021-12-31,93479,5.53,NA,years,NA,29/12/2025,01/01/2012,event
Leeds Teaching Hospitals,measurement,overall,Number of records,NA,2021-01-01 to 2021-12-31,190181,8.34,NA,years,NA,29/12/2025,01/01/2012,event
Leeds Teaching Hospitals,measurement,TRUE,Number of records,NA,2021-01-01 to 2021-12-31,190181,8.34,NA,years,NA,29/12/2025,01/01/2012,event
Leeds Teaching Hospitals,observation,overall,Number of records,NA,2021-01-01 to 2021-12-31,79497,6.96,NA,years,NA,29/12/2025,01/01/2012,event
Leeds Teaching Hospitals,observation,TRUE,Number of records,NA,2021-01-01 to 2021-12-31,79497,6.96,NA,years,NA,29/12/2025,01/01/2012,event
Leeds Teaching Hospitals,death,overall,Number of records,NA,2021-01-01 to 2021-12-31,23145,8.12,NA,years,NA,29/12/2025,01/01/2012,event
Leeds Teaching Hospitals,death,TRUE,Number of records,NA,2021-01-01 to 2021-12-31,23145,8.12,NA,years,NA,29/12/2025,01/01/2012,event
Leeds Teaching Hospitals,drug_era,overall,Number of records,NA,2021-01-01 to 2021-12-31,193215,10.69,NA,years,NA,29/12/2025,01/01/2012,event
Leeds Teaching Hospitals,drug_era,TRUE,Number of records,NA,2021-01-01 to 2021-12-31,193215,10.69,NA,years,NA,29/12/2025,01/01/2012,event
Leeds Teaching Hospitals,visit_occurrence,overall,Number of records,NA,2022-01-01 to 2022-12-31,1481320,6.58,NA,years,NA,29/12/2025,01/01/2012,event
Leeds Teaching Hospitals,visit_occurrence,TRUE,Number of records,NA,2022-01-01 to 2022-12-31,1481320,6.58,NA,years,NA,29/12/2025,01/01/2012,event
Leeds Teaching Hospitals,condition_occurrence,overall,Number of records,NA,2022-01-01 to 2022-12-31,399389,6.92,NA,years,NA,29/12/2025,01/01/2012,event
Leeds Teaching Hospitals,condition_occurrence,TRUE,Number of records,NA,2022-01-01 to 2022-12-31,399389,6.92,NA,years,NA,29/12/2025,01/01/2012,event
Leeds Teaching Hospitals,drug_exposure,overall,Number of records,NA,2022-01-01 to 2022-12-31,765992,11.79,NA,years,NA,29/12/2025,01/01/2012,event
Leeds Teaching Hospitals,drug_exposure,TRUE,Number of records,NA,2022-01-01 to 2022-12-31,765992,11.79,NA,years,NA,29/12/2025,01/01/2012,event
Leeds Teaching Hospitals,procedure_occurrence,overall,Number of records,NA,2022-01-01 to 2022-12-31,97456,5.76,NA,years,NA,29/12/2025,01/01/2012,event
Leeds Teaching Hospitals,procedure_occurrence,TRUE,Number of records,NA,2022-01-01 to 2022-12-31,97456,5.76,NA,years,NA,29/12/2025,01/01/2012,event
Leeds Teaching Hospitals,measurement,overall,Number of records,NA,2022-01-01 to 2022-12-31,145358,6.38,NA,years,NA,29/12/2025,01/01/2012,event
Leeds Teaching Hospitals,measurement,TRUE,Number of records,NA,2022-01-01 to 2022-12-31,145358,6.38,NA,years,NA,29/12/2025,01/01/2012,event
Leeds Teaching Hospitals,observation,overall,Number of records,NA,2022-01-01 to 2022-12-31,84860,7.42,NA,years,NA,29/12/2025,01/01/2012,event
Leeds Teaching Hospitals,observation,TRUE,Number of records,NA,2022-01-01 to 2022-12-31,84860,7.42,NA,years,NA,29/12/2025,01/01/2012,event
Leeds Teaching Hospitals,death,overall,Number of records,NA,2022-01-01 to 2022-12-31,23875,8.37,NA,years,NA,29/12/2025,01/01/2012,event
Leeds Teaching Hospitals,death,TRUE,Number of records,NA,2022-01-01 to 2022-12-31,23875,8.37,NA,years,NA,29/12/2025,01/01/2012,event
Leeds Teaching Hospitals,drug_era,overall,Number of records,NA,2022-01-01 to 2022-12-31,212594,11.76,NA,years,NA,29/12/2025,01/01/2012,event
Leeds Teaching Hospitals,drug_era,TRUE,Number of records,NA,2022-01-01 to 2022-12-31,212594,11.76,NA,years,NA,29/12/2025,01/01/2012,event
Leeds Teaching Hospitals,visit_occurrence,overall,Number of records,NA,2023-01-01 to 2023-12-31,1540089,6.84,NA,years,NA,29/12/2025,01/01/2012,event
Leeds Teaching Hospitals,visit_occurrence,TRUE,Number of records,NA,2023-01-01 to 2023-12-31,1540089,6.84,NA,years,NA,29/12/2025,01/01/2012,event
Leeds Teaching Hospitals,condition_occurrence,overall,Number of records,NA,2023-01-01 to 2023-12-31,423640,7.35,NA,years,NA,29/12/2025,01/01/2012,event
Leeds Teaching Hospitals,condition_occurrence,TRUE,Number of records,NA,2023-01-01 to 2023-12-31,423640,7.35,NA,years,NA,29/12/2025,01/01/2012,event
Leeds Teaching Hospitals,drug_exposure,overall,Number of records,NA,2023-01-01 to 2023-12-31,802037,12.34,NA,years,NA,29/12/2025,01/01/2012,event
Leeds Teaching Hospitals,drug_exposure,TRUE,Number of records,NA,2023-01-01 to 2023-12-31,802037,12.34,NA,years,NA,29/12/2025,01/01/2012,event
Leeds Teaching Hospitals,procedure_occurrence,overall,Number of records,NA,2023-01-01 to 2023-12-31,99551,5.89,NA,years,NA,29/12/2025,01/01/2012,event
Leeds Teaching Hospitals,procedure_occurrence,TRUE,Number of records,NA,2023-01-01 to 2023-12-31,99551,5.89,NA,years,NA,29/12/2025,01/01/2012,event
Leeds Teaching Hospitals,measurement,overall,Number of records,NA,2023-01-01 to 2023-12-31,141475,6.21,NA,years,NA,29/12/2025,01/01/2012,event
Leeds Teaching Hospitals,measurement,TRUE,Number of records,NA,2023-01-01 to 2023-12-31,141475,6.21,NA,years,NA,29/12/2025,01/01/2012,event
Leeds Teaching Hospitals,observation,overall,Number of records,NA,2023-01-01 to 2023-12-31,99938,8.74,NA,years,NA,29/12/2025,01/01/2012,event
Leeds Teaching Hospitals,observation,TRUE,Number of records,NA,2023-01-01 to 2023-12-31,99938,8.74,NA,years,NA,29/12/2025,01/01/2012,event
Leeds Teaching Hospitals,death,overall,Number of records,NA,2023-01-01 to 2023-12-31,23668,8.3,NA,years,NA,29/12/2025,01/01/2012,event
Leeds Teaching Hospitals,death,TRUE,Number of records,NA,2023-01-01 to 2023-12-31,23668,8.3,NA,years,NA,29/12/2025,01/01/2012,event
Leeds Teaching Hospitals,drug_era,overall,Number of records,NA,2023-01-01 to 2023-12-31,219132,12.12,NA,years,NA,29/12/2025,01/01/2012,event
Leeds Teaching Hospitals,drug_era,TRUE,Number of records,NA,2023-01-01 to 2023-12-31,219132,12.12,NA,years,NA,29/12/2025,01/01/2012,event
Leeds Teaching Hospitals,visit_occurrence,overall,Number of records,NA,2024-01-01 to 2024-12-31,1443473,6.41,NA,years,NA,29/12/2025,01/01/2012,event
Leeds Teaching Hospitals,visit_occurrence,TRUE,Number of records,NA,2024-01-01 to 2024-12-31,1443473,6.41,NA,years,NA,29/12/2025,01/01/2012,event
Leeds Teaching Hospitals,condition_occurrence,overall,Number of records,NA,2024-01-01 to 2024-12-31,466766,8.09,NA,years,NA,29/12/2025,01/01/2012,event
Leeds Teaching Hospitals,condition_occurrence,TRUE,Number of records,NA,2024-01-01 to 2024-12-31,466766,8.09,NA,years,NA,29/12/2025,01/01/2012,event
Leeds Teaching Hospitals,drug_exposure,overall,Number of records,NA,2024-01-01 to 2024-12-31,839133,12.91,NA,years,NA,29/12/2025,01/01/2012,event
Leeds Teaching Hospitals,drug_exposure,TRUE,Number of records,NA,2024-01-01 to 2024-12-31,839133,12.91,NA,years,NA,29/12/2025,01/01/2012,event
Leeds Teaching Hospitals,procedure_occurrence,overall,Number of records,NA,2024-01-01 to 2024-12-31,109348,6.47,NA,years,NA,29/12/2025,01/01/2012,event
Leeds Teaching Hospitals,procedure_occurrence,TRUE,Number of records,NA,2024-01-01 to 2024-12-31,109348,6.47,NA,years,NA,29/12/2025,01/01/2012,event
Leeds Teaching Hospitals,measurement,overall,Number of records,NA,2024-01-01 to 2024-12-31,134656,5.91,NA,years,NA,29/12/2025,01/01/2012,event
Leeds Teaching Hospitals,measurement,TRUE,Number of records,NA,2024-01-01 to 2024-12-31,134656,5.91,NA,years,NA,29/12/2025,01/01/2012,event
Leeds Teaching Hospitals,observation,overall,Number of records,NA,2024-01-01 to 2024-12-31,114908,10.05,NA,years,NA,29/12/2025,01/01/2012,event
Leeds Teaching Hospitals,observation,TRUE,Number of records,NA,2024-01-01 to 2024-12-31,114908,10.05,NA,years,NA,29/12/2025,01/01/2012,event
Leeds Teaching Hospitals,death,overall,Number of records,NA,2024-01-01 to 2024-12-31,24248,8.5,NA,years,NA,29/12/2025,01/01/2012,event
Leeds Teaching Hospitals,death,TRUE,Number of records,NA,2024-01-01 to 2024-12-31,24248,8.5,NA,years,NA,29/12/2025,01/01/2012,event
Leeds Teaching Hospitals,drug_era,overall,Number of records,NA,2024-01-01 to 2024-12-31,228554,12.64,NA,years,NA,29/12/2025,01/01/2012,event
Leeds Teaching Hospitals,drug_era,TRUE,Number of records,NA,2024-01-01 to 2024-12-31,228554,12.64,NA,years,NA,29/12/2025,01/01/2012,event
Leeds Teaching Hospitals,visit_occurrence,overall,Number of records,NA,2025-01-01 to 2025-12-31,756863,3.36,NA,years,NA,29/12/2025,01/01/2012,event
Leeds Teaching Hospitals,visit_occurrence,TRUE,Number of records,NA,2025-01-01 to 2025-12-31,756863,3.36,NA,years,NA,29/12/2025,01/01/2012,event
Leeds Teaching Hospitals,condition_occurrence,overall,Number of records,NA,2025-01-01 to 2025-12-31,473299,8.21,NA,years,NA,29/12/2025,01/01/2012,event
Leeds Teaching Hospitals,condition_occurrence,TRUE,Number of records,NA,2025-01-01 to 2025-12-31,473299,8.21,NA,years,NA,29/12/2025,01/01/2012,event
Leeds Teaching Hospitals,drug_exposure,overall,Number of records,NA,2025-01-01 to 2025-12-31,847528,13.04,NA,years,NA,29/12/2025,01/01/2012,event
Leeds Teaching Hospitals,drug_exposure,TRUE,Number of records,NA,2025-01-01 to 2025-12-31,847528,13.04,NA,years,NA,29/12/2025,01/01/2012,event
Leeds Teaching Hospitals,procedure_occurrence,overall,Number of records,NA,2025-01-01 to 2025-12-31,110067,6.51,NA,years,NA,29/12/2025,01/01/2012,event
Leeds Teaching Hospitals,procedure_occurrence,TRUE,Number of records,NA,2025-01-01 to 2025-12-31,110067,6.51,NA,years,NA,29/12/2025,01/01/2012,event
Leeds Teaching Hospitals,measurement,overall,Number of records,NA,2025-01-01 to 2025-12-31,133697,5.86,NA,years,NA,29/12/2025,01/01/2012,event
Leeds Teaching Hospitals,measurement,TRUE,Number of records,NA,2025-01-01 to 2025-12-31,133697,5.86,NA,years,NA,29/12/2025,01/01/2012,event
Leeds Teaching Hospitals,observation,overall,Number of records,NA,2025-01-01 to 2025-12-31,121423,10.62,NA,years,NA,29/12/2025,01/01/2012,event
Leeds Teaching Hospitals,observation,TRUE,Number of records,NA,2025-01-01 to 2025-12-31,121423,10.62,NA,years,NA,29/12/2025,01/01/2012,event
Leeds Teaching Hospitals,death,overall,Number of records,NA,2025-01-01 to 2025-12-31,23675,8.3,NA,years,NA,29/12/2025,01/01/2012,event
Leeds Teaching Hospitals,death,TRUE,Number of records,NA,2025-01-01 to 2025-12-31,23675,8.3,NA,years,NA,29/12/2025,01/01/2012,event
Leeds Teaching Hospitals,drug_era,overall,Number of records,NA,2025-01-01 to 2025-12-31,231518,12.81,NA,years,NA,29/12/2025,01/01/2012,event
Leeds Teaching Hospitals,drug_era,TRUE,Number of records,NA,2025-01-01 to 2025-12-31,231518,12.81,NA,years,NA,29/12/2025,01/01/2012,event
Leeds Teaching Hospitals,visit_occurrence,overall,Number of records,NA,overall,22512169,100,NA,years,NA,29/12/2025,01/01/2012,event
Leeds Teaching Hospitals,visit_occurrence,TRUE,Number of records,NA,overall,22512169,100,NA,years,NA,29/12/2025,01/01/2012,event
Leeds Teaching Hospitals,condition_occurrence,overall,Number of records,NA,overall,5767403,100,NA,years,NA,29/12/2025,01/01/2012,event
Leeds Teaching Hospitals,condition_occurrence,TRUE,Number of records,NA,overall,5767403,100,NA,years,NA,29/12/2025,01/01/2012,event
Leeds Teaching Hospitals,drug_exposure,overall,Number of records,NA,overall,6498345,100,NA,years,NA,29/12/2025,01/01/2012,event
Leeds Teaching Hospitals,drug_exposure,TRUE,Number of records,NA,overall,6498345,100,NA,years,NA,29/12/2025,01/01/2012,event
Leeds Teaching Hospitals,procedure_occurrence,overall,Number of records,NA,overall,1690966,100,NA,years,NA,29/12/2025,01/01/2012,event
Leeds Teaching Hospitals,procedure_occurrence,TRUE,Number of records,NA,overall,1690966,100,NA,years,NA,29/12/2025,01/01/2012,event
Leeds Teaching Hospitals,measurement,overall,Number of records,NA,overall,2279973,100,NA,years,NA,29/12/2025,01/01/2012,event
Leeds Teaching Hospitals,measurement,TRUE,Number of records,NA,overall,2279973,100,NA,years,NA,29/12/2025,01/01/2012,event
Leeds Teaching Hospitals,observation,overall,Number of records,NA,overall,1143008,100,NA,years,NA,29/12/2025,01/01/2012,event
Leeds Teaching Hospitals,observation,TRUE,Number of records,NA,overall,1143008,100,NA,years,NA,29/12/2025,01/01/2012,event
Leeds Teaching Hospitals,death,overall,Number of records,NA,overall,285134,100,NA,years,NA,29/12/2025,01/01/2012,event
Leeds Teaching Hospitals,death,TRUE,Number of records,NA,overall,285134,100,NA,years,NA,29/12/2025,01/01/2012,event
Leeds Teaching Hospitals,drug_era,overall,Number of records,NA,overall,1807729,100,NA,years,NA,29/12/2025,01/01/2012,event
Leeds Teaching Hospitals,drug_era,TRUE,Number of records,NA,overall,1807729,100,NA,years,NA,29/12/2025,01/01/2012,event
Leeds Teaching Hospitals,observation_period,overall,Number of records,NA,2012-01-01 to 2012-12-31,698015,56.75,NA,years,First to extract,29/12/2025,01/01/2012,episode
Leeds Teaching Hospitals,observation_period,overall,Number of subjects,NA,2012-01-01 to 2012-12-31,698015,44.9,NA,years,First to extract,29/12/2025,01/01/2012,episode
Leeds Teaching Hospitals,observation_period,overall,Age,NA,2012-01-01 to 2012-12-31,NA,NA,40,years,First to extract,29/12/2025,01/01/2012,episode
Leeds Teaching Hospitals,observation_period,overall,Person-days,NA,2012-01-01 to 2012-12-31,244623656,5.54,NA,years,First to extract,29/12/2025,01/01/2012,episode
Leeds Teaching Hospitals,observation_period,overall,Number of records,NA,2013-01-01 to 2013-12-31,731445,59.47,NA,years,First to extract,29/12/2025,01/01/2012,episode
Leeds Teaching Hospitals,observation_period,overall,Number of subjects,NA,2013-01-01 to 2013-12-31,731445,47.06,NA,years,First to extract,29/12/2025,01/01/2012,episode
Leeds Teaching Hospitals,observation_period,overall,Age,NA,2013-01-01 to 2013-12-31,NA,NA,41,years,First to extract,29/12/2025,01/01/2012,episode
Leeds Teaching Hospitals,observation_period,overall,Person-days,NA,2013-01-01 to 2013-12-31,256567116,5.81,NA,years,First to extract,29/12/2025,01/01/2012,episode
Leeds Teaching Hospitals,observation_period,overall,Number of records,NA,2014-01-01 to 2014-12-31,765570,62.24,NA,years,First to extract,29/12/2025,01/01/2012,episode
Leeds Teaching Hospitals,observation_period,overall,Number of subjects,NA,2014-01-01 to 2014-12-31,765570,49.25,NA,years,First to extract,29/12/2025,01/01/2012,episode
Leeds Teaching Hospitals,observation_period,overall,Age,NA,2014-01-01 to 2014-12-31,NA,NA,41,years,First to extract,29/12/2025,01/01/2012,episode
Leeds Teaching Hospitals,observation_period,overall,Person-days,NA,2014-01-01 to 2014-12-31,269290935,6.09,NA,years,First to extract,29/12/2025,01/01/2012,episode
Leeds Teaching Hospitals,observation_period,overall,Number of records,NA,2015-01-01 to 2015-12-31,800350,65.07,NA,years,First to extract,29/12/2025,01/01/2012,episode
Leeds Teaching Hospitals,observation_period,overall,Number of subjects,NA,2015-01-01 to 2015-12-31,800350,51.49,NA,years,First to extract,29/12/2025,01/01/2012,episode
Leeds Teaching Hospitals,observation_period,overall,Age,NA,2015-01-01 to 2015-12-31,NA,NA,41,years,First to extract,29/12/2025,01/01/2012,episode
Leeds Teaching Hospitals,observation_period,overall,Person-days,NA,2015-01-01 to 2015-12-31,281528510,6.37,NA,years,First to extract,29/12/2025,01/01/2012,episode
Leeds Teaching Hospitals,observation_period,overall,Number of records,NA,2016-01-01 to 2016-12-31,834580,67.85,NA,years,First to extract,29/12/2025,01/01/2012,episode
Leeds Teaching Hospitals,observation_period,overall,Number of subjects,NA,2016-01-01 to 2016-12-31,834580,53.69,NA,years,First to extract,29/12/2025,01/01/2012,episode
Leeds Teaching Hospitals,observation_period,overall,Age,NA,2016-01-01 to 2016-12-31,NA,NA,41,years,First to extract,29/12/2025,01/01/2012,episode
Leeds Teaching Hospitals,observation_period,overall,Person-days,NA,2016-01-01 to 2016-12-31,294569421,6.67,NA,years,First to extract,29/12/2025,01/01/2012,episode
Leeds Teaching Hospitals,observation_period,overall,Number of records,NA,2017-01-01 to 2017-12-31,865862,70.4,NA,years,First to extract,29/12/2025,01/01/2012,episode
Leeds Teaching Hospitals,observation_period,overall,Number of subjects,NA,2017-01-01 to 2017-12-31,865862,55.7,NA,years,First to extract,29/12/2025,01/01/2012,episode
Leeds Teaching Hospitals,observation_period,overall,Age,NA,2017-01-01 to 2017-12-31,NA,NA,41,years,First to extract,29/12/2025,01/01/2012,episode
Leeds Teaching Hospitals,observation_period,overall,Person-days,NA,2017-01-01 to 2017-12-31,305569262,6.92,NA,years,First to extract,29/12/2025,01/01/2012,episode
Leeds Teaching Hospitals,observation_period,overall,Number of records,NA,2018-01-01 to 2018-12-31,895734,72.82,NA,years,First to extract,29/12/2025,01/01/2012,episode
Leeds Teaching Hospitals,observation_period,overall,Number of subjects,NA,2018-01-01 to 2018-12-31,895734,57.62,NA,years,First to extract,29/12/2025,01/01/2012,episode
Leeds Teaching Hospitals,observation_period,overall,Age,NA,2018-01-01 to 2018-12-31,NA,NA,41,years,First to extract,29/12/2025,01/01/2012,episode
Leeds Teaching Hospitals,observation_period,overall,Person-days,NA,2018-01-01 to 2018-12-31,316431390,7.16,NA,years,First to extract,29/12/2025,01/01/2012,episode
Leeds Teaching Hospitals,observation_period,overall,Number of records,NA,2019-01-01 to 2019-12-31,923863,75.11,NA,years,First to extract,29/12/2025,01/01/2012,episode
Leeds Teaching Hospitals,observation_period,overall,Number of subjects,NA,2019-01-01 to 2019-12-31,923863,59.43,NA,years,First to extract,29/12/2025,01/01/2012,episode
Leeds Teaching Hospitals,observation_period,overall,Age,NA,2019-01-01 to 2019-12-31,NA,NA,41,years,First to extract,29/12/2025,01/01/2012,episode
Leeds Teaching Hospitals,observation_period,overall,Person-days,NA,2019-01-01 to 2019-12-31,326944396,7.4,NA,years,First to extract,29/12/2025,01/01/2012,episode
Leeds Teaching Hospitals,observation_period,overall,Number of records,NA,2020-01-01 to 2020-12-31,942198,76.6,NA,years,First to extract,29/12/2025,01/01/2012,episode
Leeds Teaching Hospitals,observation_period,overall,Number of subjects,NA,2020-01-01 to 2020-12-31,942198,60.61,NA,years,First to extract,29/12/2025,01/01/2012,episode
Leeds Teaching Hospitals,observation_period,overall,Age,NA,2020-01-01 to 2020-12-31,NA,NA,41,years,First to extract,29/12/2025,01/01/2012,episode
Leeds Teaching Hospitals,observation_period,overall,Person-days,NA,2020-01-01 to 2020-12-31,336120529,7.61,NA,years,First to extract,29/12/2025,01/01/2012,episode
Leeds Teaching Hospitals,observation_period,overall,Number of records,NA,2021-01-01 to 2021-12-31,962176,78.23,NA,years,First to extract,29/12/2025,01/01/2012,episode
Leeds Teaching Hospitals,observation_period,overall,Number of subjects,NA,2021-01-01 to 2021-12-31,962176,61.9,NA,years,First to extract,29/12/2025,01/01/2012,episode
Leeds Teaching Hospitals,observation_period,overall,Age,NA,2021-01-01 to 2021-12-31,NA,NA,41,years,First to extract,29/12/2025,01/01/2012,episode
Leeds Teaching Hospitals,observation_period,overall,Person-days,NA,2021-01-01 to 2021-12-31,341760396,7.73,NA,years,First to extract,29/12/2025,01/01/2012,episode
Leeds Teaching Hospitals,observation_period,overall,Number of records,NA,2022-01-01 to 2022-12-31,983692,79.98,NA,years,First to extract,29/12/2025,01/01/2012,episode
Leeds Teaching Hospitals,observation_period,overall,Number of subjects,NA,2022-01-01 to 2022-12-31,983692,63.28,NA,years,First to extract,29/12/2025,01/01/2012,episode
Leeds Teaching Hospitals,observation_period,overall,Age,NA,2022-01-01 to 2022-12-31,NA,NA,41,years,First to extract,29/12/2025,01/01/2012,episode
Leeds Teaching Hospitals,observation_period,overall,Person-days,NA,2022-01-01 to 2022-12-31,349430562,7.91,NA,years,First to extract,29/12/2025,01/01/2012,episode
Leeds Teaching Hospitals,observation_period,overall,Number of records,NA,2023-01-01 to 2023-12-31,1006022,81.79,NA,years,First to extract,29/12/2025,01/01/2012,episode
Leeds Teaching Hospitals,observation_period,overall,Number of subjects,NA,2023-01-01 to 2023-12-31,1006022,64.72,NA,years,First to extract,29/12/2025,01/01/2012,episode
Leeds Teaching Hospitals,observation_period,overall,Age,NA,2023-01-01 to 2023-12-31,NA,NA,42,years,First to extract,29/12/2025,01/01/2012,episode
Leeds Teaching Hospitals,observation_period,overall,Person-days,NA,2023-01-01 to 2023-12-31,357363598,8.09,NA,years,First to extract,29/12/2025,01/01/2012,episode
Leeds Teaching Hospitals,observation_period,overall,Number of records,NA,2024-01-01 to 2024-12-31,1028549,83.62,NA,years,First to extract,29/12/2025,01/01/2012,episode
Leeds Teaching Hospitals,observation_period,overall,Number of subjects,NA,2024-01-01 to 2024-12-31,1028549,66.17,NA,years,First to extract,29/12/2025,01/01/2012,episode
Leeds Teaching Hospitals,observation_period,overall,Age,NA,2024-01-01 to 2024-12-31,NA,NA,42,years,First to extract,29/12/2025,01/01/2012,episode
Leeds Teaching Hospitals,observation_period,overall,Person-days,NA,2024-01-01 to 2024-12-31,366715486,8.3,NA,years,First to extract,29/12/2025,01/01/2012,episode
Leeds Teaching Hospitals,observation_period,overall,Number of records,NA,2025-01-01 to 2025-12-31,1050547,85.41,NA,years,First to extract,29/12/2025,01/01/2012,episode
Leeds Teaching Hospitals,observation_period,overall,Number of subjects,NA,2025-01-01 to 2025-12-31,1050547,67.58,NA,years,First to extract,29/12/2025,01/01/2012,episode
Leeds Teaching Hospitals,observation_period,overall,Age,NA,2025-01-01 to 2025-12-31,NA,NA,42,years,First to extract,29/12/2025,01/01/2012,episode
Leeds Teaching Hospitals,observation_period,overall,Person-days,NA,2025-01-01 to 2025-12-31,371904466,8.42,NA,years,First to extract,29/12/2025,01/01/2012,episode
Leeds Teaching Hospitals,observation_period,overall,Number of records,NA,overall,1229989,100,NA,years,First to extract,29/12/2025,01/01/2012,episode
Leeds Teaching Hospitals,observation_period,overall,Number of subjects,NA,overall,1229989,79.13,NA,years,First to extract,29/12/2025,01/01/2012,episode
Leeds Teaching Hospitals,observation_period,overall,Age,NA,overall,NA,NA,37,years,First to extract,29/12/2025,01/01/2012,episode
Leeds Teaching Hospitals,observation_period,overall,Person-days,NA,overall,NA,100,NA,years,First to extract,29/12/2025,01/01/2012,episode
Leeds Teaching Hospitals,observation_period,overall,Number of records,NA,2012-01-01 to 2012-12-31,375330,41.37,NA,years,First to last,29/12/2025,01/01/2012,episode
Leeds Teaching Hospitals,observation_period,overall,Number of subjects,NA,2012-01-01 to 2012-12-31,375330,24.15,NA,years,First to last,29/12/2025,01/01/2012,episode
Leeds Teaching Hospitals,observation_period,overall,Age,NA,2012-01-01 to 2012-12-31,NA,NA,48,years,First to last,29/12/2025,01/01/2012,episode
Leeds Teaching Hospitals,observation_period,overall,Person-days,NA,2012-01-01 to 2012-12-31,120274332,9.45,NA,years,First to last,29/12/2025,01/01/2012,episode
Leeds Teaching Hospitals,observation_period,overall,Number of records,NA,2013-01-01 to 2013-12-31,374487,41.27,NA,years,First to last,29/12/2025,01/01/2012,episode
Leeds Teaching Hospitals,observation_period,overall,Number of subjects,NA,2013-01-01 to 2013-12-31,374487,24.09,NA,years,First to last,29/12/2025,01/01/2012,episode
Leeds Teaching Hospitals,observation_period,overall,Age,NA,2013-01-01 to 2013-12-31,NA,NA,48,years,First to last,29/12/2025,01/01/2012,episode
Leeds Teaching Hospitals,observation_period,overall,Person-days,NA,2013-01-01 to 2013-12-31,120000076,9.43,NA,years,First to last,29/12/2025,01/01/2012,episode
Leeds Teaching Hospitals,observation_period,overall,Number of records,NA,2014-01-01 to 2014-12-31,373098,41.12,NA,years,First to last,29/12/2025,01/01/2012,episode
Leeds Teaching Hospitals,observation_period,overall,Number of subjects,NA,2014-01-01 to 2014-12-31,373098,24,NA,years,First to last,29/12/2025,01/01/2012,episode
Leeds Teaching Hospitals,observation_period,overall,Age,NA,2014-01-01 to 2014-12-31,NA,NA,49,years,First to last,29/12/2025,01/01/2012,episode
Leeds Teaching Hospitals,observation_period,overall,Person-days,NA,2014-01-01 to 2014-12-31,119085416,9.36,NA,years,First to last,29/12/2025,01/01/2012,episode
Leeds Teaching Hospitals,observation_period,overall,Number of records,NA,2015-01-01 to 2015-12-31,369487,40.72,NA,years,First to last,29/12/2025,01/01/2012,episode
Leeds Teaching Hospitals,observation_period,overall,Number of subjects,NA,2015-01-01 to 2015-12-31,369487,23.77,NA,years,First to last,29/12/2025,01/01/2012,episode
Leeds Teaching Hospitals,observation_period,overall,Age,NA,2015-01-01 to 2015-12-31,NA,NA,49,years,First to last,29/12/2025,01/01/2012,episode
Leeds Teaching Hospitals,observation_period,overall,Person-days,NA,2015-01-01 to 2015-12-31,117262541,9.21,NA,years,First to last,29/12/2025,01/01/2012,episode
Leeds Teaching Hospitals,observation_period,overall,Number of records,NA,2016-01-01 to 2016-12-31,364168,40.14,NA,years,First to last,29/12/2025,01/01/2012,episode
Leeds Teaching Hospitals,observation_period,overall,Number of subjects,NA,2016-01-01 to 2016-12-31,364168,23.43,NA,years,First to last,29/12/2025,01/01/2012,episode
Leeds Teaching Hospitals,observation_period,overall,Age,NA,2016-01-01 to 2016-12-31,NA,NA,50,years,First to last,29/12/2025,01/01/2012,episode
Leeds Teaching Hospitals,observation_period,overall,Person-days,NA,2016-01-01 to 2016-12-31,114513751,9,NA,years,First to last,29/12/2025,01/01/2012,episode
Leeds Teaching Hospitals,observation_period,overall,Number of records,NA,2017-01-01 to 2017-12-31,351782,38.77,NA,years,First to last,29/12/2025,01/01/2012,episode
Leeds Teaching Hospitals,observation_period,overall,Number of subjects,NA,2017-01-01 to 2017-12-31,351782,22.63,NA,years,First to last,29/12/2025,01/01/2012,episode
Leeds Teaching Hospitals,observation_period,overall,Age,NA,2017-01-01 to 2017-12-31,NA,NA,50,years,First to last,29/12/2025,01/01/2012,episode
Leeds Teaching Hospitals,observation_period,overall,Person-days,NA,2017-01-01 to 2017-12-31,109766145,8.62,NA,years,First to last,29/12/2025,01/01/2012,episode
Leeds Teaching Hospitals,observation_period,overall,Number of records,NA,2018-01-01 to 2018-12-31,336903,37.13,NA,years,First to last,29/12/2025,01/01/2012,episode
Leeds Teaching Hospitals,observation_period,overall,Number of subjects,NA,2018-01-01 to 2018-12-31,336903,21.67,NA,years,First to last,29/12/2025,01/01/2012,episode
Leeds Teaching Hospitals,observation_period,overall,Age,NA,2018-01-01 to 2018-12-31,NA,NA,51,years,First to last,29/12/2025,01/01/2012,episode
Leeds Teaching Hospitals,observation_period,overall,Person-days,NA,2018-01-01 to 2018-12-31,104200897,8.19,NA,years,First to last,29/12/2025,01/01/2012,episode
Leeds Teaching Hospitals,observation_period,overall,Number of records,NA,2019-01-01 to 2019-12-31,318987,35.16,NA,years,First to last,29/12/2025,01/01/2012,episode
Leeds Teaching Hospitals,observation_period,overall,Number of subjects,NA,2019-01-01 to 2019-12-31,318987,20.52,NA,years,First to last,29/12/2025,01/01/2012,episode
Leeds Teaching Hospitals,observation_period,overall,Age,NA,2019-01-01 to 2019-12-31,NA,NA,52,years,First to last,29/12/2025,01/01/2012,episode
Leeds Teaching Hospitals,observation_period,overall,Person-days,NA,2019-01-01 to 2019-12-31,97473322,7.66,NA,years,First to last,29/12/2025,01/01/2012,episode
Leeds Teaching Hospitals,observation_period,overall,Number of records,NA,2020-01-01 to 2020-12-31,288752,31.83,NA,years,First to last,29/12/2025,01/01/2012,episode
Leeds Teaching Hospitals,observation_period,overall,Number of subjects,NA,2020-01-01 to 2020-12-31,288752,18.58,NA,years,First to last,29/12/2025,01/01/2012,episode
Leeds Teaching Hospitals,observation_period,overall,Age,NA,2020-01-01 to 2020-12-31,NA,NA,53,years,First to last,29/12/2025,01/01/2012,episode
Leeds Teaching Hospitals,observation_period,overall,Person-days,NA,2020-01-01 to 2020-12-31,90398204,7.1,NA,years,First to last,29/12/2025,01/01/2012,episode
Leeds Teaching Hospitals,observation_period,overall,Number of records,NA,2021-01-01 to 2021-12-31,274021,30.2,NA,years,First to last,29/12/2025,01/01/2012,episode
Leeds Teaching Hospitals,observation_period,overall,Number of subjects,NA,2021-01-01 to 2021-12-31,274021,17.63,NA,years,First to last,29/12/2025,01/01/2012,episode
Leeds Teaching Hospitals,observation_period,overall,Age,NA,2021-01-01 to 2021-12-31,NA,NA,54,years,First to last,29/12/2025,01/01/2012,episode
Leeds Teaching Hospitals,observation_period,overall,Person-days,NA,2021-01-01 to 2021-12-31,83314986,6.55,NA,years,First to last,29/12/2025,01/01/2012,episode
Leeds Teaching Hospitals,observation_period,overall,Number of records,NA,2022-01-01 to 2022-12-31,253294,27.92,NA,years,First to last,29/12/2025,01/01/2012,episode
Leeds Teaching Hospitals,observation_period,overall,Number of subjects,NA,2022-01-01 to 2022-12-31,253294,16.29,NA,years,First to last,29/12/2025,01/01/2012,episode
Leeds Teaching Hospitals,observation_period,overall,Age,NA,2022-01-01 to 2022-12-31,NA,NA,54,years,First to last,29/12/2025,01/01/2012,episode
Leeds Teaching Hospitals,observation_period,overall,Person-days,NA,2022-01-01 to 2022-12-31,74280253,5.84,NA,years,First to last,29/12/2025,01/01/2012,episode
Leeds Teaching Hospitals,observation_period,overall,Number of records,NA,2023-01-01 to 2023-12-31,227199,25.04,NA,years,First to last,29/12/2025,01/01/2012,episode
Leeds Teaching Hospitals,observation_period,overall,Number of subjects,NA,2023-01-01 to 2023-12-31,227199,14.62,NA,years,First to last,29/12/2025,01/01/2012,episode
Leeds Teaching Hospitals,observation_period,overall,Age,NA,2023-01-01 to 2023-12-31,NA,NA,55,years,First to last,29/12/2025,01/01/2012,episode
Leeds Teaching Hospitals,observation_period,overall,Person-days,NA,2023-01-01 to 2023-12-31,62194642,4.89,NA,years,First to last,29/12/2025,01/01/2012,episode
Leeds Teaching Hospitals,observation_period,overall,Number of records,NA,2024-01-01 to 2024-12-31,185205,20.41,NA,years,First to last,29/12/2025,01/01/2012,episode
Leeds Teaching Hospitals,observation_period,overall,Number of subjects,NA,2024-01-01 to 2024-12-31,185205,11.91,NA,years,First to last,29/12/2025,01/01/2012,episode
Leeds Teaching Hospitals,observation_period,overall,Age,NA,2024-01-01 to 2024-12-31,NA,NA,54,years,First to last,29/12/2025,01/01/2012,episode
Leeds Teaching Hospitals,observation_period,overall,Person-days,NA,2024-01-01 to 2024-12-31,41764996,3.28,NA,years,First to last,29/12/2025,01/01/2012,episode
Leeds Teaching Hospitals,observation_period,overall,Number of records,NA,2025-01-01 to 2025-12-31,123799,13.64,NA,years,First to last,29/12/2025,01/01/2012,episode
Leeds Teaching Hospitals,observation_period,overall,Number of subjects,NA,2025-01-01 to 2025-12-31,123799,7.96,NA,years,First to last,29/12/2025,01/01/2012,episode
Leeds Teaching Hospitals,observation_period,overall,Age,NA,2025-01-01 to 2025-12-31,NA,NA,51,years,First to last,29/12/2025,01/01/2012,episode
Leeds Teaching Hospitals,observation_period,overall,Person-days,NA,2025-01-01 to 2025-12-31,18381965,1.44,NA,years,First to last,29/12/2025,01/01/2012,episode
Leeds Teaching Hospitals,observation_period,overall,Number of records,NA,overall,907304,100,NA,years,First to last,29/12/2025,01/01/2012,episode
Leeds Teaching Hospitals,observation_period,overall,Number of subjects,NA,overall,907304,58.37,NA,years,First to last,29/12/2025,01/01/2012,episode
Leeds Teaching Hospitals,observation_period,overall,Age,NA,overall,NA,NA,40,years,First to last,29/12/2025,01/01/2012,episode
Leeds Teaching Hospitals,observation_period,overall,Person-days,NA,overall,1272911526,100,NA,years,First to last,29/12/2025,01/01/2012,episode
Leeds Teaching Hospitals,observation_period,overall,Number of records,NA,2012-01-01 to 2012-12-31,314713,10.45,NA,years,Ongoing,29/12/2025,01/01/2012,episode
Leeds Teaching Hospitals,observation_period,overall,Number of subjects,NA,2012-01-01 to 2012-12-31,207087,13.32,NA,years,Ongoing,29/12/2025,01/01/2012,episode
Leeds Teaching Hospitals,observation_period,overall,Age,NA,2012-01-01 to 2012-12-31,NA,NA,59,years,Ongoing,29/12/2025,01/01/2012,episode
Leeds Teaching Hospitals,observation_period,overall,Person-days,NA,2012-01-01 to 2012-12-31,35406069,8.25,NA,years,Ongoing,29/12/2025,01/01/2012,episode
Leeds Teaching Hospitals,observation_period,overall,Number of records,NA,2013-01-01 to 2013-12-31,311336,10.33,NA,years,Ongoing,29/12/2025,01/01/2012,episode
Leeds Teaching Hospitals,observation_period,overall,Number of subjects,NA,2013-01-01 to 2013-12-31,207347,13.34,NA,years,Ongoing,29/12/2025,01/01/2012,episode
Leeds Teaching Hospitals,observation_period,overall,Age,NA,2013-01-01 to 2013-12-31,NA,NA,60,years,Ongoing,29/12/2025,01/01/2012,episode
Leeds Teaching Hospitals,observation_period,overall,Person-days,NA,2013-01-01 to 2013-12-31,36869221,8.59,NA,years,Ongoing,29/12/2025,01/01/2012,episode
Leeds Teaching Hospitals,observation_period,overall,Number of records,NA,2014-01-01 to 2014-12-31,316965,10.52,NA,years,Ongoing,29/12/2025,01/01/2012,episode
Leeds Teaching Hospitals,observation_period,overall,Number of subjects,NA,2014-01-01 to 2014-12-31,210805,13.56,NA,years,Ongoing,29/12/2025,01/01/2012,episode
Leeds Teaching Hospitals,observation_period,overall,Age,NA,2014-01-01 to 2014-12-31,NA,NA,60,years,Ongoing,29/12/2025,01/01/2012,episode
Leeds Teaching Hospitals,observation_period,overall,Person-days,NA,2014-01-01 to 2014-12-31,37811402,8.81,NA,years,Ongoing,29/12/2025,01/01/2012,episode
Leeds Teaching Hospitals,observation_period,overall,Number of records,NA,2015-01-01 to 2015-12-31,325534,10.8,NA,years,Ongoing,29/12/2025,01/01/2012,episode
Leeds Teaching Hospitals,observation_period,overall,Number of subjects,NA,2015-01-01 to 2015-12-31,212985,13.7,NA,years,Ongoing,29/12/2025,01/01/2012,episode
Leeds Teaching Hospitals,observation_period,overall,Age,NA,2015-01-01 to 2015-12-31,NA,NA,60,years,Ongoing,29/12/2025,01/01/2012,episode
Leeds Teaching Hospitals,observation_period,overall,Person-days,NA,2015-01-01 to 2015-12-31,38114341,8.88,NA,years,Ongoing,29/12/2025,01/01/2012,episode
Leeds Teaching Hospitals,observation_period,overall,Number of records,NA,2016-01-01 to 2016-12-31,338694,11.24,NA,years,Ongoing,29/12/2025,01/01/2012,episode
Leeds Teaching Hospitals,observation_period,overall,Number of subjects,NA,2016-01-01 to 2016-12-31,216549,13.93,NA,years,Ongoing,29/12/2025,01/01/2012,episode
Leeds Teaching Hospitals,observation_period,overall,Age,NA,2016-01-01 to 2016-12-31,NA,NA,60,years,Ongoing,29/12/2025,01/01/2012,episode
Leeds Teaching Hospitals,observation_period,overall,Person-days,NA,2016-01-01 to 2016-12-31,37966810,8.84,NA,years,Ongoing,29/12/2025,01/01/2012,episode
Leeds Teaching Hospitals,observation_period,overall,Number of records,NA,2017-01-01 to 2017-12-31,333771,11.08,NA,years,Ongoing,29/12/2025,01/01/2012,episode
Leeds Teaching Hospitals,observation_period,overall,Number of subjects,NA,2017-01-01 to 2017-12-31,212007,13.64,NA,years,Ongoing,29/12/2025,01/01/2012,episode
Leeds Teaching Hospitals,observation_period,overall,Age,NA,2017-01-01 to 2017-12-31,NA,NA,60,years,Ongoing,29/12/2025,01/01/2012,episode
Leeds Teaching Hospitals,observation_period,overall,Person-days,NA,2017-01-01 to 2017-12-31,37281397,8.68,NA,years,Ongoing,29/12/2025,01/01/2012,episode
Leeds Teaching Hospitals,observation_period,overall,Number of records,NA,2018-01-01 to 2018-12-31,328774,10.91,NA,years,Ongoing,29/12/2025,01/01/2012,episode
Leeds Teaching Hospitals,observation_period,overall,Number of subjects,NA,2018-01-01 to 2018-12-31,207593,13.35,NA,years,Ongoing,29/12/2025,01/01/2012,episode
Leeds Teaching Hospitals,observation_period,overall,Age,NA,2018-01-01 to 2018-12-31,NA,NA,60,years,Ongoing,29/12/2025,01/01/2012,episode
Leeds Teaching Hospitals,observation_period,overall,Person-days,NA,2018-01-01 to 2018-12-31,36246538,8.44,NA,years,Ongoing,29/12/2025,01/01/2012,episode
Leeds Teaching Hospitals,observation_period,overall,Number of records,NA,2019-01-01 to 2019-12-31,322511,10.7,NA,years,Ongoing,29/12/2025,01/01/2012,episode
Leeds Teaching Hospitals,observation_period,overall,Number of subjects,NA,2019-01-01 to 2019-12-31,202446,13.02,NA,years,Ongoing,29/12/2025,01/01/2012,episode
Leeds Teaching Hospitals,observation_period,overall,Age,NA,2019-01-01 to 2019-12-31,NA,NA,61,years,Ongoing,29/12/2025,01/01/2012,episode
Leeds Teaching Hospitals,observation_period,overall,Person-days,NA,2019-01-01 to 2019-12-31,34410212,8.02,NA,years,Ongoing,29/12/2025,01/01/2012,episode
Leeds Teaching Hospitals,observation_period,overall,Number of records,NA,2020-01-01 to 2020-12-31,281493,9.34,NA,years,Ongoing,29/12/2025,01/01/2012,episode
Leeds Teaching Hospitals,observation_period,overall,Number of subjects,NA,2020-01-01 to 2020-12-31,175415,11.28,NA,years,Ongoing,29/12/2025,01/01/2012,episode
Leeds Teaching Hospitals,observation_period,overall,Age,NA,2020-01-01 to 2020-12-31,NA,NA,61,years,Ongoing,29/12/2025,01/01/2012,episode
Leeds Teaching Hospitals,observation_period,overall,Person-days,NA,2020-01-01 to 2020-12-31,32072450,7.47,NA,years,Ongoing,29/12/2025,01/01/2012,episode
Leeds Teaching Hospitals,observation_period,overall,Number of records,NA,2021-01-01 to 2021-12-31,301465,10.01,NA,years,Ongoing,29/12/2025,01/01/2012,episode
Leeds Teaching Hospitals,observation_period,overall,Number of subjects,NA,2021-01-01 to 2021-12-31,175817,11.31,NA,years,Ongoing,29/12/2025,01/01/2012,episode
Leeds Teaching Hospitals,observation_period,overall,Age,NA,2021-01-01 to 2021-12-31,NA,NA,62,years,Ongoing,29/12/2025,01/01/2012,episode
Leeds Teaching Hospitals,observation_period,overall,Person-days,NA,2021-01-01 to 2021-12-31,29749656,6.93,NA,years,Ongoing,29/12/2025,01/01/2012,episode
Leeds Teaching Hospitals,observation_period,overall,Number of records,NA,2022-01-01 to 2022-12-31,298245,9.9,NA,years,Ongoing,29/12/2025,01/01/2012,episode
Leeds Teaching Hospitals,observation_period,overall,Number of subjects,NA,2022-01-01 to 2022-12-31,172149,11.07,NA,years,Ongoing,29/12/2025,01/01/2012,episode
Leeds Teaching Hospitals,observation_period,overall,Age,NA,2022-01-01 to 2022-12-31,NA,NA,62,years,Ongoing,29/12/2025,01/01/2012,episode
Leeds Teaching Hospitals,observation_period,overall,Person-days,NA,2022-01-01 to 2022-12-31,26742545,6.23,NA,years,Ongoing,29/12/2025,01/01/2012,episode
Leeds Teaching Hospitals,observation_period,overall,Number of records,NA,2023-01-01 to 2023-12-31,297054,9.86,NA,years,Ongoing,29/12/2025,01/01/2012,episode
Leeds Teaching Hospitals,observation_period,overall,Number of subjects,NA,2023-01-01 to 2023-12-31,167294,10.76,NA,years,Ongoing,29/12/2025,01/01/2012,episode
Leeds Teaching Hospitals,observation_period,overall,Age,NA,2023-01-01 to 2023-12-31,NA,NA,63,years,Ongoing,29/12/2025,01/01/2012,episode
Leeds Teaching Hospitals,observation_period,overall,Person-days,NA,2023-01-01 to 2023-12-31,22795912,5.31,NA,years,Ongoing,29/12/2025,01/01/2012,episode
Leeds Teaching Hospitals,observation_period,overall,Number of records,NA,2024-01-01 to 2024-12-31,192660,6.39,NA,years,Ongoing,29/12/2025,01/01/2012,episode
Leeds Teaching Hospitals,observation_period,overall,Number of subjects,NA,2024-01-01 to 2024-12-31,147994,9.52,NA,years,Ongoing,29/12/2025,01/01/2012,episode
Leeds Teaching Hospitals,observation_period,overall,Age,NA,2024-01-01 to 2024-12-31,NA,NA,58,years,Ongoing,29/12/2025,01/01/2012,episode
Leeds Teaching Hospitals,observation_period,overall,Person-days,NA,2024-01-01 to 2024-12-31,16764284,3.9,NA,years,Ongoing,29/12/2025,01/01/2012,episode
Leeds Teaching Hospitals,observation_period,overall,Number of records,NA,2025-01-01 to 2025-12-31,164296,5.45,NA,years,Ongoing,29/12/2025,01/01/2012,episode
Leeds Teaching Hospitals,observation_period,overall,Number of subjects,NA,2025-01-01 to 2025-12-31,123799,7.96,NA,years,Ongoing,29/12/2025,01/01/2012,episode
Leeds Teaching Hospitals,observation_period,overall,Age,NA,2025-01-01 to 2025-12-31,NA,NA,55,years,Ongoing,29/12/2025,01/01/2012,episode
Leeds Teaching Hospitals,observation_period,overall,Person-days,NA,2025-01-01 to 2025-12-31,7091585,1.65,NA,years,Ongoing,29/12/2025,01/01/2012,episode
Leeds Teaching Hospitals,observation_period,overall,Number of records,NA,overall,3012963,100,NA,years,Ongoing,29/12/2025,01/01/2012,episode
Leeds Teaching Hospitals,observation_period,overall,Number of subjects,NA,overall,907304,58.37,NA,years,Ongoing,29/12/2025,01/01/2012,episode
Leeds Teaching Hospitals,observation_period,overall,Age,NA,overall,NA,NA,60,years,Ongoing,29/12/2025,01/01/2012,episode
Leeds Teaching Hospitals,observation_period,overall,Person-days,NA,overall,429322422,100,NA,years,Ongoing,29/12/2025,01/01/2012,episode
Leeds Teaching Hospitals,observation_period,overall,Number of records,NA,2012-01-01 to 2012-12-31,207087,16.96,NA,years,Collapse 365,29/12/2025,01/01/2012,episode
Leeds Teaching Hospitals,observation_period,overall,Number of subjects,NA,2012-01-01 to 2012-12-31,207087,13.32,NA,years,Collapse 365,29/12/2025,01/01/2012,episode
Leeds Teaching Hospitals,observation_period,overall,Age,NA,2012-01-01 to 2012-12-31,NA,NA,54,years,Collapse 365,29/12/2025,01/01/2012,episode
Leeds Teaching Hospitals,observation_period,overall,Person-days,NA,2012-01-01 to 2012-12-31,44867682,8.26,NA,years,Collapse 365,29/12/2025,01/01/2012,episode
Leeds Teaching Hospitals,observation_period,overall,Number of records,NA,2013-01-01 to 2013-12-31,207347,16.98,NA,years,Collapse 365,29/12/2025,01/01/2012,episode
Leeds Teaching Hospitals,observation_period,overall,Number of subjects,NA,2013-01-01 to 2013-12-31,207347,13.34,NA,years,Collapse 365,29/12/2025,01/01/2012,episode
Leeds Teaching Hospitals,observation_period,overall,Age,NA,2013-01-01 to 2013-12-31,NA,NA,55,years,Collapse 365,29/12/2025,01/01/2012,episode
Leeds Teaching Hospitals,observation_period,overall,Person-days,NA,2013-01-01 to 2013-12-31,46049661,8.48,NA,years,Collapse 365,29/12/2025,01/01/2012,episode
Leeds Teaching Hospitals,observation_period,overall,Number of records,NA,2014-01-01 to 2014-12-31,210805,17.26,NA,years,Collapse 365,29/12/2025,01/01/2012,episode
Leeds Teaching Hospitals,observation_period,overall,Number of subjects,NA,2014-01-01 to 2014-12-31,210805,13.56,NA,years,Collapse 365,29/12/2025,01/01/2012,episode
Leeds Teaching Hospitals,observation_period,overall,Age,NA,2014-01-01 to 2014-12-31,NA,NA,55,years,Collapse 365,29/12/2025,01/01/2012,episode
Leeds Teaching Hospitals,observation_period,overall,Person-days,NA,2014-01-01 to 2014-12-31,46900715,8.63,NA,years,Collapse 365,29/12/2025,01/01/2012,episode
Leeds Teaching Hospitals,observation_period,overall,Number of records,NA,2015-01-01 to 2015-12-31,212985,17.44,NA,years,Collapse 365,29/12/2025,01/01/2012,episode
Leeds Teaching Hospitals,observation_period,overall,Number of subjects,NA,2015-01-01 to 2015-12-31,212985,13.7,NA,years,Collapse 365,29/12/2025,01/01/2012,episode
Leeds Teaching Hospitals,observation_period,overall,Age,NA,2015-01-01 to 2015-12-31,NA,NA,55,years,Collapse 365,29/12/2025,01/01/2012,episode
Leeds Teaching Hospitals,observation_period,overall,Person-days,NA,2015-01-01 to 2015-12-31,47303907,8.71,NA,years,Collapse 365,29/12/2025,01/01/2012,episode
Leeds Teaching Hospitals,observation_period,overall,Number of records,NA,2016-01-01 to 2016-12-31,216549,17.73,NA,years,Collapse 365,29/12/2025,01/01/2012,episode
Leeds Teaching Hospitals,observation_period,overall,Number of subjects,NA,2016-01-01 to 2016-12-31,216549,13.93,NA,years,Collapse 365,29/12/2025,01/01/2012,episode
Leeds Teaching Hospitals,observation_period,overall,Age,NA,2016-01-01 to 2016-12-31,NA,NA,55,years,Collapse 365,29/12/2025,01/01/2012,episode
Leeds Teaching Hospitals,observation_period,overall,Person-days,NA,2016-01-01 to 2016-12-31,47436702,8.73,NA,years,Collapse 365,29/12/2025,01/01/2012,episode
Leeds Teaching Hospitals,observation_period,overall,Number of records,NA,2017-01-01 to 2017-12-31,212007,17.36,NA,years,Collapse 365,29/12/2025,01/01/2012,episode
Leeds Teaching Hospitals,observation_period,overall,Number of subjects,NA,2017-01-01 to 2017-12-31,212007,13.64,NA,years,Collapse 365,29/12/2025,01/01/2012,episode
Leeds Teaching Hospitals,observation_period,overall,Age,NA,2017-01-01 to 2017-12-31,NA,NA,55,years,Collapse 365,29/12/2025,01/01/2012,episode
Leeds Teaching Hospitals,observation_period,overall,Person-days,NA,2017-01-01 to 2017-12-31,46350080,8.53,NA,years,Collapse 365,29/12/2025,01/01/2012,episode
Leeds Teaching Hospitals,observation_period,overall,Number of records,NA,2018-01-01 to 2018-12-31,207593,17,NA,years,Collapse 365,29/12/2025,01/01/2012,episode
Leeds Teaching Hospitals,observation_period,overall,Number of subjects,NA,2018-01-01 to 2018-12-31,207593,13.35,NA,years,Collapse 365,29/12/2025,01/01/2012,episode
Leeds Teaching Hospitals,observation_period,overall,Age,NA,2018-01-01 to 2018-12-31,NA,NA,55,years,Collapse 365,29/12/2025,01/01/2012,episode
Leeds Teaching Hospitals,observation_period,overall,Person-days,NA,2018-01-01 to 2018-12-31,45177772,8.32,NA,years,Collapse 365,29/12/2025,01/01/2012,episode
Leeds Teaching Hospitals,observation_period,overall,Number of records,NA,2019-01-01 to 2019-12-31,202446,16.58,NA,years,Collapse 365,29/12/2025,01/01/2012,episode
Leeds Teaching Hospitals,observation_period,overall,Number of subjects,NA,2019-01-01 to 2019-12-31,202446,13.02,NA,years,Collapse 365,29/12/2025,01/01/2012,episode
Leeds Teaching Hospitals,observation_period,overall,Age,NA,2019-01-01 to 2019-12-31,NA,NA,56,years,Collapse 365,29/12/2025,01/01/2012,episode
Leeds Teaching Hospitals,observation_period,overall,Person-days,NA,2019-01-01 to 2019-12-31,43280700,7.97,NA,years,Collapse 365,29/12/2025,01/01/2012,episode
Leeds Teaching Hospitals,observation_period,overall,Number of records,NA,2020-01-01 to 2020-12-31,175415,14.36,NA,years,Collapse 365,29/12/2025,01/01/2012,episode
Leeds Teaching Hospitals,observation_period,overall,Number of subjects,NA,2020-01-01 to 2020-12-31,175415,11.28,NA,years,Collapse 365,29/12/2025,01/01/2012,episode
Leeds Teaching Hospitals,observation_period,overall,Age,NA,2020-01-01 to 2020-12-31,NA,NA,57,years,Collapse 365,29/12/2025,01/01/2012,episode
Leeds Teaching Hospitals,observation_period,overall,Person-days,NA,2020-01-01 to 2020-12-31,39968869,7.36,NA,years,Collapse 365,29/12/2025,01/01/2012,episode
Leeds Teaching Hospitals,observation_period,overall,Number of records,NA,2021-01-01 to 2021-12-31,175817,14.4,NA,years,Collapse 365,29/12/2025,01/01/2012,episode
Leeds Teaching Hospitals,observation_period,overall,Number of subjects,NA,2021-01-01 to 2021-12-31,175817,11.31,NA,years,Collapse 365,29/12/2025,01/01/2012,episode
Leeds Teaching Hospitals,observation_period,overall,Age,NA,2021-01-01 to 2021-12-31,NA,NA,57,years,Collapse 365,29/12/2025,01/01/2012,episode
Leeds Teaching Hospitals,observation_period,overall,Person-days,NA,2021-01-01 to 2021-12-31,38072114,7.01,NA,years,Collapse 365,29/12/2025,01/01/2012,episode
Leeds Teaching Hospitals,observation_period,overall,Number of records,NA,2022-01-01 to 2022-12-31,172149,14.09,NA,years,Collapse 365,29/12/2025,01/01/2012,episode
Leeds Teaching Hospitals,observation_period,overall,Number of subjects,NA,2022-01-01 to 2022-12-31,172149,11.07,NA,years,Collapse 365,29/12/2025,01/01/2012,episode
Leeds Teaching Hospitals,observation_period,overall,Age,NA,2022-01-01 to 2022-12-31,NA,NA,57,years,Collapse 365,29/12/2025,01/01/2012,episode
Leeds Teaching Hospitals,observation_period,overall,Person-days,NA,2022-01-01 to 2022-12-31,35599854,6.55,NA,years,Collapse 365,29/12/2025,01/01/2012,episode
Leeds Teaching Hospitals,observation_period,overall,Number of records,NA,2023-01-01 to 2023-12-31,167294,13.7,NA,years,Collapse 365,29/12/2025,01/01/2012,episode
Leeds Teaching Hospitals,observation_period,overall,Number of subjects,NA,2023-01-01 to 2023-12-31,167294,10.76,NA,years,Collapse 365,29/12/2025,01/01/2012,episode
Leeds Teaching Hospitals,observation_period,overall,Age,NA,2023-01-01 to 2023-12-31,NA,NA,57,years,Collapse 365,29/12/2025,01/01/2012,episode
Leeds Teaching Hospitals,observation_period,overall,Person-days,NA,2023-01-01 to 2023-12-31,31758873,5.85,NA,years,Collapse 365,29/12/2025,01/01/2012,episode
Leeds Teaching Hospitals,observation_period,overall,Number of records,NA,2024-01-01 to 2024-12-31,147994,12.12,NA,years,Collapse 365,29/12/2025,01/01/2012,episode
Leeds Teaching Hospitals,observation_period,overall,Number of subjects,NA,2024-01-01 to 2024-12-31,147994,9.52,NA,years,Collapse 365,29/12/2025,01/01/2012,episode
Leeds Teaching Hospitals,observation_period,overall,Age,NA,2024-01-01 to 2024-12-31,NA,NA,55,years,Collapse 365,29/12/2025,01/01/2012,episode
Leeds Teaching Hospitals,observation_period,overall,Person-days,NA,2024-01-01 to 2024-12-31,20405006,3.76,NA,years,Collapse 365,29/12/2025,01/01/2012,episode
Leeds Teaching Hospitals,observation_period,overall,Number of records,NA,2025-01-01 to 2025-12-31,123799,10.14,NA,years,Collapse 365,29/12/2025,01/01/2012,episode
Leeds Teaching Hospitals,observation_period,overall,Number of subjects,NA,2025-01-01 to 2025-12-31,123799,7.96,NA,years,Collapse 365,29/12/2025,01/01/2012,episode
Leeds Teaching Hospitals,observation_period,overall,Age,NA,2025-01-01 to 2025-12-31,NA,NA,51,years,Collapse 365,29/12/2025,01/01/2012,episode
Leeds Teaching Hospitals,observation_period,overall,Person-days,NA,2025-01-01 to 2025-12-31,10038166,1.85,NA,years,Collapse 365,29/12/2025,01/01/2012,episode
Leeds Teaching Hospitals,observation_period,overall,Number of records,NA,overall,1221371,100,NA,years,Collapse 365,29/12/2025,01/01/2012,episode
Leeds Teaching Hospitals,observation_period,overall,Number of subjects,NA,overall,907304,58.37,NA,years,Collapse 365,29/12/2025,01/01/2012,episode
Leeds Teaching Hospitals,observation_period,overall,Age,NA,overall,NA,NA,44,years,Collapse 365,29/12/2025,01/01/2012,episode
Leeds Teaching Hospitals,observation_period,overall,Person-days,NA,overall,543210101,100,NA,years,Collapse 365,29/12/2025,01/01/2012,episode
Leeds Teaching Hospitals,observation_period,overall,Number of records,NA,2012-01-01 to 2012-12-31,286634,22.03,NA,years,Persistence 365,29/12/2025,01/01/2012,episode
Leeds Teaching Hospitals,observation_period,overall,Number of subjects,NA,2012-01-01 to 2012-12-31,278678,17.93,NA,years,Persistence 365,29/12/2025,01/01/2012,episode
Leeds Teaching Hospitals,observation_period,overall,Age,NA,2012-01-01 to 2012-12-31,NA,NA,50,years,Persistence 365,29/12/2025,01/01/2012,episode
Leeds Teaching Hospitals,observation_period,overall,Person-days,NA,2012-01-01 to 2012-12-31,73061042,7.75,NA,years,Persistence 365,29/12/2025,01/01/2012,episode
Leeds Teaching Hospitals,observation_period,overall,Number of records,NA,2013-01-01 to 2013-12-31,282967,21.75,NA,years,Persistence 365,29/12/2025,01/01/2012,episode
Leeds Teaching Hospitals,observation_period,overall,Number of subjects,NA,2013-01-01 to 2013-12-31,275651,17.73,NA,years,Persistence 365,29/12/2025,01/01/2012,episode
Leeds Teaching Hospitals,observation_period,overall,Age,NA,2013-01-01 to 2013-12-31,NA,NA,51,years,Persistence 365,29/12/2025,01/01/2012,episode
Leeds Teaching Hospitals,observation_period,overall,Person-days,NA,2013-01-01 to 2013-12-31,72916623,7.74,NA,years,Persistence 365,29/12/2025,01/01/2012,episode
Leeds Teaching Hospitals,observation_period,overall,Number of records,NA,2014-01-01 to 2014-12-31,283741,21.81,NA,years,Persistence 365,29/12/2025,01/01/2012,episode
Leeds Teaching Hospitals,observation_period,overall,Number of subjects,NA,2014-01-01 to 2014-12-31,276625,17.8,NA,years,Persistence 365,29/12/2025,01/01/2012,episode
Leeds Teaching Hospitals,observation_period,overall,Age,NA,2014-01-01 to 2014-12-31,NA,NA,51,years,Persistence 365,29/12/2025,01/01/2012,episode
Leeds Teaching Hospitals,observation_period,overall,Person-days,NA,2014-01-01 to 2014-12-31,73882334,7.84,NA,years,Persistence 365,29/12/2025,01/01/2012,episode
Leeds Teaching Hospitals,observation_period,overall,Number of records,NA,2015-01-01 to 2015-12-31,288261,22.16,NA,years,Persistence 365,29/12/2025,01/01/2012,episode
Leeds Teaching Hospitals,observation_period,overall,Number of subjects,NA,2015-01-01 to 2015-12-31,280874,18.07,NA,years,Persistence 365,29/12/2025,01/01/2012,episode
Leeds Teaching Hospitals,observation_period,overall,Age,NA,2015-01-01 to 2015-12-31,NA,NA,52,years,Persistence 365,29/12/2025,01/01/2012,episode
Leeds Teaching Hospitals,observation_period,overall,Person-days,NA,2015-01-01 to 2015-12-31,74793234,7.94,NA,years,Persistence 365,29/12/2025,01/01/2012,episode
Leeds Teaching Hospitals,observation_period,overall,Number of records,NA,2016-01-01 to 2016-12-31,292875,22.51,NA,years,Persistence 365,29/12/2025,01/01/2012,episode
Leeds Teaching Hospitals,observation_period,overall,Number of subjects,NA,2016-01-01 to 2016-12-31,285801,18.39,NA,years,Persistence 365,29/12/2025,01/01/2012,episode
Leeds Teaching Hospitals,observation_period,overall,Age,NA,2016-01-01 to 2016-12-31,NA,NA,51,years,Persistence 365,29/12/2025,01/01/2012,episode
Leeds Teaching Hospitals,observation_period,overall,Person-days,NA,2016-01-01 to 2016-12-31,76287772,8.09,NA,years,Persistence 365,29/12/2025,01/01/2012,episode
Leeds Teaching Hospitals,observation_period,overall,Number of records,NA,2017-01-01 to 2017-12-31,292921,22.52,NA,years,Persistence 365,29/12/2025,01/01/2012,episode
Leeds Teaching Hospitals,observation_period,overall,Number of subjects,NA,2017-01-01 to 2017-12-31,286489,18.43,NA,years,Persistence 365,29/12/2025,01/01/2012,episode
Leeds Teaching Hospitals,observation_period,overall,Age,NA,2017-01-01 to 2017-12-31,NA,NA,51,years,Persistence 365,29/12/2025,01/01/2012,episode
Leeds Teaching Hospitals,observation_period,overall,Person-days,NA,2017-01-01 to 2017-12-31,75813948,8.04,NA,years,Persistence 365,29/12/2025,01/01/2012,episode
Leeds Teaching Hospitals,observation_period,overall,Number of records,NA,2018-01-01 to 2018-12-31,287318,22.09,NA,years,Persistence 365,29/12/2025,01/01/2012,episode
Leeds Teaching Hospitals,observation_period,overall,Number of subjects,NA,2018-01-01 to 2018-12-31,280936,18.07,NA,years,Persistence 365,29/12/2025,01/01/2012,episode
Leeds Teaching Hospitals,observation_period,overall,Age,NA,2018-01-01 to 2018-12-31,NA,NA,52,years,Persistence 365,29/12/2025,01/01/2012,episode
Leeds Teaching Hospitals,observation_period,overall,Person-days,NA,2018-01-01 to 2018-12-31,73826342,7.83,NA,years,Persistence 365,29/12/2025,01/01/2012,episode
Leeds Teaching Hospitals,observation_period,overall,Number of records,NA,2019-01-01 to 2019-12-31,281238,21.62,NA,years,Persistence 365,29/12/2025,01/01/2012,episode
Leeds Teaching Hospitals,observation_period,overall,Number of subjects,NA,2019-01-01 to 2019-12-31,275010,17.69,NA,years,Persistence 365,29/12/2025,01/01/2012,episode
Leeds Teaching Hospitals,observation_period,overall,Age,NA,2019-01-01 to 2019-12-31,NA,NA,52,years,Persistence 365,29/12/2025,01/01/2012,episode
Leeds Teaching Hospitals,observation_period,overall,Person-days,NA,2019-01-01 to 2019-12-31,72250255,7.67,NA,years,Persistence 365,29/12/2025,01/01/2012,episode
Leeds Teaching Hospitals,observation_period,overall,Number of records,NA,2020-01-01 to 2020-12-31,256834,19.74,NA,years,Persistence 365,29/12/2025,01/01/2012,episode
Leeds Teaching Hospitals,observation_period,overall,Number of subjects,NA,2020-01-01 to 2020-12-31,251588,16.19,NA,years,Persistence 365,29/12/2025,01/01/2012,episode
Leeds Teaching Hospitals,observation_period,overall,Age,NA,2020-01-01 to 2020-12-31,NA,NA,53,years,Persistence 365,29/12/2025,01/01/2012,episode
Leeds Teaching Hospitals,observation_period,overall,Person-days,NA,2020-01-01 to 2020-12-31,66861225,7.09,NA,years,Persistence 365,29/12/2025,01/01/2012,episode
Leeds Teaching Hospitals,observation_period,overall,Number of records,NA,2021-01-01 to 2021-12-31,237539,18.26,NA,years,Persistence 365,29/12/2025,01/01/2012,episode
Leeds Teaching Hospitals,observation_period,overall,Number of subjects,NA,2021-01-01 to 2021-12-31,232138,14.93,NA,years,Persistence 365,29/12/2025,01/01/2012,episode
Leeds Teaching Hospitals,observation_period,overall,Age,NA,2021-01-01 to 2021-12-31,NA,NA,54,years,Persistence 365,29/12/2025,01/01/2012,episode
Leeds Teaching Hospitals,observation_period,overall,Person-days,NA,2021-01-01 to 2021-12-31,60659333,6.44,NA,years,Persistence 365,29/12/2025,01/01/2012,episode
Leeds Teaching Hospitals,observation_period,overall,Number of records,NA,2022-01-01 to 2022-12-31,239522,18.41,NA,years,Persistence 365,29/12/2025,01/01/2012,episode
Leeds Teaching Hospitals,observation_period,overall,Number of subjects,NA,2022-01-01 to 2022-12-31,234427,15.08,NA,years,Persistence 365,29/12/2025,01/01/2012,episode
Leeds Teaching Hospitals,observation_period,overall,Age,NA,2022-01-01 to 2022-12-31,NA,NA,54,years,Persistence 365,29/12/2025,01/01/2012,episode
Leeds Teaching Hospitals,observation_period,overall,Person-days,NA,2022-01-01 to 2022-12-31,61077987,6.48,NA,years,Persistence 365,29/12/2025,01/01/2012,episode
Leeds Teaching Hospitals,observation_period,overall,Number of records,NA,2023-01-01 to 2023-12-31,238584,18.34,NA,years,Persistence 365,29/12/2025,01/01/2012,episode
Leeds Teaching Hospitals,observation_period,overall,Number of subjects,NA,2023-01-01 to 2023-12-31,233286,15.01,NA,years,Persistence 365,29/12/2025,01/01/2012,episode
Leeds Teaching Hospitals,observation_period,overall,Age,NA,2023-01-01 to 2023-12-31,NA,NA,54,years,Persistence 365,29/12/2025,01/01/2012,episode
Leeds Teaching Hospitals,observation_period,overall,Person-days,NA,2023-01-01 to 2023-12-31,59524363,6.32,NA,years,Persistence 365,29/12/2025,01/01/2012,episode
Leeds Teaching Hospitals,observation_period,overall,Number of records,NA,2024-01-01 to 2024-12-31,231980,17.83,NA,years,Persistence 365,29/12/2025,01/01/2012,episode
Leeds Teaching Hospitals,observation_period,overall,Number of subjects,NA,2024-01-01 to 2024-12-31,228504,14.7,NA,years,Persistence 365,29/12/2025,01/01/2012,episode
Leeds Teaching Hospitals,observation_period,overall,Age,NA,2024-01-01 to 2024-12-31,NA,NA,53,years,Persistence 365,29/12/2025,01/01/2012,episode
Leeds Teaching Hospitals,observation_period,overall,Person-days,NA,2024-01-01 to 2024-12-31,56108888,5.95,NA,years,Persistence 365,29/12/2025,01/01/2012,episode
Leeds Teaching Hospitals,observation_period,overall,Number of records,NA,2025-01-01 to 2025-12-31,222643,17.11,NA,years,Persistence 365,29/12/2025,01/01/2012,episode
Leeds Teaching Hospitals,observation_period,overall,Number of subjects,NA,2025-01-01 to 2025-12-31,215716,13.88,NA,years,Persistence 365,29/12/2025,01/01/2012,episode
Leeds Teaching Hospitals,observation_period,overall,Age,NA,2025-01-01 to 2025-12-31,NA,NA,51,years,Persistence 365,29/12/2025,01/01/2012,episode
Leeds Teaching Hospitals,observation_period,overall,Person-days,NA,2025-01-01 to 2025-12-31,45440310,4.82,NA,years,Persistence 365,29/12/2025,01/01/2012,episode
Leeds Teaching Hospitals,observation_period,overall,Number of records,NA,overall,1300918,100,NA,years,Persistence 365,29/12/2025,01/01/2012,episode
Leeds Teaching Hospitals,observation_period,overall,Number of subjects,NA,overall,946870,60.91,NA,years,Persistence 365,29/12/2025,01/01/2012,episode
Leeds Teaching Hospitals,observation_period,overall,Age,NA,overall,NA,NA,44,years,Persistence 365,29/12/2025,01/01/2012,episode
Leeds Teaching Hospitals,observation_period,overall,Person-days,NA,overall,942503656,100,NA,years,Persistence 365,29/12/2025,01/01/2012,episode
Leeds Teaching Hospitals,observation_period,overall,Number of records,NA,2012-01-01 to 2012-12-31,211704,19.33,NA,years,Collapse 730,29/12/2025,01/01/2012,episode
Leeds Teaching Hospitals,observation_period,overall,Number of subjects,NA,2012-01-01 to 2012-12-31,211704,13.62,NA,years,Collapse 730,29/12/2025,01/01/2012,episode
Leeds Teaching Hospitals,observation_period,overall,Age,NA,2012-01-01 to 2012-12-31,NA,NA,54,years,Collapse 730,29/12/2025,01/01/2012,episode
Leeds Teaching Hospitals,observation_period,overall,Person-days,NA,2012-01-01 to 2012-12-31,51068186,8.35,NA,years,Collapse 730,29/12/2025,01/01/2012,episode
Leeds Teaching Hospitals,observation_period,overall,Number of records,NA,2013-01-01 to 2013-12-31,211655,19.33,NA,years,Collapse 730,29/12/2025,01/01/2012,episode
Leeds Teaching Hospitals,observation_period,overall,Number of subjects,NA,2013-01-01 to 2013-12-31,211655,13.62,NA,years,Collapse 730,29/12/2025,01/01/2012,episode
Leeds Teaching Hospitals,observation_period,overall,Age,NA,2013-01-01 to 2013-12-31,NA,NA,55,years,Collapse 730,29/12/2025,01/01/2012,episode
Leeds Teaching Hospitals,observation_period,overall,Person-days,NA,2013-01-01 to 2013-12-31,51788477,8.47,NA,years,Collapse 730,29/12/2025,01/01/2012,episode
Leeds Teaching Hospitals,observation_period,overall,Number of records,NA,2014-01-01 to 2014-12-31,214710,19.61,NA,years,Collapse 730,29/12/2025,01/01/2012,episode
Leeds Teaching Hospitals,observation_period,overall,Number of subjects,NA,2014-01-01 to 2014-12-31,214710,13.81,NA,years,Collapse 730,29/12/2025,01/01/2012,episode
Leeds Teaching Hospitals,observation_period,overall,Age,NA,2014-01-01 to 2014-12-31,NA,NA,55,years,Collapse 730,29/12/2025,01/01/2012,episode
Leeds Teaching Hospitals,observation_period,overall,Person-days,NA,2014-01-01 to 2014-12-31,52517253,8.59,NA,years,Collapse 730,29/12/2025,01/01/2012,episode
Leeds Teaching Hospitals,observation_period,overall,Number of records,NA,2015-01-01 to 2015-12-31,217383,19.85,NA,years,Collapse 730,29/12/2025,01/01/2012,episode
Leeds Teaching Hospitals,observation_period,overall,Number of subjects,NA,2015-01-01 to 2015-12-31,217383,13.98,NA,years,Collapse 730,29/12/2025,01/01/2012,episode
Leeds Teaching Hospitals,observation_period,overall,Age,NA,2015-01-01 to 2015-12-31,NA,NA,55,years,Collapse 730,29/12/2025,01/01/2012,episode
Leeds Teaching Hospitals,observation_period,overall,Person-days,NA,2015-01-01 to 2015-12-31,53068272,8.68,NA,years,Collapse 730,29/12/2025,01/01/2012,episode
Leeds Teaching Hospitals,observation_period,overall,Number of records,NA,2016-01-01 to 2016-12-31,220778,20.16,NA,years,Collapse 730,29/12/2025,01/01/2012,episode
Leeds Teaching Hospitals,observation_period,overall,Number of subjects,NA,2016-01-01 to 2016-12-31,220778,14.2,NA,years,Collapse 730,29/12/2025,01/01/2012,episode
Leeds Teaching Hospitals,observation_period,overall,Age,NA,2016-01-01 to 2016-12-31,NA,NA,55,years,Collapse 730,29/12/2025,01/01/2012,episode
Leeds Teaching Hospitals,observation_period,overall,Person-days,NA,2016-01-01 to 2016-12-31,53038142,8.67,NA,years,Collapse 730,29/12/2025,01/01/2012,episode
Leeds Teaching Hospitals,observation_period,overall,Number of records,NA,2017-01-01 to 2017-12-31,216423,19.76,NA,years,Collapse 730,29/12/2025,01/01/2012,episode
Leeds Teaching Hospitals,observation_period,overall,Number of subjects,NA,2017-01-01 to 2017-12-31,216423,13.92,NA,years,Collapse 730,29/12/2025,01/01/2012,episode
Leeds Teaching Hospitals,observation_period,overall,Age,NA,2017-01-01 to 2017-12-31,NA,NA,55,years,Collapse 730,29/12/2025,01/01/2012,episode
Leeds Teaching Hospitals,observation_period,overall,Person-days,NA,2017-01-01 to 2017-12-31,51847119,8.48,NA,years,Collapse 730,29/12/2025,01/01/2012,episode
Leeds Teaching Hospitals,observation_period,overall,Number of records,NA,2018-01-01 to 2018-12-31,211678,19.33,NA,years,Collapse 730,29/12/2025,01/01/2012,episode
Leeds Teaching Hospitals,observation_period,overall,Number of subjects,NA,2018-01-01 to 2018-12-31,211678,13.62,NA,years,Collapse 730,29/12/2025,01/01/2012,episode
Leeds Teaching Hospitals,observation_period,overall,Age,NA,2018-01-01 to 2018-12-31,NA,NA,55,years,Collapse 730,29/12/2025,01/01/2012,episode
Leeds Teaching Hospitals,observation_period,overall,Person-days,NA,2018-01-01 to 2018-12-31,50389914,8.24,NA,years,Collapse 730,29/12/2025,01/01/2012,episode
Leeds Teaching Hospitals,observation_period,overall,Number of records,NA,2019-01-01 to 2019-12-31,205584,18.77,NA,years,Collapse 730,29/12/2025,01/01/2012,episode
Leeds Teaching Hospitals,observation_period,overall,Number of subjects,NA,2019-01-01 to 2019-12-31,205584,13.23,NA,years,Collapse 730,29/12/2025,01/01/2012,episode
Leeds Teaching Hospitals,observation_period,overall,Age,NA,2019-01-01 to 2019-12-31,NA,NA,56,years,Collapse 730,29/12/2025,01/01/2012,episode
Leeds Teaching Hospitals,observation_period,overall,Person-days,NA,2019-01-01 to 2019-12-31,47938990,7.84,NA,years,Collapse 730,29/12/2025,01/01/2012,episode
Leeds Teaching Hospitals,observation_period,overall,Number of records,NA,2020-01-01 to 2020-12-31,179711,16.41,NA,years,Collapse 730,29/12/2025,01/01/2012,episode
Leeds Teaching Hospitals,observation_period,overall,Number of subjects,NA,2020-01-01 to 2020-12-31,179711,11.56,NA,years,Collapse 730,29/12/2025,01/01/2012,episode
Leeds Teaching Hospitals,observation_period,overall,Age,NA,2020-01-01 to 2020-12-31,NA,NA,57,years,Collapse 730,29/12/2025,01/01/2012,episode
Leeds Teaching Hospitals,observation_period,overall,Person-days,NA,2020-01-01 to 2020-12-31,44773204,7.32,NA,years,Collapse 730,29/12/2025,01/01/2012,episode
Leeds Teaching Hospitals,observation_period,overall,Number of records,NA,2021-01-01 to 2021-12-31,178927,16.34,NA,years,Collapse 730,29/12/2025,01/01/2012,episode
Leeds Teaching Hospitals,observation_period,overall,Number of subjects,NA,2021-01-01 to 2021-12-31,178927,11.51,NA,years,Collapse 730,29/12/2025,01/01/2012,episode
Leeds Teaching Hospitals,observation_period,overall,Age,NA,2021-01-01 to 2021-12-31,NA,NA,57,years,Collapse 730,29/12/2025,01/01/2012,episode
Leeds Teaching Hospitals,observation_period,overall,Person-days,NA,2021-01-01 to 2021-12-31,42443383,6.94,NA,years,Collapse 730,29/12/2025,01/01/2012,episode
Leeds Teaching Hospitals,observation_period,overall,Number of records,NA,2022-01-01 to 2022-12-31,175723,16.05,NA,years,Collapse 730,29/12/2025,01/01/2012,episode
Leeds Teaching Hospitals,observation_period,overall,Number of subjects,NA,2022-01-01 to 2022-12-31,175723,11.3,NA,years,Collapse 730,29/12/2025,01/01/2012,episode
Leeds Teaching Hospitals,observation_period,overall,Age,NA,2022-01-01 to 2022-12-31,NA,NA,57,years,Collapse 730,29/12/2025,01/01/2012,episode
Leeds Teaching Hospitals,observation_period,overall,Person-days,NA,2022-01-01 to 2022-12-31,39972149,6.54,NA,years,Collapse 730,29/12/2025,01/01/2012,episode
Leeds Teaching Hospitals,observation_period,overall,Number of records,NA,2023-01-01 to 2023-12-31,170340,15.55,NA,years,Collapse 730,29/12/2025,01/01/2012,episode
Leeds Teaching Hospitals,observation_period,overall,Number of subjects,NA,2023-01-01 to 2023-12-31,170340,10.96,NA,years,Collapse 730,29/12/2025,01/01/2012,episode
Leeds Teaching Hospitals,observation_period,overall,Age,NA,2023-01-01 to 2023-12-31,NA,NA,57,years,Collapse 730,29/12/2025,01/01/2012,episode
Leeds Teaching Hospitals,observation_period,overall,Person-days,NA,2023-01-01 to 2023-12-31,35782967,5.85,NA,years,Collapse 730,29/12/2025,01/01/2012,episode
Leeds Teaching Hospitals,observation_period,overall,Number of records,NA,2024-01-01 to 2024-12-31,152184,13.9,NA,years,Collapse 730,29/12/2025,01/01/2012,episode
Leeds Teaching Hospitals,observation_period,overall,Number of subjects,NA,2024-01-01 to 2024-12-31,152184,9.79,NA,years,Collapse 730,29/12/2025,01/01/2012,episode
Leeds Teaching Hospitals,observation_period,overall,Age,NA,2024-01-01 to 2024-12-31,NA,NA,55,years,Collapse 730,29/12/2025,01/01/2012,episode
Leeds Teaching Hospitals,observation_period,overall,Person-days,NA,2024-01-01 to 2024-12-31,24783516,4.05,NA,years,Collapse 730,29/12/2025,01/01/2012,episode
Leeds Teaching Hospitals,observation_period,overall,Number of records,NA,2025-01-01 to 2025-12-31,123799,11.3,NA,years,Collapse 730,29/12/2025,01/01/2012,episode
Leeds Teaching Hospitals,observation_period,overall,Number of subjects,NA,2025-01-01 to 2025-12-31,123799,7.96,NA,years,Collapse 730,29/12/2025,01/01/2012,episode
Leeds Teaching Hospitals,observation_period,overall,Age,NA,2025-01-01 to 2025-12-31,NA,NA,51,years,Collapse 730,29/12/2025,01/01/2012,episode
Leeds Teaching Hospitals,observation_period,overall,Person-days,NA,2025-01-01 to 2025-12-31,12227382,2,NA,years,Collapse 730,29/12/2025,01/01/2012,episode
Leeds Teaching Hospitals,observation_period,overall,Number of records,NA,overall,1095114,100,NA,years,Collapse 730,29/12/2025,01/01/2012,episode
Leeds Teaching Hospitals,observation_period,overall,Number of subjects,NA,overall,907304,58.37,NA,years,Collapse 730,29/12/2025,01/01/2012,episode
Leeds Teaching Hospitals,observation_period,overall,Age,NA,overall,NA,NA,42,years,Collapse 730,29/12/2025,01/01/2012,episode
Leeds Teaching Hospitals,observation_period,overall,Person-days,NA,overall,611638954,100,NA,years,Collapse 730,29/12/2025,01/01/2012,episode
Leeds Teaching Hospitals,observation_period,overall,Number of records,NA,2012-01-01 to 2012-12-31,342111,27.92,NA,years,Persistence 730,29/12/2025,01/01/2012,episode
Leeds Teaching Hospitals,observation_period,overall,Number of subjects,NA,2012-01-01 to 2012-12-31,338653,21.79,NA,years,Persistence 730,29/12/2025,01/01/2012,episode
Leeds Teaching Hospitals,observation_period,overall,Age,NA,2012-01-01 to 2012-12-31,NA,NA,46,years,Persistence 730,29/12/2025,01/01/2012,episode
Leeds Teaching Hospitals,observation_period,overall,Person-days,NA,2012-01-01 to 2012-12-31,98651071,7.62,NA,years,Persistence 730,29/12/2025,01/01/2012,episode
Leeds Teaching Hospitals,observation_period,overall,Number of records,NA,2013-01-01 to 2013-12-31,340980,27.82,NA,years,Persistence 730,29/12/2025,01/01/2012,episode
Leeds Teaching Hospitals,observation_period,overall,Number of subjects,NA,2013-01-01 to 2013-12-31,337650,21.72,NA,years,Persistence 730,29/12/2025,01/01/2012,episode
Leeds Teaching Hospitals,observation_period,overall,Age,NA,2013-01-01 to 2013-12-31,NA,NA,47,years,Persistence 730,29/12/2025,01/01/2012,episode
Leeds Teaching Hospitals,observation_period,overall,Person-days,NA,2013-01-01 to 2013-12-31,97693763,7.55,NA,years,Persistence 730,29/12/2025,01/01/2012,episode
Leeds Teaching Hospitals,observation_period,overall,Number of records,NA,2014-01-01 to 2014-12-31,338956,27.66,NA,years,Persistence 730,29/12/2025,01/01/2012,episode
Leeds Teaching Hospitals,observation_period,overall,Number of subjects,NA,2014-01-01 to 2014-12-31,335806,21.6,NA,years,Persistence 730,29/12/2025,01/01/2012,episode
Leeds Teaching Hospitals,observation_period,overall,Age,NA,2014-01-01 to 2014-12-31,NA,NA,48,years,Persistence 730,29/12/2025,01/01/2012,episode
Leeds Teaching Hospitals,observation_period,overall,Person-days,NA,2014-01-01 to 2014-12-31,97610462,7.54,NA,years,Persistence 730,29/12/2025,01/01/2012,episode
Leeds Teaching Hospitals,observation_period,overall,Number of records,NA,2015-01-01 to 2015-12-31,341195,27.84,NA,years,Persistence 730,29/12/2025,01/01/2012,episode
Leeds Teaching Hospitals,observation_period,overall,Number of subjects,NA,2015-01-01 to 2015-12-31,338268,21.76,NA,years,Persistence 730,29/12/2025,01/01/2012,episode
Leeds Teaching Hospitals,observation_period,overall,Age,NA,2015-01-01 to 2015-12-31,NA,NA,48,years,Persistence 730,29/12/2025,01/01/2012,episode
Leeds Teaching Hospitals,observation_period,overall,Person-days,NA,2015-01-01 to 2015-12-31,98629998,7.62,NA,years,Persistence 730,29/12/2025,01/01/2012,episode
Leeds Teaching Hospitals,observation_period,overall,Number of records,NA,2016-01-01 to 2016-12-31,347592,28.36,NA,years,Persistence 730,29/12/2025,01/01/2012,episode
Leeds Teaching Hospitals,observation_period,overall,Number of subjects,NA,2016-01-01 to 2016-12-31,344509,22.16,NA,years,Persistence 730,29/12/2025,01/01/2012,episode
Leeds Teaching Hospitals,observation_period,overall,Age,NA,2016-01-01 to 2016-12-31,NA,NA,49,years,Persistence 730,29/12/2025,01/01/2012,episode
Leeds Teaching Hospitals,observation_period,overall,Person-days,NA,2016-01-01 to 2016-12-31,100579263,7.77,NA,years,Persistence 730,29/12/2025,01/01/2012,episode
Leeds Teaching Hospitals,observation_period,overall,Number of records,NA,2017-01-01 to 2017-12-31,349689,28.53,NA,years,Persistence 730,29/12/2025,01/01/2012,episode
Leeds Teaching Hospitals,observation_period,overall,Number of subjects,NA,2017-01-01 to 2017-12-31,346710,22.3,NA,years,Persistence 730,29/12/2025,01/01/2012,episode
Leeds Teaching Hospitals,observation_period,overall,Age,NA,2017-01-01 to 2017-12-31,NA,NA,49,years,Persistence 730,29/12/2025,01/01/2012,episode
Leeds Teaching Hospitals,observation_period,overall,Person-days,NA,2017-01-01 to 2017-12-31,101515931,7.84,NA,years,Persistence 730,29/12/2025,01/01/2012,episode
Leeds Teaching Hospitals,observation_period,overall,Number of records,NA,2018-01-01 to 2018-12-31,349139,28.49,NA,years,Persistence 730,29/12/2025,01/01/2012,episode
Leeds Teaching Hospitals,observation_period,overall,Number of subjects,NA,2018-01-01 to 2018-12-31,345955,22.26,NA,years,Persistence 730,29/12/2025,01/01/2012,episode
Leeds Teaching Hospitals,observation_period,overall,Age,NA,2018-01-01 to 2018-12-31,NA,NA,49,years,Persistence 730,29/12/2025,01/01/2012,episode
Leeds Teaching Hospitals,observation_period,overall,Person-days,NA,2018-01-01 to 2018-12-31,100313639,7.75,NA,years,Persistence 730,29/12/2025,01/01/2012,episode
Leeds Teaching Hospitals,observation_period,overall,Number of records,NA,2019-01-01 to 2019-12-31,342358,27.94,NA,years,Persistence 730,29/12/2025,01/01/2012,episode
Leeds Teaching Hospitals,observation_period,overall,Number of subjects,NA,2019-01-01 to 2019-12-31,339388,21.83,NA,years,Persistence 730,29/12/2025,01/01/2012,episode
Leeds Teaching Hospitals,observation_period,overall,Age,NA,2019-01-01 to 2019-12-31,NA,NA,49,years,Persistence 730,29/12/2025,01/01/2012,episode
Leeds Teaching Hospitals,observation_period,overall,Person-days,NA,2019-01-01 to 2019-12-31,98036936,7.57,NA,years,Persistence 730,29/12/2025,01/01/2012,episode
Leeds Teaching Hospitals,observation_period,overall,Number of records,NA,2020-01-01 to 2020-12-31,319239,26.05,NA,years,Persistence 730,29/12/2025,01/01/2012,episode
Leeds Teaching Hospitals,observation_period,overall,Number of subjects,NA,2020-01-01 to 2020-12-31,317193,20.41,NA,years,Persistence 730,29/12/2025,01/01/2012,episode
Leeds Teaching Hospitals,observation_period,overall,Age,NA,2020-01-01 to 2020-12-31,NA,NA,50,years,Persistence 730,29/12/2025,01/01/2012,episode
Leeds Teaching Hospitals,observation_period,overall,Person-days,NA,2020-01-01 to 2020-12-31,93277956,7.21,NA,years,Persistence 730,29/12/2025,01/01/2012,episode
Leeds Teaching Hospitals,observation_period,overall,Number of records,NA,2021-01-01 to 2021-12-31,301983,24.64,NA,years,Persistence 730,29/12/2025,01/01/2012,episode
Leeds Teaching Hospitals,observation_period,overall,Number of subjects,NA,2021-01-01 to 2021-12-31,299075,19.24,NA,years,Persistence 730,29/12/2025,01/01/2012,episode
Leeds Teaching Hospitals,observation_period,overall,Age,NA,2021-01-01 to 2021-12-31,NA,NA,51,years,Persistence 730,29/12/2025,01/01/2012,episode
Leeds Teaching Hospitals,observation_period,overall,Person-days,NA,2021-01-01 to 2021-12-31,84704812,6.54,NA,years,Persistence 730,29/12/2025,01/01/2012,episode
Leeds Teaching Hospitals,observation_period,overall,Number of records,NA,2022-01-01 to 2022-12-31,286038,23.34,NA,years,Persistence 730,29/12/2025,01/01/2012,episode
Leeds Teaching Hospitals,observation_period,overall,Number of subjects,NA,2022-01-01 to 2022-12-31,283765,18.26,NA,years,Persistence 730,29/12/2025,01/01/2012,episode
Leeds Teaching Hospitals,observation_period,overall,Age,NA,2022-01-01 to 2022-12-31,NA,NA,51,years,Persistence 730,29/12/2025,01/01/2012,episode
Leeds Teaching Hospitals,observation_period,overall,Person-days,NA,2022-01-01 to 2022-12-31,81330658,6.28,NA,years,Persistence 730,29/12/2025,01/01/2012,episode
Leeds Teaching Hospitals,observation_period,overall,Number of records,NA,2023-01-01 to 2023-12-31,290201,23.68,NA,years,Persistence 730,29/12/2025,01/01/2012,episode
Leeds Teaching Hospitals,observation_period,overall,Number of subjects,NA,2023-01-01 to 2023-12-31,287971,18.53,NA,years,Persistence 730,29/12/2025,01/01/2012,episode
Leeds Teaching Hospitals,observation_period,overall,Age,NA,2023-01-01 to 2023-12-31,NA,NA,51,years,Persistence 730,29/12/2025,01/01/2012,episode
Leeds Teaching Hospitals,observation_period,overall,Person-days,NA,2023-01-01 to 2023-12-31,82398372,6.36,NA,years,Persistence 730,29/12/2025,01/01/2012,episode
Leeds Teaching Hospitals,observation_period,overall,Number of records,NA,2024-01-01 to 2024-12-31,289538,23.63,NA,years,Persistence 730,29/12/2025,01/01/2012,episode
Leeds Teaching Hospitals,observation_period,overall,Number of subjects,NA,2024-01-01 to 2024-12-31,287698,18.51,NA,years,Persistence 730,29/12/2025,01/01/2012,episode
Leeds Teaching Hospitals,observation_period,overall,Age,NA,2024-01-01 to 2024-12-31,NA,NA,50,years,Persistence 730,29/12/2025,01/01/2012,episode
Leeds Teaching Hospitals,observation_period,overall,Person-days,NA,2024-01-01 to 2024-12-31,81626883,6.31,NA,years,Persistence 730,29/12/2025,01/01/2012,episode
Leeds Teaching Hospitals,observation_period,overall,Number of records,NA,2025-01-01 to 2025-12-31,290205,23.68,NA,years,Persistence 730,29/12/2025,01/01/2012,episode
Leeds Teaching Hospitals,observation_period,overall,Number of subjects,NA,2025-01-01 to 2025-12-31,286914,18.46,NA,years,Persistence 730,29/12/2025,01/01/2012,episode
Leeds Teaching Hospitals,observation_period,overall,Age,NA,2025-01-01 to 2025-12-31,NA,NA,49,years,Persistence 730,29/12/2025,01/01/2012,episode
Leeds Teaching Hospitals,observation_period,overall,Person-days,NA,2025-01-01 to 2025-12-31,78240137,6.04,NA,years,Persistence 730,29/12/2025,01/01/2012,episode
Leeds Teaching Hospitals,observation_period,overall,Number of records,NA,overall,1225521,100,NA,years,Persistence 730,29/12/2025,01/01/2012,episode
Leeds Teaching Hospitals,observation_period,overall,Number of subjects,NA,overall,982032,63.18,NA,years,Persistence 730,29/12/2025,01/01/2012,episode
Leeds Teaching Hospitals,observation_period,overall,Age,NA,overall,NA,NA,41,years,Persistence 730,29/12/2025,01/01/2012,episode
Leeds Teaching Hospitals,observation_period,overall,Person-days,NA,overall,1294609881,100,NA,years,Persistence 730,29/12/2025,01/01/2012,episode
University College London Hospitals,observation_period,overall,Person-days,NA,2018-01-01 to 2018-12-31,957,0,NA,years,NA,2026-03-07,2012-01-01,episode
University College London Hospitals,observation_period,overall,Person-days,NA,2019-01-01 to 2019-12-31,39822233,5.25,NA,years,NA,2026-03-07,2012-01-01,episode
University College London Hospitals,observation_period,overall,Person-days,NA,2020-01-01 to 2020-12-31,98050600,12.93,NA,years,NA,2026-03-07,2012-01-01,episode
University College London Hospitals,observation_period,overall,Person-days,NA,2021-01-01 to 2021-12-31,115340482,15.2,NA,years,NA,2026-03-07,2012-01-01,episode
University College London Hospitals,observation_period,overall,Person-days,NA,2022-01-01 to 2022-12-31,128148488,16.89,NA,years,NA,2026-03-07,2012-01-01,episode
University College London Hospitals,observation_period,overall,Person-days,NA,2023-01-01 to 2023-12-31,131098131,17.28,NA,years,NA,2026-03-07,2012-01-01,episode
University College London Hospitals,observation_period,overall,Person-days,NA,2024-01-01 to 2024-12-31,126382342,16.66,NA,years,NA,2026-03-07,2012-01-01,episode
University College London Hospitals,observation_period,overall,Person-days,NA,2025-01-01 to 2025-12-31,107381964,14.16,NA,years,NA,2026-03-07,2012-01-01,episode
University College London Hospitals,observation_period,overall,Person-days,NA,2026-01-01 to 2026-12-31,12374897,1.63,NA,years,NA,2026-03-07,2012-01-01,episode
University College London Hospitals,observation_period,overall,Person-days,NA,overall,758600094,100,NA,years,NA,2026-03-07,2012-01-01,episode
University College London Hospitals,condition_occurrence,overall,Number of records,NA,2012-01-01 to 2012-12-31,1959,0.02,NA,years,NA,2026-03-07,2012-01-01,event
University College London Hospitals,condition_occurrence,FALSE,Number of records,NA,2012-01-01 to 2012-12-31,1959,0.02,NA,years,NA,2026-03-07,2012-01-01,event
University College London Hospitals,death,overall,Number of records,NA,2012-01-01 to 2012-12-31,79,0.12,NA,years,NA,2026-03-07,2012-01-01,event
University College London Hospitals,death,FALSE,Number of records,NA,2012-01-01 to 2012-12-31,79,0.12,NA,years,NA,2026-03-07,2012-01-01,event
University College London Hospitals,condition_occurrence,overall,Number of records,NA,2013-01-01 to 2013-12-31,2110,0.02,NA,years,NA,2026-03-07,2012-01-01,event
University College London Hospitals,condition_occurrence,FALSE,Number of records,NA,2013-01-01 to 2013-12-31,2110,0.02,NA,years,NA,2026-03-07,2012-01-01,event
University College London Hospitals,death,overall,Number of records,NA,2013-01-01 to 2013-12-31,131,0.2,NA,years,NA,2026-03-07,2012-01-01,event
University College London Hospitals,death,FALSE,Number of records,NA,2013-01-01 to 2013-12-31,131,0.2,NA,years,NA,2026-03-07,2012-01-01,event
University College London Hospitals,condition_occurrence,overall,Number of records,NA,2014-01-01 to 2014-12-31,2518,0.02,NA,years,NA,2026-03-07,2012-01-01,event
University College London Hospitals,condition_occurrence,FALSE,Number of records,NA,2014-01-01 to 2014-12-31,2518,0.02,NA,years,NA,2026-03-07,2012-01-01,event
University College London Hospitals,death,overall,Number of records,NA,2014-01-01 to 2014-12-31,127,0.19,NA,years,NA,2026-03-07,2012-01-01,event
University College London Hospitals,death,FALSE,Number of records,NA,2014-01-01 to 2014-12-31,127,0.19,NA,years,NA,2026-03-07,2012-01-01,event
University College London Hospitals,condition_occurrence,overall,Number of records,NA,2015-01-01 to 2015-12-31,3053,0.02,NA,years,NA,2026-03-07,2012-01-01,event
University College London Hospitals,condition_occurrence,FALSE,Number of records,NA,2015-01-01 to 2015-12-31,3053,0.02,NA,years,NA,2026-03-07,2012-01-01,event
University College London Hospitals,death,overall,Number of records,NA,2015-01-01 to 2015-12-31,180,0.28,NA,years,NA,2026-03-07,2012-01-01,event
University College London Hospitals,death,FALSE,Number of records,NA,2015-01-01 to 2015-12-31,180,0.28,NA,years,NA,2026-03-07,2012-01-01,event
University College London Hospitals,condition_occurrence,overall,Number of records,NA,2016-01-01 to 2016-12-31,3433,0.03,NA,years,NA,2026-03-07,2012-01-01,event
University College London Hospitals,condition_occurrence,FALSE,Number of records,NA,2016-01-01 to 2016-12-31,3433,0.03,NA,years,NA,2026-03-07,2012-01-01,event
University College London Hospitals,death,overall,Number of records,NA,2016-01-01 to 2016-12-31,215,0.33,NA,years,NA,2026-03-07,2012-01-01,event
University College London Hospitals,death,FALSE,Number of records,NA,2016-01-01 to 2016-12-31,215,0.33,NA,years,NA,2026-03-07,2012-01-01,event
University College London Hospitals,condition_occurrence,overall,Number of records,NA,2017-01-01 to 2017-12-31,4012,0.03,NA,years,NA,2026-03-07,2012-01-01,event
University College London Hospitals,condition_occurrence,FALSE,Number of records,NA,2017-01-01 to 2017-12-31,4012,0.03,NA,years,NA,2026-03-07,2012-01-01,event
University College London Hospitals,death,overall,Number of records,NA,2017-01-01 to 2017-12-31,254,0.39,NA,years,NA,2026-03-07,2012-01-01,event
University College London Hospitals,death,FALSE,Number of records,NA,2017-01-01 to 2017-12-31,254,0.39,NA,years,NA,2026-03-07,2012-01-01,event
University College London Hospitals,visit_occurrence,overall,Number of records,NA,2018-01-01 to 2018-12-31,14,0,NA,years,NA,2026-03-07,2012-01-01,event
University College London Hospitals,visit_occurrence,TRUE,Number of records,NA,2018-01-01 to 2018-12-31,14,0,NA,years,NA,2026-03-07,2012-01-01,event
University College London Hospitals,visit_detail,overall,Number of records,NA,2018-01-01 to 2018-12-31,NA,NA,NA,years,NA,2026-03-07,2012-01-01,event
University College London Hospitals,visit_detail,TRUE,Number of records,NA,2018-01-01 to 2018-12-31,NA,NA,NA,years,NA,2026-03-07,2012-01-01,event
University College London Hospitals,condition_occurrence,overall,Number of records,NA,2018-01-01 to 2018-12-31,10493,0.08,NA,years,NA,2026-03-07,2012-01-01,event
University College London Hospitals,condition_occurrence,TRUE,Number of records,NA,2018-01-01 to 2018-12-31,322,0,NA,years,NA,2026-03-07,2012-01-01,event
University College London Hospitals,condition_occurrence,FALSE,Number of records,NA,2018-01-01 to 2018-12-31,10171,0.08,NA,years,NA,2026-03-07,2012-01-01,event
University College London Hospitals,procedure_occurrence,overall,Number of records,NA,2018-01-01 to 2018-12-31,NA,NA,NA,years,NA,2026-03-07,2012-01-01,event
University College London Hospitals,procedure_occurrence,TRUE,Number of records,NA,2018-01-01 to 2018-12-31,NA,NA,NA,years,NA,2026-03-07,2012-01-01,event
University College London Hospitals,death,overall,Number of records,NA,2018-01-01 to 2018-12-31,360,0.55,NA,years,NA,2026-03-07,2012-01-01,event
University College London Hospitals,death,FALSE,Number of records,NA,2018-01-01 to 2018-12-31,360,0.55,NA,years,NA,2026-03-07,2012-01-01,event
University College London Hospitals,visit_occurrence,overall,Number of records,NA,2019-01-01 to 2019-12-31,1689007,8.89,NA,years,NA,2026-03-07,2012-01-01,event
University College London Hospitals,visit_occurrence,TRUE,Number of records,NA,2019-01-01 to 2019-12-31,1685765,8.87,NA,years,NA,2026-03-07,2012-01-01,event
University College London Hospitals,visit_occurrence,FALSE,Number of records,NA,2019-01-01 to 2019-12-31,3242,0.02,NA,years,NA,2026-03-07,2012-01-01,event
University College London Hospitals,visit_detail,overall,Number of records,NA,2019-01-01 to 2019-12-31,1664358,9.06,NA,years,NA,2026-03-07,2012-01-01,event
University College London Hospitals,visit_detail,TRUE,Number of records,NA,2019-01-01 to 2019-12-31,1503181,8.18,NA,years,NA,2026-03-07,2012-01-01,event
University College London Hospitals,visit_detail,FALSE,Number of records,NA,2019-01-01 to 2019-12-31,161177,0.88,NA,years,NA,2026-03-07,2012-01-01,event
University College London Hospitals,condition_occurrence,overall,Number of records,NA,2019-01-01 to 2019-12-31,1450039,11.38,NA,years,NA,2026-03-07,2012-01-01,event
University College London Hospitals,condition_occurrence,FALSE,Number of records,NA,2019-01-01 to 2019-12-31,204571,1.61,NA,years,NA,2026-03-07,2012-01-01,event
University College London Hospitals,condition_occurrence,TRUE,Number of records,NA,2019-01-01 to 2019-12-31,1245468,9.77,NA,years,NA,2026-03-07,2012-01-01,event
University College London Hospitals,drug_exposure,overall,Number of records,NA,2019-01-01 to 2019-12-31,4035635,9.68,NA,years,NA,2026-03-07,2012-01-01,event
University College London Hospitals,drug_exposure,TRUE,Number of records,NA,2019-01-01 to 2019-12-31,4013482,9.62,NA,years,NA,2026-03-07,2012-01-01,event
University College London Hospitals,drug_exposure,FALSE,Number of records,NA,2019-01-01 to 2019-12-31,22153,0.05,NA,years,NA,2026-03-07,2012-01-01,event
University College London Hospitals,procedure_occurrence,overall,Number of records,NA,2019-01-01 to 2019-12-31,4276806,9,NA,years,NA,2026-03-07,2012-01-01,event
University College London Hospitals,procedure_occurrence,TRUE,Number of records,NA,2019-01-01 to 2019-12-31,4218365,8.87,NA,years,NA,2026-03-07,2012-01-01,event
University College London Hospitals,procedure_occurrence,FALSE,Number of records,NA,2019-01-01 to 2019-12-31,58441,0.12,NA,years,NA,2026-03-07,2012-01-01,event
University College London Hospitals,device_exposure,overall,Number of records,NA,2019-01-01 to 2019-12-31,585660,8.43,NA,years,NA,2026-03-07,2012-01-01,event
University College London Hospitals,device_exposure,TRUE,Number of records,NA,2019-01-01 to 2019-12-31,582251,8.38,NA,years,NA,2026-03-07,2012-01-01,event
University College London Hospitals,device_exposure,FALSE,Number of records,NA,2019-01-01 to 2019-12-31,3409,0.05,NA,years,NA,2026-03-07,2012-01-01,event
University College London Hospitals,measurement,overall,Number of records,NA,2019-01-01 to 2019-12-31,68581700,9.74,NA,years,NA,2026-03-07,2012-01-01,event
University College London Hospitals,measurement,FALSE,Number of records,NA,2019-01-01 to 2019-12-31,317894,0.05,NA,years,NA,2026-03-07,2012-01-01,event
University College London Hospitals,measurement,TRUE,Number of records,NA,2019-01-01 to 2019-12-31,68263806,9.7,NA,years,NA,2026-03-07,2012-01-01,event
University College London Hospitals,observation,overall,Number of records,NA,2019-01-01 to 2019-12-31,21248502,19.23,NA,years,NA,2026-03-07,2012-01-01,event
University College London Hospitals,observation,TRUE,Number of records,NA,2019-01-01 to 2019-12-31,9763623,8.84,NA,years,NA,2026-03-07,2012-01-01,event
University College London Hospitals,observation,FALSE,Number of records,NA,2019-01-01 to 2019-12-31,11484879,10.39,NA,years,NA,2026-03-07,2012-01-01,event
University College London Hospitals,death,overall,Number of records,NA,2019-01-01 to 2019-12-31,3495,5.36,NA,years,NA,2026-03-07,2012-01-01,event
University College London Hospitals,death,TRUE,Number of records,NA,2019-01-01 to 2019-12-31,1715,2.63,NA,years,NA,2026-03-07,2012-01-01,event
University College London Hospitals,death,FALSE,Number of records,NA,2019-01-01 to 2019-12-31,1780,2.73,NA,years,NA,2026-03-07,2012-01-01,event
University College London Hospitals,visit_occurrence,overall,Number of records,NA,2020-01-01 to 2020-12-31,2387877,12.57,NA,years,NA,2026-03-07,2012-01-01,event
University College London Hospitals,visit_occurrence,TRUE,Number of records,NA,2020-01-01 to 2020-12-31,2378587,12.52,NA,years,NA,2026-03-07,2012-01-01,event
University College London Hospitals,visit_occurrence,FALSE,Number of records,NA,2020-01-01 to 2020-12-31,9290,0.05,NA,years,NA,2026-03-07,2012-01-01,event
University College London Hospitals,visit_detail,overall,Number of records,NA,2020-01-01 to 2020-12-31,2174044,11.83,NA,years,NA,2026-03-07,2012-01-01,event
University College London Hospitals,visit_detail,TRUE,Number of records,NA,2020-01-01 to 2020-12-31,2124624,11.56,NA,years,NA,2026-03-07,2012-01-01,event
University College London Hospitals,visit_detail,FALSE,Number of records,NA,2020-01-01 to 2020-12-31,49420,0.27,NA,years,NA,2026-03-07,2012-01-01,event
University College London Hospitals,condition_occurrence,overall,Number of records,NA,2020-01-01 to 2020-12-31,1543681,12.11,NA,years,NA,2026-03-07,2012-01-01,event
University College London Hospitals,condition_occurrence,TRUE,Number of records,NA,2020-01-01 to 2020-12-31,1520653,11.93,NA,years,NA,2026-03-07,2012-01-01,event
University College London Hospitals,condition_occurrence,FALSE,Number of records,NA,2020-01-01 to 2020-12-31,23028,0.18,NA,years,NA,2026-03-07,2012-01-01,event
University College London Hospitals,drug_exposure,overall,Number of records,NA,2020-01-01 to 2020-12-31,5063195,12.14,NA,years,NA,2026-03-07,2012-01-01,event
University College London Hospitals,drug_exposure,FALSE,Number of records,NA,2020-01-01 to 2020-12-31,19704,0.05,NA,years,NA,2026-03-07,2012-01-01,event
University College London Hospitals,drug_exposure,TRUE,Number of records,NA,2020-01-01 to 2020-12-31,5043491,12.09,NA,years,NA,2026-03-07,2012-01-01,event
University College London Hospitals,procedure_occurrence,overall,Number of records,NA,2020-01-01 to 2020-12-31,5020555,10.56,NA,years,NA,2026-03-07,2012-01-01,event
University College London Hospitals,procedure_occurrence,TRUE,Number of records,NA,2020-01-01 to 2020-12-31,4972687,10.46,NA,years,NA,2026-03-07,2012-01-01,event
University College London Hospitals,procedure_occurrence,FALSE,Number of records,NA,2020-01-01 to 2020-12-31,47868,0.1,NA,years,NA,2026-03-07,2012-01-01,event
University College London Hospitals,device_exposure,overall,Number of records,NA,2020-01-01 to 2020-12-31,858123,12.35,NA,years,NA,2026-03-07,2012-01-01,event
University College London Hospitals,device_exposure,TRUE,Number of records,NA,2020-01-01 to 2020-12-31,855722,12.32,NA,years,NA,2026-03-07,2012-01-01,event
University College London Hospitals,device_exposure,FALSE,Number of records,NA,2020-01-01 to 2020-12-31,2401,0.03,NA,years,NA,2026-03-07,2012-01-01,event
University College London Hospitals,measurement,overall,Number of records,NA,2020-01-01 to 2020-12-31,81565092,11.59,NA,years,NA,2026-03-07,2012-01-01,event
University College London Hospitals,measurement,TRUE,Number of records,NA,2020-01-01 to 2020-12-31,81303510,11.55,NA,years,NA,2026-03-07,2012-01-01,event
University College London Hospitals,measurement,FALSE,Number of records,NA,2020-01-01 to 2020-12-31,261582,0.04,NA,years,NA,2026-03-07,2012-01-01,event
University College London Hospitals,observation,overall,Number of records,NA,2020-01-01 to 2020-12-31,11976936,10.84,NA,years,NA,2026-03-07,2012-01-01,event
University College London Hospitals,observation,TRUE,Number of records,NA,2020-01-01 to 2020-12-31,11413409,10.33,NA,years,NA,2026-03-07,2012-01-01,event
University College London Hospitals,observation,FALSE,Number of records,NA,2020-01-01 to 2020-12-31,563527,0.51,NA,years,NA,2026-03-07,2012-01-01,event
University College London Hospitals,death,overall,Number of records,NA,2020-01-01 to 2020-12-31,8066,12.37,NA,years,NA,2026-03-07,2012-01-01,event
University College London Hospitals,death,TRUE,Number of records,NA,2020-01-01 to 2020-12-31,3409,5.23,NA,years,NA,2026-03-07,2012-01-01,event
University College London Hospitals,death,FALSE,Number of records,NA,2020-01-01 to 2020-12-31,4657,7.14,NA,years,NA,2026-03-07,2012-01-01,event
University College London Hospitals,visit_occurrence,overall,Number of records,NA,2021-01-01 to 2021-12-31,2658716,13.99,NA,years,NA,2026-03-07,2012-01-01,event
University College London Hospitals,visit_occurrence,FALSE,Number of records,NA,2021-01-01 to 2021-12-31,11615,0.06,NA,years,NA,2026-03-07,2012-01-01,event
University College London Hospitals,visit_occurrence,TRUE,Number of records,NA,2021-01-01 to 2021-12-31,2647101,13.93,NA,years,NA,2026-03-07,2012-01-01,event
University College London Hospitals,visit_detail,overall,Number of records,NA,2021-01-01 to 2021-12-31,2545518,13.85,NA,years,NA,2026-03-07,2012-01-01,event
University College London Hospitals,visit_detail,TRUE,Number of records,NA,2021-01-01 to 2021-12-31,2485416,13.53,NA,years,NA,2026-03-07,2012-01-01,event
University College London Hospitals,visit_detail,FALSE,Number of records,NA,2021-01-01 to 2021-12-31,60102,0.33,NA,years,NA,2026-03-07,2012-01-01,event
University College London Hospitals,condition_occurrence,overall,Number of records,NA,2021-01-01 to 2021-12-31,1714543,13.45,NA,years,NA,2026-03-07,2012-01-01,event
University College London Hospitals,condition_occurrence,TRUE,Number of records,NA,2021-01-01 to 2021-12-31,1697090,13.32,NA,years,NA,2026-03-07,2012-01-01,event
University College London Hospitals,condition_occurrence,FALSE,Number of records,NA,2021-01-01 to 2021-12-31,17453,0.14,NA,years,NA,2026-03-07,2012-01-01,event
University College London Hospitals,drug_exposure,overall,Number of records,NA,2021-01-01 to 2021-12-31,5822642,13.96,NA,years,NA,2026-03-07,2012-01-01,event
University College London Hospitals,drug_exposure,FALSE,Number of records,NA,2021-01-01 to 2021-12-31,21154,0.05,NA,years,NA,2026-03-07,2012-01-01,event
University College London Hospitals,drug_exposure,TRUE,Number of records,NA,2021-01-01 to 2021-12-31,5801488,13.91,NA,years,NA,2026-03-07,2012-01-01,event
University College London Hospitals,procedure_occurrence,overall,Number of records,NA,2021-01-01 to 2021-12-31,5662315,11.91,NA,years,NA,2026-03-07,2012-01-01,event
University College London Hospitals,procedure_occurrence,FALSE,Number of records,NA,2021-01-01 to 2021-12-31,50872,0.11,NA,years,NA,2026-03-07,2012-01-01,event
University College London Hospitals,procedure_occurrence,TRUE,Number of records,NA,2021-01-01 to 2021-12-31,5611443,11.8,NA,years,NA,2026-03-07,2012-01-01,event
University College London Hospitals,device_exposure,overall,Number of records,NA,2021-01-01 to 2021-12-31,1116145,16.06,NA,years,NA,2026-03-07,2012-01-01,event
University College London Hospitals,device_exposure,TRUE,Number of records,NA,2021-01-01 to 2021-12-31,1113204,16.02,NA,years,NA,2026-03-07,2012-01-01,event
University College London Hospitals,device_exposure,FALSE,Number of records,NA,2021-01-01 to 2021-12-31,2941,0.04,NA,years,NA,2026-03-07,2012-01-01,event
University College London Hospitals,measurement,overall,Number of records,NA,2021-01-01 to 2021-12-31,95159632,13.52,NA,years,NA,2026-03-07,2012-01-01,event
University College London Hospitals,measurement,FALSE,Number of records,NA,2021-01-01 to 2021-12-31,277385,0.04,NA,years,NA,2026-03-07,2012-01-01,event
University College London Hospitals,measurement,TRUE,Number of records,NA,2021-01-01 to 2021-12-31,94882247,13.48,NA,years,NA,2026-03-07,2012-01-01,event
University College London Hospitals,observation,overall,Number of records,NA,2021-01-01 to 2021-12-31,13504591,12.22,NA,years,NA,2026-03-07,2012-01-01,event
University College London Hospitals,observation,FALSE,Number of records,NA,2021-01-01 to 2021-12-31,443288,0.4,NA,years,NA,2026-03-07,2012-01-01,event
University College London Hospitals,observation,TRUE,Number of records,NA,2021-01-01 to 2021-12-31,13061303,11.82,NA,years,NA,2026-03-07,2012-01-01,event
University College London Hospitals,death,overall,Number of records,NA,2021-01-01 to 2021-12-31,9457,14.51,NA,years,NA,2026-03-07,2012-01-01,event
University College London Hospitals,death,TRUE,Number of records,NA,2021-01-01 to 2021-12-31,3651,5.6,NA,years,NA,2026-03-07,2012-01-01,event
University College London Hospitals,death,FALSE,Number of records,NA,2021-01-01 to 2021-12-31,5806,8.91,NA,years,NA,2026-03-07,2012-01-01,event
University College London Hospitals,visit_occurrence,overall,Number of records,NA,2022-01-01 to 2022-12-31,2877870,15.15,NA,years,NA,2026-03-07,2012-01-01,event
University College London Hospitals,visit_occurrence,FALSE,Number of records,NA,2022-01-01 to 2022-12-31,10651,0.06,NA,years,NA,2026-03-07,2012-01-01,event
University College London Hospitals,visit_occurrence,TRUE,Number of records,NA,2022-01-01 to 2022-12-31,2867219,15.09,NA,years,NA,2026-03-07,2012-01-01,event
University College London Hospitals,visit_detail,overall,Number of records,NA,2022-01-01 to 2022-12-31,2731638,14.87,NA,years,NA,2026-03-07,2012-01-01,event
University College London Hospitals,visit_detail,FALSE,Number of records,NA,2022-01-01 to 2022-12-31,59863,0.33,NA,years,NA,2026-03-07,2012-01-01,event
University College London Hospitals,visit_detail,TRUE,Number of records,NA,2022-01-01 to 2022-12-31,2671775,14.54,NA,years,NA,2026-03-07,2012-01-01,event
University College London Hospitals,condition_occurrence,overall,Number of records,NA,2022-01-01 to 2022-12-31,1821318,14.29,NA,years,NA,2026-03-07,2012-01-01,event
University College London Hospitals,condition_occurrence,FALSE,Number of records,NA,2022-01-01 to 2022-12-31,18511,0.15,NA,years,NA,2026-03-07,2012-01-01,event
University College London Hospitals,condition_occurrence,TRUE,Number of records,NA,2022-01-01 to 2022-12-31,1802807,14.15,NA,years,NA,2026-03-07,2012-01-01,event
University College London Hospitals,drug_exposure,overall,Number of records,NA,2022-01-01 to 2022-12-31,6023765,14.45,NA,years,NA,2026-03-07,2012-01-01,event
University College London Hospitals,drug_exposure,FALSE,Number of records,NA,2022-01-01 to 2022-12-31,25129,0.06,NA,years,NA,2026-03-07,2012-01-01,event
University College London Hospitals,drug_exposure,TRUE,Number of records,NA,2022-01-01 to 2022-12-31,5998636,14.39,NA,years,NA,2026-03-07,2012-01-01,event
University College London Hospitals,procedure_occurrence,overall,Number of records,NA,2022-01-01 to 2022-12-31,7091480,14.92,NA,years,NA,2026-03-07,2012-01-01,event
University College London Hospitals,procedure_occurrence,TRUE,Number of records,NA,2022-01-01 to 2022-12-31,7025329,14.78,NA,years,NA,2026-03-07,2012-01-01,event
University College London Hospitals,procedure_occurrence,FALSE,Number of records,NA,2022-01-01 to 2022-12-31,66151,0.14,NA,years,NA,2026-03-07,2012-01-01,event
University College London Hospitals,device_exposure,overall,Number of records,NA,2022-01-01 to 2022-12-31,1022727,14.72,NA,years,NA,2026-03-07,2012-01-01,event
University College London Hospitals,device_exposure,FALSE,Number of records,NA,2022-01-01 to 2022-12-31,2306,0.03,NA,years,NA,2026-03-07,2012-01-01,event
University College London Hospitals,device_exposure,TRUE,Number of records,NA,2022-01-01 to 2022-12-31,1020421,14.69,NA,years,NA,2026-03-07,2012-01-01,event
University College London Hospitals,measurement,overall,Number of records,NA,2022-01-01 to 2022-12-31,101720270,14.45,NA,years,NA,2026-03-07,2012-01-01,event
University College London Hospitals,measurement,TRUE,Number of records,NA,2022-01-01 to 2022-12-31,101400171,14.41,NA,years,NA,2026-03-07,2012-01-01,event
University College London Hospitals,measurement,FALSE,Number of records,NA,2022-01-01 to 2022-12-31,320099,0.05,NA,years,NA,2026-03-07,2012-01-01,event
University College London Hospitals,observation,overall,Number of records,NA,2022-01-01 to 2022-12-31,14554944,13.17,NA,years,NA,2026-03-07,2012-01-01,event
University College London Hospitals,observation,FALSE,Number of records,NA,2022-01-01 to 2022-12-31,596017,0.54,NA,years,NA,2026-03-07,2012-01-01,event
University College London Hospitals,observation,TRUE,Number of records,NA,2022-01-01 to 2022-12-31,13958927,12.63,NA,years,NA,2026-03-07,2012-01-01,event
University College London Hospitals,death,overall,Number of records,NA,2022-01-01 to 2022-12-31,10388,15.94,NA,years,NA,2026-03-07,2012-01-01,event
University College London Hospitals,death,FALSE,Number of records,NA,2022-01-01 to 2022-12-31,6831,10.48,NA,years,NA,2026-03-07,2012-01-01,event
University College London Hospitals,death,TRUE,Number of records,NA,2022-01-01 to 2022-12-31,3557,5.46,NA,years,NA,2026-03-07,2012-01-01,event
University College London Hospitals,visit_occurrence,overall,Number of records,NA,2023-01-01 to 2023-12-31,2871652,15.11,NA,years,NA,2026-03-07,2012-01-01,event
University College London Hospitals,visit_occurrence,TRUE,Number of records,NA,2023-01-01 to 2023-12-31,2861158,15.06,NA,years,NA,2026-03-07,2012-01-01,event
University College London Hospitals,visit_occurrence,FALSE,Number of records,NA,2023-01-01 to 2023-12-31,10494,0.06,NA,years,NA,2026-03-07,2012-01-01,event
University College London Hospitals,visit_detail,overall,Number of records,NA,2023-01-01 to 2023-12-31,2763184,15.04,NA,years,NA,2026-03-07,2012-01-01,event
University College London Hospitals,visit_detail,TRUE,Number of records,NA,2023-01-01 to 2023-12-31,2707490,14.73,NA,years,NA,2026-03-07,2012-01-01,event
University College London Hospitals,visit_detail,FALSE,Number of records,NA,2023-01-01 to 2023-12-31,55694,0.3,NA,years,NA,2026-03-07,2012-01-01,event
University College London Hospitals,condition_occurrence,overall,Number of records,NA,2023-01-01 to 2023-12-31,1840807,14.45,NA,years,NA,2026-03-07,2012-01-01,event
University College London Hospitals,condition_occurrence,TRUE,Number of records,NA,2023-01-01 to 2023-12-31,1818401,14.27,NA,years,NA,2026-03-07,2012-01-01,event
University College London Hospitals,condition_occurrence,FALSE,Number of records,NA,2023-01-01 to 2023-12-31,22406,0.18,NA,years,NA,2026-03-07,2012-01-01,event
University College London Hospitals,drug_exposure,overall,Number of records,NA,2023-01-01 to 2023-12-31,6199840,14.87,NA,years,NA,2026-03-07,2012-01-01,event
University College London Hospitals,drug_exposure,FALSE,Number of records,NA,2023-01-01 to 2023-12-31,27152,0.07,NA,years,NA,2026-03-07,2012-01-01,event
University College London Hospitals,drug_exposure,TRUE,Number of records,NA,2023-01-01 to 2023-12-31,6172688,14.8,NA,years,NA,2026-03-07,2012-01-01,event
University College London Hospitals,procedure_occurrence,overall,Number of records,NA,2023-01-01 to 2023-12-31,7614205,16.02,NA,years,NA,2026-03-07,2012-01-01,event
University College London Hospitals,procedure_occurrence,TRUE,Number of records,NA,2023-01-01 to 2023-12-31,7543974,15.87,NA,years,NA,2026-03-07,2012-01-01,event
University College London Hospitals,procedure_occurrence,FALSE,Number of records,NA,2023-01-01 to 2023-12-31,70231,0.15,NA,years,NA,2026-03-07,2012-01-01,event
University College London Hospitals,device_exposure,overall,Number of records,NA,2023-01-01 to 2023-12-31,1051500,15.13,NA,years,NA,2026-03-07,2012-01-01,event
University College London Hospitals,device_exposure,TRUE,Number of records,NA,2023-01-01 to 2023-12-31,1049041,15.1,NA,years,NA,2026-03-07,2012-01-01,event
University College London Hospitals,device_exposure,FALSE,Number of records,NA,2023-01-01 to 2023-12-31,2459,0.04,NA,years,NA,2026-03-07,2012-01-01,event
University College London Hospitals,measurement,overall,Number of records,NA,2023-01-01 to 2023-12-31,104506347,14.85,NA,years,NA,2026-03-07,2012-01-01,event
University College London Hospitals,measurement,FALSE,Number of records,NA,2023-01-01 to 2023-12-31,306370,0.04,NA,years,NA,2026-03-07,2012-01-01,event
University College London Hospitals,measurement,TRUE,Number of records,NA,2023-01-01 to 2023-12-31,104199977,14.8,NA,years,NA,2026-03-07,2012-01-01,event
University College London Hospitals,observation,overall,Number of records,NA,2023-01-01 to 2023-12-31,14911967,13.49,NA,years,NA,2026-03-07,2012-01-01,event
University College London Hospitals,observation,FALSE,Number of records,NA,2023-01-01 to 2023-12-31,564188,0.51,NA,years,NA,2026-03-07,2012-01-01,event
University College London Hospitals,observation,TRUE,Number of records,NA,2023-01-01 to 2023-12-31,14347779,12.98,NA,years,NA,2026-03-07,2012-01-01,event
University College London Hospitals,death,overall,Number of records,NA,2023-01-01 to 2023-12-31,11518,17.67,NA,years,NA,2026-03-07,2012-01-01,event
University College London Hospitals,death,FALSE,Number of records,NA,2023-01-01 to 2023-12-31,7856,12.05,NA,years,NA,2026-03-07,2012-01-01,event
University College London Hospitals,death,TRUE,Number of records,NA,2023-01-01 to 2023-12-31,3662,5.62,NA,years,NA,2026-03-07,2012-01-01,event
University College London Hospitals,visit_occurrence,overall,Number of records,NA,2024-01-01 to 2024-12-31,2956514,15.56,NA,years,NA,2026-03-07,2012-01-01,event
University College London Hospitals,visit_occurrence,FALSE,Number of records,NA,2024-01-01 to 2024-12-31,10166,0.05,NA,years,NA,2026-03-07,2012-01-01,event
University College London Hospitals,visit_occurrence,TRUE,Number of records,NA,2024-01-01 to 2024-12-31,2946348,15.51,NA,years,NA,2026-03-07,2012-01-01,event
University College London Hospitals,visit_detail,overall,Number of records,NA,2024-01-01 to 2024-12-31,3005993,16.36,NA,years,NA,2026-03-07,2012-01-01,event
University College London Hospitals,visit_detail,FALSE,Number of records,NA,2024-01-01 to 2024-12-31,56835,0.31,NA,years,NA,2026-03-07,2012-01-01,event
University College London Hospitals,visit_detail,TRUE,Number of records,NA,2024-01-01 to 2024-12-31,2949158,16.05,NA,years,NA,2026-03-07,2012-01-01,event
University College London Hospitals,condition_occurrence,overall,Number of records,NA,2024-01-01 to 2024-12-31,1963514,15.41,NA,years,NA,2026-03-07,2012-01-01,event
University College London Hospitals,condition_occurrence,FALSE,Number of records,NA,2024-01-01 to 2024-12-31,24582,0.19,NA,years,NA,2026-03-07,2012-01-01,event
University College London Hospitals,condition_occurrence,TRUE,Number of records,NA,2024-01-01 to 2024-12-31,1938932,15.22,NA,years,NA,2026-03-07,2012-01-01,event
University College London Hospitals,drug_exposure,overall,Number of records,NA,2024-01-01 to 2024-12-31,6651352,15.95,NA,years,NA,2026-03-07,2012-01-01,event
University College London Hospitals,drug_exposure,FALSE,Number of records,NA,2024-01-01 to 2024-12-31,25964,0.06,NA,years,NA,2026-03-07,2012-01-01,event
University College London Hospitals,drug_exposure,TRUE,Number of records,NA,2024-01-01 to 2024-12-31,6625388,15.89,NA,years,NA,2026-03-07,2012-01-01,event
University College London Hospitals,procedure_occurrence,overall,Number of records,NA,2024-01-01 to 2024-12-31,8287273,17.43,NA,years,NA,2026-03-07,2012-01-01,event
University College London Hospitals,procedure_occurrence,TRUE,Number of records,NA,2024-01-01 to 2024-12-31,8204601,17.26,NA,years,NA,2026-03-07,2012-01-01,event
University College London Hospitals,procedure_occurrence,FALSE,Number of records,NA,2024-01-01 to 2024-12-31,82672,0.17,NA,years,NA,2026-03-07,2012-01-01,event
University College London Hospitals,device_exposure,overall,Number of records,NA,2024-01-01 to 2024-12-31,1082330,15.58,NA,years,NA,2026-03-07,2012-01-01,event
University College London Hospitals,device_exposure,FALSE,Number of records,NA,2024-01-01 to 2024-12-31,2243,0.03,NA,years,NA,2026-03-07,2012-01-01,event
University College London Hospitals,device_exposure,TRUE,Number of records,NA,2024-01-01 to 2024-12-31,1080087,15.54,NA,years,NA,2026-03-07,2012-01-01,event
University College London Hospitals,measurement,overall,Number of records,NA,2024-01-01 to 2024-12-31,115003721,16.34,NA,years,NA,2026-03-07,2012-01-01,event
University College London Hospitals,measurement,TRUE,Number of records,NA,2024-01-01 to 2024-12-31,114693874,16.29,NA,years,NA,2026-03-07,2012-01-01,event
University College London Hospitals,measurement,FALSE,Number of records,NA,2024-01-01 to 2024-12-31,309847,0.04,NA,years,NA,2026-03-07,2012-01-01,event
University College London Hospitals,observation,overall,Number of records,NA,2024-01-01 to 2024-12-31,15798484,14.3,NA,years,NA,2026-03-07,2012-01-01,event
University College London Hospitals,observation,FALSE,Number of records,NA,2024-01-01 to 2024-12-31,501779,0.45,NA,years,NA,2026-03-07,2012-01-01,event
University College London Hospitals,observation,TRUE,Number of records,NA,2024-01-01 to 2024-12-31,15296705,13.84,NA,years,NA,2026-03-07,2012-01-01,event
University College London Hospitals,death,overall,Number of records,NA,2024-01-01 to 2024-12-31,12506,19.18,NA,years,NA,2026-03-07,2012-01-01,event
University College London Hospitals,death,FALSE,Number of records,NA,2024-01-01 to 2024-12-31,8991,13.79,NA,years,NA,2026-03-07,2012-01-01,event
University College London Hospitals,death,TRUE,Number of records,NA,2024-01-01 to 2024-12-31,3515,5.39,NA,years,NA,2026-03-07,2012-01-01,event
University College London Hospitals,visit_occurrence,overall,Number of records,NA,2025-01-01 to 2025-12-31,3040057,16,NA,years,NA,2026-03-07,2012-01-01,event
University College London Hospitals,visit_occurrence,FALSE,Number of records,NA,2025-01-01 to 2025-12-31,9738,0.05,NA,years,NA,2026-03-07,2012-01-01,event
University College London Hospitals,visit_occurrence,TRUE,Number of records,NA,2025-01-01 to 2025-12-31,3030319,15.95,NA,years,NA,2026-03-07,2012-01-01,event
University College London Hospitals,visit_detail,overall,Number of records,NA,2025-01-01 to 2025-12-31,2999887,16.33,NA,years,NA,2026-03-07,2012-01-01,event
University College London Hospitals,visit_detail,FALSE,Number of records,NA,2025-01-01 to 2025-12-31,60087,0.33,NA,years,NA,2026-03-07,2012-01-01,event
University College London Hospitals,visit_detail,TRUE,Number of records,NA,2025-01-01 to 2025-12-31,2939800,16,NA,years,NA,2026-03-07,2012-01-01,event
University College London Hospitals,condition_occurrence,overall,Number of records,NA,2025-01-01 to 2025-12-31,2123488,16.66,NA,years,NA,2026-03-07,2012-01-01,event
University College London Hospitals,condition_occurrence,FALSE,Number of records,NA,2025-01-01 to 2025-12-31,25186,0.2,NA,years,NA,2026-03-07,2012-01-01,event
University College London Hospitals,condition_occurrence,TRUE,Number of records,NA,2025-01-01 to 2025-12-31,2098302,16.47,NA,years,NA,2026-03-07,2012-01-01,event
University College London Hospitals,drug_exposure,overall,Number of records,NA,2025-01-01 to 2025-12-31,6847061,16.42,NA,years,NA,2026-03-07,2012-01-01,event
University College London Hospitals,drug_exposure,FALSE,Number of records,NA,2025-01-01 to 2025-12-31,26708,0.06,NA,years,NA,2026-03-07,2012-01-01,event
University College London Hospitals,drug_exposure,TRUE,Number of records,NA,2025-01-01 to 2025-12-31,6820353,16.36,NA,years,NA,2026-03-07,2012-01-01,event
University College London Hospitals,procedure_occurrence,overall,Number of records,NA,2025-01-01 to 2025-12-31,8268664,17.39,NA,years,NA,2026-03-07,2012-01-01,event
University College London Hospitals,procedure_occurrence,TRUE,Number of records,NA,2025-01-01 to 2025-12-31,8182980,17.21,NA,years,NA,2026-03-07,2012-01-01,event
University College London Hospitals,procedure_occurrence,FALSE,Number of records,NA,2025-01-01 to 2025-12-31,85684,0.18,NA,years,NA,2026-03-07,2012-01-01,event
University College London Hospitals,device_exposure,overall,Number of records,NA,2025-01-01 to 2025-12-31,1054112,15.17,NA,years,NA,2026-03-07,2012-01-01,event
University College London Hospitals,device_exposure,FALSE,Number of records,NA,2025-01-01 to 2025-12-31,2031,0.03,NA,years,NA,2026-03-07,2012-01-01,event
University College London Hospitals,device_exposure,TRUE,Number of records,NA,2025-01-01 to 2025-12-31,1052081,15.14,NA,years,NA,2026-03-07,2012-01-01,event
University College London Hospitals,measurement,overall,Number of records,NA,2025-01-01 to 2025-12-31,118962456,16.9,NA,years,NA,2026-03-07,2012-01-01,event
University College London Hospitals,measurement,FALSE,Number of records,NA,2025-01-01 to 2025-12-31,335511,0.05,NA,years,NA,2026-03-07,2012-01-01,event
University College London Hospitals,measurement,TRUE,Number of records,NA,2025-01-01 to 2025-12-31,118626945,16.85,NA,years,NA,2026-03-07,2012-01-01,event
University College London Hospitals,observation,overall,Number of records,NA,2025-01-01 to 2025-12-31,16108513,14.58,NA,years,NA,2026-03-07,2012-01-01,event
University College London Hospitals,observation,FALSE,Number of records,NA,2025-01-01 to 2025-12-31,480036,0.43,NA,years,NA,2026-03-07,2012-01-01,event
University College London Hospitals,observation,TRUE,Number of records,NA,2025-01-01 to 2025-12-31,15628477,14.14,NA,years,NA,2026-03-07,2012-01-01,event
University College London Hospitals,death,overall,Number of records,NA,2025-01-01 to 2025-12-31,8003,12.28,NA,years,NA,2026-03-07,2012-01-01,event
University College London Hospitals,death,TRUE,Number of records,NA,2025-01-01 to 2025-12-31,3106,4.76,NA,years,NA,2026-03-07,2012-01-01,event
University College London Hospitals,death,FALSE,Number of records,NA,2025-01-01 to 2025-12-31,4897,7.51,NA,years,NA,2026-03-07,2012-01-01,event
University College London Hospitals,visit_occurrence,overall,Number of records,NA,2026-01-01 to 2026-12-31,518703,2.73,NA,years,NA,2026-03-07,2012-01-01,event
University College London Hospitals,visit_occurrence,TRUE,Number of records,NA,2026-01-01 to 2026-12-31,461411,2.43,NA,years,NA,2026-03-07,2012-01-01,event
University College London Hospitals,visit_occurrence,FALSE,Number of records,NA,2026-01-01 to 2026-12-31,57292,0.3,NA,years,NA,2026-03-07,2012-01-01,event
University College London Hospitals,visit_detail,overall,Number of records,NA,2026-01-01 to 2026-12-31,490754,2.67,NA,years,NA,2026-03-07,2012-01-01,event
University College London Hospitals,visit_detail,FALSE,Number of records,NA,2026-01-01 to 2026-12-31,42603,0.23,NA,years,NA,2026-03-07,2012-01-01,event
University College London Hospitals,visit_detail,TRUE,Number of records,NA,2026-01-01 to 2026-12-31,448151,2.44,NA,years,NA,2026-03-07,2012-01-01,event
University College London Hospitals,condition_occurrence,overall,Number of records,NA,2026-01-01 to 2026-12-31,258459,2.03,NA,years,NA,2026-03-07,2012-01-01,event
University College London Hospitals,condition_occurrence,FALSE,Number of records,NA,2026-01-01 to 2026-12-31,3709,0.03,NA,years,NA,2026-03-07,2012-01-01,event
University College London Hospitals,condition_occurrence,TRUE,Number of records,NA,2026-01-01 to 2026-12-31,254750,2,NA,years,NA,2026-03-07,2012-01-01,event
University College London Hospitals,drug_exposure,overall,Number of records,NA,2026-01-01 to 2026-12-31,1056581,2.53,NA,years,NA,2026-03-07,2012-01-01,event
University College London Hospitals,drug_exposure,TRUE,Number of records,NA,2026-01-01 to 2026-12-31,1035304,2.48,NA,years,NA,2026-03-07,2012-01-01,event
University College London Hospitals,drug_exposure,FALSE,Number of records,NA,2026-01-01 to 2026-12-31,21277,0.05,NA,years,NA,2026-03-07,2012-01-01,event
University College London Hospitals,procedure_occurrence,overall,Number of records,NA,2026-01-01 to 2026-12-31,1318308,2.77,NA,years,NA,2026-03-07,2012-01-01,event
University College London Hospitals,procedure_occurrence,TRUE,Number of records,NA,2026-01-01 to 2026-12-31,1293046,2.72,NA,years,NA,2026-03-07,2012-01-01,event
University College London Hospitals,procedure_occurrence,FALSE,Number of records,NA,2026-01-01 to 2026-12-31,25262,0.05,NA,years,NA,2026-03-07,2012-01-01,event
University College London Hospitals,device_exposure,overall,Number of records,NA,2026-01-01 to 2026-12-31,178000,2.56,NA,years,NA,2026-03-07,2012-01-01,event
University College London Hospitals,device_exposure,FALSE,Number of records,NA,2026-01-01 to 2026-12-31,2430,0.03,NA,years,NA,2026-03-07,2012-01-01,event
University College London Hospitals,device_exposure,TRUE,Number of records,NA,2026-01-01 to 2026-12-31,175570,2.53,NA,years,NA,2026-03-07,2012-01-01,event
University College London Hospitals,measurement,overall,Number of records,NA,2026-01-01 to 2026-12-31,18392182,2.61,NA,years,NA,2026-03-07,2012-01-01,event
University College London Hospitals,measurement,TRUE,Number of records,NA,2026-01-01 to 2026-12-31,18133844,2.58,NA,years,NA,2026-03-07,2012-01-01,event
University College London Hospitals,measurement,FALSE,Number of records,NA,2026-01-01 to 2026-12-31,258338,0.04,NA,years,NA,2026-03-07,2012-01-01,event
University College London Hospitals,observation,overall,Number of records,NA,2026-01-01 to 2026-12-31,2403963,2.18,NA,years,NA,2026-03-07,2012-01-01,event
University College London Hospitals,observation,TRUE,Number of records,NA,2026-01-01 to 2026-12-31,2303917,2.08,NA,years,NA,2026-03-07,2012-01-01,event
University College London Hospitals,observation,FALSE,Number of records,NA,2026-01-01 to 2026-12-31,100046,0.09,NA,years,NA,2026-03-07,2012-01-01,event
University College London Hospitals,death,overall,Number of records,NA,2026-01-01 to 2026-12-31,409,0.63,NA,years,NA,2026-03-07,2012-01-01,event
University College London Hospitals,death,FALSE,Number of records,NA,2026-01-01 to 2026-12-31,114,0.17,NA,years,NA,2026-03-07,2012-01-01,event
University College London Hospitals,death,TRUE,Number of records,NA,2026-01-01 to 2026-12-31,295,0.45,NA,years,NA,2026-03-07,2012-01-01,event
University College London Hospitals,visit_occurrence,overall,Number of records,NA,overall,19000410,100,NA,years,NA,2026-03-07,2012-01-01,event
University College London Hospitals,visit_occurrence,FALSE,Number of records,NA,overall,122488,0.64,NA,years,NA,2026-03-07,2012-01-01,event
University College London Hospitals,visit_occurrence,TRUE,Number of records,NA,overall,18877922,99.36,NA,years,NA,2026-03-07,2012-01-01,event
University College London Hospitals,visit_detail,overall,Number of records,NA,overall,18375377,100,NA,years,NA,2026-03-07,2012-01-01,event
University College London Hospitals,visit_detail,TRUE,Number of records,NA,overall,17829596,97.03,NA,years,NA,2026-03-07,2012-01-01,event
University College London Hospitals,visit_detail,FALSE,Number of records,NA,overall,545781,2.97,NA,years,NA,2026-03-07,2012-01-01,event
University College London Hospitals,condition_occurrence,overall,Number of records,NA,overall,12743427,100,NA,years,NA,2026-03-07,2012-01-01,event
University College London Hospitals,condition_occurrence,TRUE,Number of records,NA,overall,12376725,97.12,NA,years,NA,2026-03-07,2012-01-01,event
University College London Hospitals,condition_occurrence,FALSE,Number of records,NA,overall,366702,2.88,NA,years,NA,2026-03-07,2012-01-01,event
University College London Hospitals,drug_exposure,overall,Number of records,NA,overall,41700071,100,NA,years,NA,2026-03-07,2012-01-01,event
University College London Hospitals,drug_exposure,TRUE,Number of records,NA,overall,41510830,99.55,NA,years,NA,2026-03-07,2012-01-01,event
University College London Hospitals,drug_exposure,FALSE,Number of records,NA,overall,189241,0.45,NA,years,NA,2026-03-07,2012-01-01,event
University College London Hospitals,procedure_occurrence,overall,Number of records,NA,overall,47539608,100,NA,years,NA,2026-03-07,2012-01-01,event
University College London Hospitals,procedure_occurrence,FALSE,Number of records,NA,overall,487181,1.02,NA,years,NA,2026-03-07,2012-01-01,event
University College London Hospitals,procedure_occurrence,TRUE,Number of records,NA,overall,47052427,98.98,NA,years,NA,2026-03-07,2012-01-01,event
University College London Hospitals,device_exposure,overall,Number of records,NA,overall,6948597,100,NA,years,NA,2026-03-07,2012-01-01,event
University College London Hospitals,device_exposure,FALSE,Number of records,NA,overall,20220,0.29,NA,years,NA,2026-03-07,2012-01-01,event
University College London Hospitals,device_exposure,TRUE,Number of records,NA,overall,6928377,99.71,NA,years,NA,2026-03-07,2012-01-01,event
University College London Hospitals,measurement,overall,Number of records,NA,overall,703891400,100,NA,years,NA,2026-03-07,2012-01-01,event
University College London Hospitals,measurement,TRUE,Number of records,NA,overall,701504374,99.66,NA,years,NA,2026-03-07,2012-01-01,event
University College London Hospitals,measurement,FALSE,Number of records,NA,overall,2387026,0.34,NA,years,NA,2026-03-07,2012-01-01,event
University College London Hospitals,observation,overall,Number of records,NA,overall,110507900,100,NA,years,NA,2026-03-07,2012-01-01,event
University College London Hospitals,observation,FALSE,Number of records,NA,overall,14733760,13.33,NA,years,NA,2026-03-07,2012-01-01,event
University College London Hospitals,observation,TRUE,Number of records,NA,overall,95774140,86.67,NA,years,NA,2026-03-07,2012-01-01,event
University College London Hospitals,death,overall,Number of records,NA,overall,65188,100,NA,years,NA,2026-03-07,2012-01-01,event
University College London Hospitals,death,TRUE,Number of records,NA,overall,22910,35.14,NA,years,NA,2026-03-07,2012-01-01,event
University College London Hospitals,death,FALSE,Number of records,NA,overall,42278,64.86,NA,years,NA,2026-03-07,2012-01-01,event
University College London Hospitals,observation_period,overall,Number of records,NA,2018-01-01 to 2018-12-31,14,0,NA,years,First to extract,2026-02-16,2012-01-01,episode
University College London Hospitals,observation_period,overall,Number of subjects,NA,2018-01-01 to 2018-12-31,14,0,NA,years,First to extract,2026-02-16,2012-01-01,episode
University College London Hospitals,observation_period,overall,Age,NA,2018-01-01 to 2018-12-31,NA,NA,52,years,First to extract,2026-02-16,2012-01-01,episode
University College London Hospitals,observation_period,overall,Person-days,NA,2018-01-01 to 2018-12-31,957,0,NA,years,First to extract,2026-02-16,2012-01-01,episode
University College London Hospitals,observation_period,overall,Number of records,NA,2019-01-01 to 2019-12-31,329884,25.44,NA,years,First to extract,2026-02-16,2012-01-01,episode
University College London Hospitals,observation_period,overall,Number of subjects,NA,2019-01-01 to 2019-12-31,329884,22.4,NA,years,First to extract,2026-02-16,2012-01-01,episode
University College London Hospitals,observation_period,overall,Age,NA,2019-01-01 to 2019-12-31,NA,NA,43,years,First to extract,2026-02-16,2012-01-01,episode
University College London Hospitals,observation_period,overall,Person-days,NA,2019-01-01 to 2019-12-31,51572617,2.82,NA,years,First to extract,2026-02-16,2012-01-01,episode
University College London Hospitals,observation_period,overall,Number of records,NA,2020-01-01 to 2020-12-31,489173,37.72,NA,years,First to extract,2026-02-16,2012-01-01,episode
University College London Hospitals,observation_period,overall,Number of subjects,NA,2020-01-01 to 2020-12-31,489173,33.22,NA,years,First to extract,2026-02-16,2012-01-01,episode
University College London Hospitals,observation_period,overall,Age,NA,2020-01-01 to 2020-12-31,NA,NA,42,years,First to extract,2026-02-16,2012-01-01,episode
University College London Hospitals,observation_period,overall,Person-days,NA,2020-01-01 to 2020-12-31,150998882,8.26,NA,years,First to extract,2026-02-16,2012-01-01,episode
University College London Hospitals,observation_period,overall,Number of records,NA,2021-01-01 to 2021-12-31,639689,49.33,NA,years,First to extract,2026-02-16,2012-01-01,episode
University College London Hospitals,observation_period,overall,Number of subjects,NA,2021-01-01 to 2021-12-31,639689,43.44,NA,years,First to extract,2026-02-16,2012-01-01,episode
University College London Hospitals,observation_period,overall,Age,NA,2021-01-01 to 2021-12-31,NA,NA,41,years,First to extract,2026-02-16,2012-01-01,episode
University College London Hospitals,observation_period,overall,Person-days,NA,2021-01-01 to 2021-12-31,201606593,11.03,NA,years,First to extract,2026-02-16,2012-01-01,episode
University College London Hospitals,observation_period,overall,Number of records,NA,2022-01-01 to 2022-12-31,802387,61.87,NA,years,First to extract,2026-02-16,2012-01-01,episode
University College London Hospitals,observation_period,overall,Number of subjects,NA,2022-01-01 to 2022-12-31,802387,54.49,NA,years,First to extract,2026-02-16,2012-01-01,episode
University College London Hospitals,observation_period,overall,Age,NA,2022-01-01 to 2022-12-31,NA,NA,40,years,First to extract,2026-02-16,2012-01-01,episode
University College London Hospitals,observation_period,overall,Person-days,NA,2022-01-01 to 2022-12-31,260255338,14.24,NA,years,First to extract,2026-02-16,2012-01-01,episode
University College London Hospitals,observation_period,overall,Number of records,NA,2023-01-01 to 2023-12-31,947239,73.04,NA,years,First to extract,2026-02-16,2012-01-01,episode
University College London Hospitals,observation_period,overall,Number of subjects,NA,2023-01-01 to 2023-12-31,947239,64.33,NA,years,First to extract,2026-02-16,2012-01-01,episode
University College London Hospitals,observation_period,overall,Age,NA,2023-01-01 to 2023-12-31,NA,NA,40,years,First to extract,2026-02-16,2012-01-01,episode
University College London Hospitals,observation_period,overall,Person-days,NA,2023-01-01 to 2023-12-31,316804532,17.34,NA,years,First to extract,2026-02-16,2012-01-01,episode
University College London Hospitals,observation_period,overall,Number of records,NA,2024-01-01 to 2024-12-31,1088846,83.96,NA,years,First to extract,2026-02-16,2012-01-01,episode
University College London Hospitals,observation_period,overall,Number of subjects,NA,2024-01-01 to 2024-12-31,1088846,73.94,NA,years,First to extract,2026-02-16,2012-01-01,episode
University College London Hospitals,observation_period,overall,Age,NA,2024-01-01 to 2024-12-31,NA,NA,40,years,First to extract,2026-02-16,2012-01-01,episode
University College London Hospitals,observation_period,overall,Person-days,NA,2024-01-01 to 2024-12-31,368895314,20.19,NA,years,First to extract,2026-02-16,2012-01-01,episode
University College London Hospitals,observation_period,overall,Number of records,NA,2025-01-01 to 2025-12-31,1228615,94.74,NA,years,First to extract,2026-02-16,2012-01-01,episode
University College London Hospitals,observation_period,overall,Number of subjects,NA,2025-01-01 to 2025-12-31,1228615,83.43,NA,years,First to extract,2026-02-16,2012-01-01,episode
University College London Hospitals,observation_period,overall,Age,NA,2025-01-01 to 2025-12-31,NA,NA,40,years,First to extract,2026-02-16,2012-01-01,episode
University College London Hospitals,observation_period,overall,Person-days,NA,2025-01-01 to 2025-12-31,419501121,22.96,NA,years,First to extract,2026-02-16,2012-01-01,episode
University College London Hospitals,observation_period,overall,Number of records,NA,2026-01-01 to 2026-12-31,1240427,95.65,NA,years,First to extract,2026-02-16,2012-01-01,episode
University College London Hospitals,observation_period,overall,Number of subjects,NA,2026-01-01 to 2026-12-31,1240427,84.24,NA,years,First to extract,2026-02-16,2012-01-01,episode
University College London Hospitals,observation_period,overall,Age,NA,2026-01-01 to 2026-12-31,NA,NA,41,years,First to extract,2026-02-16,2012-01-01,episode
University College London Hospitals,observation_period,overall,Person-days,NA,2026-01-01 to 2026-12-31,57849081,3.17,NA,years,First to extract,2026-02-16,2012-01-01,episode
University College London Hospitals,observation_period,overall,Number of records,NA,overall,1296854,100,NA,years,First to extract,2026-02-16,2012-01-01,episode
University College London Hospitals,observation_period,overall,Number of subjects,NA,overall,1296854,88.07,NA,years,First to extract,2026-02-16,2012-01-01,episode
University College London Hospitals,observation_period,overall,Age,NA,overall,NA,NA,38,years,First to extract,2026-02-16,2012-01-01,episode
University College London Hospitals,observation_period,overall,Person-days,NA,overall,1827484435,100,NA,years,First to extract,2026-02-16,2012-01-01,episode
University College London Hospitals,observation_period,overall,Number of records,NA,2018-01-01 to 2018-12-31,14,0,NA,years,First to last,2026-02-16,2012-01-01,episode
University College London Hospitals,observation_period,overall,Number of subjects,NA,2018-01-01 to 2018-12-31,14,0,NA,years,First to last,2026-02-16,2012-01-01,episode
University College London Hospitals,observation_period,overall,Age,NA,2018-01-01 to 2018-12-31,NA,NA,52,years,First to last,2026-02-16,2012-01-01,episode
University College London Hospitals,observation_period,overall,Person-days,NA,2018-01-01 to 2018-12-31,957,0,NA,years,First to last,2026-02-16,2012-01-01,episode
University College London Hospitals,observation_period,overall,Number of records,NA,2019-01-01 to 2019-12-31,329884,25.44,NA,years,First to last,2026-02-16,2012-01-01,episode
University College London Hospitals,observation_period,overall,Number of subjects,NA,2019-01-01 to 2019-12-31,329884,22.4,NA,years,First to last,2026-02-16,2012-01-01,episode
University College London Hospitals,observation_period,overall,Age,NA,2019-01-01 to 2019-12-31,NA,NA,43,years,First to last,2026-02-16,2012-01-01,episode
University College London Hospitals,observation_period,overall,Person-days,NA,2019-01-01 to 2019-12-31,40586219,5.28,NA,years,First to last,2026-02-16,2012-01-01,episode
University College London Hospitals,observation_period,overall,Number of records,NA,2020-01-01 to 2020-12-31,398862,30.76,NA,years,First to last,2026-02-16,2012-01-01,episode
University College London Hospitals,observation_period,overall,Number of subjects,NA,2020-01-01 to 2020-12-31,398862,27.09,NA,years,First to last,2026-02-16,2012-01-01,episode
University College London Hospitals,observation_period,overall,Age,NA,2020-01-01 to 2020-12-31,NA,NA,43,years,First to last,2026-02-16,2012-01-01,episode
University College London Hospitals,observation_period,overall,Person-days,NA,2020-01-01 to 2020-12-31,99563760,12.95,NA,years,First to last,2026-02-16,2012-01-01,episode
University College London Hospitals,observation_period,overall,Number of records,NA,2021-01-01 to 2021-12-31,455034,35.09,NA,years,First to last,2026-02-16,2012-01-01,episode
University College London Hospitals,observation_period,overall,Number of subjects,NA,2021-01-01 to 2021-12-31,455034,30.9,NA,years,First to last,2026-02-16,2012-01-01,episode
University College London Hospitals,observation_period,overall,Age,NA,2021-01-01 to 2021-12-31,NA,NA,43,years,First to last,2026-02-16,2012-01-01,episode
University College London Hospitals,observation_period,overall,Person-days,NA,2021-01-01 to 2021-12-31,116926615,15.21,NA,years,First to last,2026-02-16,2012-01-01,episode
University College London Hospitals,observation_period,overall,Number of records,NA,2022-01-01 to 2022-12-31,513450,39.59,NA,years,First to last,2026-02-16,2012-01-01,episode
University College London Hospitals,observation_period,overall,Number of subjects,NA,2022-01-01 to 2022-12-31,513450,34.87,NA,years,First to last,2026-02-16,2012-01-01,episode
University College London Hospitals,observation_period,overall,Age,NA,2022-01-01 to 2022-12-31,NA,NA,42,years,First to last,2026-02-16,2012-01-01,episode
University College London Hospitals,observation_period,overall,Person-days,NA,2022-01-01 to 2022-12-31,130000956,16.91,NA,years,First to last,2026-02-16,2012-01-01,episode
University College London Hospitals,observation_period,overall,Number of records,NA,2023-01-01 to 2023-12-31,518889,40.01,NA,years,First to last,2026-02-16,2012-01-01,episode
University College London Hospitals,observation_period,overall,Number of subjects,NA,2023-01-01 to 2023-12-31,518889,35.24,NA,years,First to last,2026-02-16,2012-01-01,episode
University College London Hospitals,observation_period,overall,Age,NA,2023-01-01 to 2023-12-31,NA,NA,43,years,First to last,2026-02-16,2012-01-01,episode
University College London Hospitals,observation_period,overall,Person-days,NA,2023-01-01 to 2023-12-31,133053247,17.3,NA,years,First to last,2026-02-16,2012-01-01,episode
University College London Hospitals,observation_period,overall,Number of records,NA,2024-01-01 to 2024-12-31,512216,39.5,NA,years,First to last,2026-02-16,2012-01-01,episode
University College London Hospitals,observation_period,overall,Number of subjects,NA,2024-01-01 to 2024-12-31,512216,34.78,NA,years,First to last,2026-02-16,2012-01-01,episode
University College London Hospitals,observation_period,overall,Age,NA,2024-01-01 to 2024-12-31,NA,NA,44,years,First to last,2026-02-16,2012-01-01,episode
University College London Hospitals,observation_period,overall,Person-days,NA,2024-01-01 to 2024-12-31,128425520,16.7,NA,years,First to last,2026-02-16,2012-01-01,episode
University College London Hospitals,observation_period,overall,Number of records,NA,2025-01-01 to 2025-12-31,485506,37.44,NA,years,First to last,2026-02-16,2012-01-01,episode
University College London Hospitals,observation_period,overall,Number of subjects,NA,2025-01-01 to 2025-12-31,485506,32.97,NA,years,First to last,2026-02-16,2012-01-01,episode
University College London Hospitals,observation_period,overall,Age,NA,2025-01-01 to 2025-12-31,NA,NA,44,years,First to last,2026-02-16,2012-01-01,episode
University College London Hospitals,observation_period,overall,Person-days,NA,2025-01-01 to 2025-12-31,109531534,14.24,NA,years,First to last,2026-02-16,2012-01-01,episode
University College London Hospitals,observation_period,overall,Number of records,NA,2026-01-01 to 2026-12-31,262833,20.27,NA,years,First to last,2026-02-16,2012-01-01,episode
University College London Hospitals,observation_period,overall,Number of subjects,NA,2026-01-01 to 2026-12-31,262833,17.85,NA,years,First to last,2026-02-16,2012-01-01,episode
University College London Hospitals,observation_period,overall,Age,NA,2026-01-01 to 2026-12-31,NA,NA,49,years,First to last,2026-02-16,2012-01-01,episode
University College London Hospitals,observation_period,overall,Person-days,NA,2026-01-01 to 2026-12-31,10869689,1.41,NA,years,First to last,2026-02-16,2012-01-01,episode
University College London Hospitals,observation_period,overall,Number of records,NA,overall,1296854,100,NA,years,First to last,2026-02-16,2012-01-01,episode
University College London Hospitals,observation_period,overall,Number of subjects,NA,overall,1296854,88.07,NA,years,First to last,2026-02-16,2012-01-01,episode
University College London Hospitals,observation_period,overall,Age,NA,overall,NA,NA,38,years,First to last,2026-02-16,2012-01-01,episode
University College London Hospitals,observation_period,overall,Person-days,NA,overall,768958497,100,NA,years,First to last,2026-02-16,2012-01-01,episode
University College London Hospitals,observation_period,overall,Number of records,NA,2018-01-01 to 2018-12-31,14,0,NA,years,Ongoing,2026-02-16,2012-01-01,episode
University College London Hospitals,observation_period,overall,Number of subjects,NA,2018-01-01 to 2018-12-31,14,0,NA,years,Ongoing,2026-02-16,2012-01-01,episode
University College London Hospitals,observation_period,overall,Age,NA,2018-01-01 to 2018-12-31,NA,NA,52,years,Ongoing,2026-02-16,2012-01-01,episode
University College London Hospitals,observation_period,overall,Person-days,NA,2018-01-01 to 2018-12-31,957,0,NA,years,Ongoing,2026-02-16,2012-01-01,episode
University College London Hospitals,observation_period,overall,Number of records,NA,2019-01-01 to 2019-12-31,1079441,9.11,NA,years,Ongoing,2026-02-16,2012-01-01,episode
University College London Hospitals,observation_period,overall,Number of subjects,NA,2019-01-01 to 2019-12-31,329884,22.4,NA,years,Ongoing,2026-02-16,2012-01-01,episode
University College London Hospitals,observation_period,overall,Age,NA,2019-01-01 to 2019-12-31,NA,NA,46,years,Ongoing,2026-02-16,2012-01-01,episode
University College London Hospitals,observation_period,overall,Person-days,NA,2019-01-01 to 2019-12-31,3921224,7.18,NA,years,Ongoing,2026-02-16,2012-01-01,episode
University College London Hospitals,observation_period,overall,Number of records,NA,2020-01-01 to 2020-12-31,1504755,12.7,NA,years,Ongoing,2026-02-16,2012-01-01,episode
University College London Hospitals,observation_period,overall,Number of subjects,NA,2020-01-01 to 2020-12-31,360117,24.46,NA,years,Ongoing,2026-02-16,2012-01-01,episode
University College London Hospitals,observation_period,overall,Age,NA,2020-01-01 to 2020-12-31,NA,NA,47,years,Ongoing,2026-02-16,2012-01-01,episode
University College London Hospitals,observation_period,overall,Person-days,NA,2020-01-01 to 2020-12-31,5237023,9.59,NA,years,Ongoing,2026-02-16,2012-01-01,episode
University College London Hospitals,observation_period,overall,Number of records,NA,2021-01-01 to 2021-12-31,1661334,14.02,NA,years,Ongoing,2026-02-16,2012-01-01,episode
University College London Hospitals,observation_period,overall,Number of subjects,NA,2021-01-01 to 2021-12-31,393513,26.72,NA,years,Ongoing,2026-02-16,2012-01-01,episode
University College London Hospitals,observation_period,overall,Age,NA,2021-01-01 to 2021-12-31,NA,NA,46,years,Ongoing,2026-02-16,2012-01-01,episode
University College London Hospitals,observation_period,overall,Person-days,NA,2021-01-01 to 2021-12-31,6060599,11.09,NA,years,Ongoing,2026-02-16,2012-01-01,episode
University College London Hospitals,observation_period,overall,Number of records,NA,2022-01-01 to 2022-12-31,1811976,15.3,NA,years,Ongoing,2026-02-16,2012-01-01,episode
University College London Hospitals,observation_period,overall,Number of subjects,NA,2022-01-01 to 2022-12-31,443266,30.1,NA,years,Ongoing,2026-02-16,2012-01-01,episode
University College London Hospitals,observation_period,overall,Age,NA,2022-01-01 to 2022-12-31,NA,NA,47,years,Ongoing,2026-02-16,2012-01-01,episode
University College London Hospitals,observation_period,overall,Person-days,NA,2022-01-01 to 2022-12-31,8515345,15.59,NA,years,Ongoing,2026-02-16,2012-01-01,episode
University College London Hospitals,observation_period,overall,Number of records,NA,2023-01-01 to 2023-12-31,1828053,15.43,NA,years,Ongoing,2026-02-16,2012-01-01,episode
University College London Hospitals,observation_period,overall,Number of subjects,NA,2023-01-01 to 2023-12-31,445017,30.22,NA,years,Ongoing,2026-02-16,2012-01-01,episode
University College London Hospitals,observation_period,overall,Age,NA,2023-01-01 to 2023-12-31,NA,NA,47,years,Ongoing,2026-02-16,2012-01-01,episode
University College London Hospitals,observation_period,overall,Person-days,NA,2023-01-01 to 2023-12-31,9356690,17.13,NA,years,Ongoing,2026-02-16,2012-01-01,episode
University College London Hospitals,observation_period,overall,Number of records,NA,2024-01-01 to 2024-12-31,1883274,15.9,NA,years,Ongoing,2026-02-16,2012-01-01,episode
University College London Hospitals,observation_period,overall,Number of subjects,NA,2024-01-01 to 2024-12-31,453170,30.77,NA,years,Ongoing,2026-02-16,2012-01-01,episode
University College London Hospitals,observation_period,overall,Age,NA,2024-01-01 to 2024-12-31,NA,NA,47,years,Ongoing,2026-02-16,2012-01-01,episode
University College London Hospitals,observation_period,overall,Person-days,NA,2024-01-01 to 2024-12-31,9993527,18.29,NA,years,Ongoing,2026-02-16,2012-01-01,episode
University College London Hospitals,observation_period,overall,Number of records,NA,2025-01-01 to 2025-12-31,1928450,16.28,NA,years,Ongoing,2026-02-16,2012-01-01,episode
University College London Hospitals,observation_period,overall,Number of subjects,NA,2025-01-01 to 2025-12-31,466911,31.71,NA,years,Ongoing,2026-02-16,2012-01-01,episode
University College London Hospitals,observation_period,overall,Age,NA,2025-01-01 to 2025-12-31,NA,NA,47,years,Ongoing,2026-02-16,2012-01-01,episode
University College London Hospitals,observation_period,overall,Person-days,NA,2025-01-01 to 2025-12-31,10222590,18.71,NA,years,Ongoing,2026-02-16,2012-01-01,episode
University College London Hospitals,observation_period,overall,Number of records,NA,2026-01-01 to 2026-12-31,268093,2.26,NA,years,Ongoing,2026-02-16,2012-01-01,episode
University College London Hospitals,observation_period,overall,Number of subjects,NA,2026-01-01 to 2026-12-31,164660,11.18,NA,years,Ongoing,2026-02-16,2012-01-01,episode
University College London Hospitals,observation_period,overall,Age,NA,2026-01-01 to 2026-12-31,NA,NA,49,years,Ongoing,2026-02-16,2012-01-01,episode
University College London Hospitals,observation_period,overall,Person-days,NA,2026-01-01 to 2026-12-31,1320971,2.42,NA,years,Ongoing,2026-02-16,2012-01-01,episode
University College London Hospitals,observation_period,overall,Number of records,NA,overall,11846052,100,NA,years,Ongoing,2026-02-16,2012-01-01,episode
University College London Hospitals,observation_period,overall,Number of subjects,NA,overall,1296854,88.07,NA,years,Ongoing,2026-02-16,2012-01-01,episode
University College London Hospitals,observation_period,overall,Age,NA,overall,NA,NA,47,years,Ongoing,2026-02-16,2012-01-01,episode
University College London Hospitals,observation_period,overall,Person-days,NA,overall,54628926,100,NA,years,Ongoing,2026-02-16,2012-01-01,episode
University College London Hospitals,observation_period,overall,Number of records,NA,2018-01-01 to 2018-12-31,14,0,NA,years,Collapse 365,2026-02-16,2012-01-01,episode
University College London Hospitals,observation_period,overall,Number of subjects,NA,2018-01-01 to 2018-12-31,14,0,NA,years,Collapse 365,2026-02-16,2012-01-01,episode
University College London Hospitals,observation_period,overall,Age,NA,2018-01-01 to 2018-12-31,NA,NA,52,years,Collapse 365,2026-02-16,2012-01-01,episode
University College London Hospitals,observation_period,overall,Person-days,NA,2018-01-01 to 2018-12-31,957,0,NA,years,Collapse 365,2026-02-16,2012-01-01,episode
University College London Hospitals,observation_period,overall,Number of records,NA,2019-01-01 to 2019-12-31,329884,20.23,NA,years,Collapse 365,2026-02-16,2012-01-01,episode
University College London Hospitals,observation_period,overall,Number of subjects,NA,2019-01-01 to 2019-12-31,329884,22.4,NA,years,Collapse 365,2026-02-16,2012-01-01,episode
University College London Hospitals,observation_period,overall,Age,NA,2019-01-01 to 2019-12-31,NA,NA,43,years,Collapse 365,2026-02-16,2012-01-01,episode
University College London Hospitals,observation_period,overall,Person-days,NA,2019-01-01 to 2019-12-31,34417318,6.55,NA,years,Collapse 365,2026-02-16,2012-01-01,episode
University College London Hospitals,observation_period,overall,Number of records,NA,2020-01-01 to 2020-12-31,360405,22.1,NA,years,Collapse 365,2026-02-16,2012-01-01,episode
University College London Hospitals,observation_period,overall,Number of subjects,NA,2020-01-01 to 2020-12-31,360405,24.47,NA,years,Collapse 365,2026-02-16,2012-01-01,episode
University College London Hospitals,observation_period,overall,Age,NA,2020-01-01 to 2020-12-31,NA,NA,44,years,Collapse 365,2026-02-16,2012-01-01,episode
University College London Hospitals,observation_period,overall,Person-days,NA,2020-01-01 to 2020-12-31,69376919,13.21,NA,years,Collapse 365,2026-02-16,2012-01-01,episode
University College London Hospitals,observation_period,overall,Number of records,NA,2021-01-01 to 2021-12-31,393870,24.15,NA,years,Collapse 365,2026-02-16,2012-01-01,episode
University College London Hospitals,observation_period,overall,Number of subjects,NA,2021-01-01 to 2021-12-31,393870,26.75,NA,years,Collapse 365,2026-02-16,2012-01-01,episode
University College London Hospitals,observation_period,overall,Age,NA,2021-01-01 to 2021-12-31,NA,NA,43,years,Collapse 365,2026-02-16,2012-01-01,episode
University College London Hospitals,observation_period,overall,Person-days,NA,2021-01-01 to 2021-12-31,74731328,14.23,NA,years,Collapse 365,2026-02-16,2012-01-01,episode
University College London Hospitals,observation_period,overall,Number of records,NA,2022-01-01 to 2022-12-31,443529,27.19,NA,years,Collapse 365,2026-02-16,2012-01-01,episode
University College London Hospitals,observation_period,overall,Number of subjects,NA,2022-01-01 to 2022-12-31,443529,30.12,NA,years,Collapse 365,2026-02-16,2012-01-01,episode
University College London Hospitals,observation_period,overall,Age,NA,2022-01-01 to 2022-12-31,NA,NA,43,years,Collapse 365,2026-02-16,2012-01-01,episode
University College London Hospitals,observation_period,overall,Person-days,NA,2022-01-01 to 2022-12-31,82439163,15.7,NA,years,Collapse 365,2026-02-16,2012-01-01,episode
University College London Hospitals,observation_period,overall,Number of records,NA,2023-01-01 to 2023-12-31,445307,27.3,NA,years,Collapse 365,2026-02-16,2012-01-01,episode
University College London Hospitals,observation_period,overall,Number of subjects,NA,2023-01-01 to 2023-12-31,445307,30.24,NA,years,Collapse 365,2026-02-16,2012-01-01,episode
University College London Hospitals,observation_period,overall,Age,NA,2023-01-01 to 2023-12-31,NA,NA,43,years,Collapse 365,2026-02-16,2012-01-01,episode
University College London Hospitals,observation_period,overall,Person-days,NA,2023-01-01 to 2023-12-31,83950167,15.99,NA,years,Collapse 365,2026-02-16,2012-01-01,episode
University College London Hospitals,observation_period,overall,Number of records,NA,2024-01-01 to 2024-12-31,453484,27.8,NA,years,Collapse 365,2026-02-16,2012-01-01,episode
University College London Hospitals,observation_period,overall,Number of subjects,NA,2024-01-01 to 2024-12-31,453484,30.8,NA,years,Collapse 365,2026-02-16,2012-01-01,episode
University College London Hospitals,observation_period,overall,Age,NA,2024-01-01 to 2024-12-31,NA,NA,44,years,Collapse 365,2026-02-16,2012-01-01,episode
University College London Hospitals,observation_period,overall,Person-days,NA,2024-01-01 to 2024-12-31,85503126,16.28,NA,years,Collapse 365,2026-02-16,2012-01-01,episode
University College London Hospitals,observation_period,overall,Number of records,NA,2025-01-01 to 2025-12-31,467203,28.64,NA,years,Collapse 365,2026-02-16,2012-01-01,episode
University College London Hospitals,observation_period,overall,Number of subjects,NA,2025-01-01 to 2025-12-31,467203,31.73,NA,years,Collapse 365,2026-02-16,2012-01-01,episode
University College London Hospitals,observation_period,overall,Age,NA,2025-01-01 to 2025-12-31,NA,NA,44,years,Collapse 365,2026-02-16,2012-01-01,episode
University College London Hospitals,observation_period,overall,Person-days,NA,2025-01-01 to 2025-12-31,85228669,16.23,NA,years,Collapse 365,2026-02-16,2012-01-01,episode
University College London Hospitals,observation_period,overall,Number of records,NA,2026-01-01 to 2026-12-31,238637,14.63,NA,years,Collapse 365,2026-02-16,2012-01-01,episode
University College London Hospitals,observation_period,overall,Number of subjects,NA,2026-01-01 to 2026-12-31,238637,16.21,NA,years,Collapse 365,2026-02-16,2012-01-01,episode
University College London Hospitals,observation_period,overall,Age,NA,2026-01-01 to 2026-12-31,NA,NA,49,years,Collapse 365,2026-02-16,2012-01-01,episode
University College London Hospitals,observation_period,overall,Person-days,NA,2026-01-01 to 2026-12-31,9439239,1.8,NA,years,Collapse 365,2026-02-16,2012-01-01,episode
University College London Hospitals,observation_period,overall,Number of records,NA,overall,1631032,100,NA,years,Collapse 365,2026-02-16,2012-01-01,episode
University College London Hospitals,observation_period,overall,Number of subjects,NA,overall,1296854,88.07,NA,years,Collapse 365,2026-02-16,2012-01-01,episode
University College London Hospitals,observation_period,overall,Age,NA,overall,NA,NA,39,years,Collapse 365,2026-02-16,2012-01-01,episode
University College London Hospitals,observation_period,overall,Person-days,NA,overall,525086886,100,NA,years,Collapse 365,2026-02-16,2012-01-01,episode
University College London Hospitals,observation_period,overall,Number of records,NA,2018-01-01 to 2018-12-31,14,0,NA,years,Persistence 365,2026-02-16,2012-01-01,episode
University College London Hospitals,observation_period,overall,Number of subjects,NA,2018-01-01 to 2018-12-31,14,0,NA,years,Persistence 365,2026-02-16,2012-01-01,episode
University College London Hospitals,observation_period,overall,Age,NA,2018-01-01 to 2018-12-31,NA,NA,52,years,Persistence 365,2026-02-16,2012-01-01,episode
University College London Hospitals,observation_period,overall,Person-days,NA,2018-01-01 to 2018-12-31,957,0,NA,years,Persistence 365,2026-02-16,2012-01-01,episode
University College London Hospitals,observation_period,overall,Number of records,NA,2019-01-01 to 2019-12-31,329884,20.23,NA,years,Persistence 365,2026-02-16,2012-01-01,episode
University College London Hospitals,observation_period,overall,Number of subjects,NA,2019-01-01 to 2019-12-31,329884,22.4,NA,years,Persistence 365,2026-02-16,2012-01-01,episode
University College London Hospitals,observation_period,overall,Age,NA,2019-01-01 to 2019-12-31,NA,NA,43,years,Persistence 365,2026-02-16,2012-01-01,episode
University College London Hospitals,observation_period,overall,Person-days,NA,2019-01-01 to 2019-12-31,51572617,5.25,NA,years,Persistence 365,2026-02-16,2012-01-01,episode
University College London Hospitals,observation_period,overall,Number of records,NA,2020-01-01 to 2020-12-31,502229,30.79,NA,years,Persistence 365,2026-02-16,2012-01-01,episode
University College London Hospitals,observation_period,overall,Number of subjects,NA,2020-01-01 to 2020-12-31,489173,33.22,NA,years,Persistence 365,2026-02-16,2012-01-01,episode
University College London Hospitals,observation_period,overall,Age,NA,2020-01-01 to 2020-12-31,NA,NA,42,years,Persistence 365,2026-02-16,2012-01-01,episode
University College London Hospitals,observation_period,overall,Person-days,NA,2020-01-01 to 2020-12-31,135050341,13.76,NA,years,Persistence 365,2026-02-16,2012-01-01,episode
University College London Hospitals,observation_period,overall,Number of records,NA,2021-01-01 to 2021-12-31,554912,34.02,NA,years,Persistence 365,2026-02-16,2012-01-01,episode
University College London Hospitals,observation_period,overall,Number of subjects,NA,2021-01-01 to 2021-12-31,528517,35.89,NA,years,Persistence 365,2026-02-16,2012-01-01,episode
University College London Hospitals,observation_period,overall,Age,NA,2021-01-01 to 2021-12-31,NA,NA,42,years,Persistence 365,2026-02-16,2012-01-01,episode
University College London Hospitals,observation_period,overall,Person-days,NA,2021-01-01 to 2021-12-31,131426915,13.39,NA,years,Persistence 365,2026-02-16,2012-01-01,episode
University College London Hospitals,observation_period,overall,Number of records,NA,2022-01-01 to 2022-12-31,614399,37.67,NA,years,Persistence 365,2026-02-16,2012-01-01,episode
University College London Hospitals,observation_period,overall,Number of subjects,NA,2022-01-01 to 2022-12-31,588558,39.97,NA,years,Persistence 365,2026-02-16,2012-01-01,episode
University College London Hospitals,observation_period,overall,Age,NA,2022-01-01 to 2022-12-31,NA,NA,41,years,Persistence 365,2026-02-16,2012-01-01,episode
University College London Hospitals,observation_period,overall,Person-days,NA,2022-01-01 to 2022-12-31,152706621,15.56,NA,years,Persistence 365,2026-02-16,2012-01-01,episode
University College London Hospitals,observation_period,overall,Number of records,NA,2023-01-01 to 2023-12-31,652127,39.98,NA,years,Persistence 365,2026-02-16,2012-01-01,episode
University College London Hospitals,observation_period,overall,Number of subjects,NA,2023-01-01 to 2023-12-31,626285,42.53,NA,years,Persistence 365,2026-02-16,2012-01-01,episode
University College London Hospitals,observation_period,overall,Age,NA,2023-01-01 to 2023-12-31,NA,NA,42,years,Persistence 365,2026-02-16,2012-01-01,episode
University College London Hospitals,observation_period,overall,Person-days,NA,2023-01-01 to 2023-12-31,161835061,16.49,NA,years,Persistence 365,2026-02-16,2012-01-01,episode
University College London Hospitals,observation_period,overall,Number of records,NA,2024-01-01 to 2024-12-31,664159,40.72,NA,years,Persistence 365,2026-02-16,2012-01-01,episode
University College London Hospitals,observation_period,overall,Number of subjects,NA,2024-01-01 to 2024-12-31,633979,43.05,NA,years,Persistence 365,2026-02-16,2012-01-01,episode
University College London Hospitals,observation_period,overall,Age,NA,2024-01-01 to 2024-12-31,NA,NA,42,years,Persistence 365,2026-02-16,2012-01-01,episode
University College London Hospitals,observation_period,overall,Person-days,NA,2024-01-01 to 2024-12-31,160891199,16.39,NA,years,Persistence 365,2026-02-16,2012-01-01,episode
University College London Hospitals,observation_period,overall,Number of records,NA,2025-01-01 to 2025-12-31,676760,41.49,NA,years,Persistence 365,2026-02-16,2012-01-01,episode
University College London Hospitals,observation_period,overall,Number of subjects,NA,2025-01-01 to 2025-12-31,648114,44.01,NA,years,Persistence 365,2026-02-16,2012-01-01,episode
University College London Hospitals,observation_period,overall,Age,NA,2025-01-01 to 2025-12-31,NA,NA,43,years,Persistence 365,2026-02-16,2012-01-01,episode
University College London Hospitals,observation_period,overall,Person-days,NA,2025-01-01 to 2025-12-31,166328176,16.94,NA,years,Persistence 365,2026-02-16,2012-01-01,episode
University College London Hospitals,observation_period,overall,Number of records,NA,2026-01-01 to 2026-12-31,492451,30.19,NA,years,Persistence 365,2026-02-16,2012-01-01,episode
University College London Hospitals,observation_period,overall,Number of subjects,NA,2026-01-01 to 2026-12-31,491231,33.36,NA,years,Persistence 365,2026-02-16,2012-01-01,episode
University College London Hospitals,observation_period,overall,Age,NA,2026-01-01 to 2026-12-31,NA,NA,45,years,Persistence 365,2026-02-16,2012-01-01,episode
University College London Hospitals,observation_period,overall,Person-days,NA,2026-01-01 to 2026-12-31,21816615,2.22,NA,years,Persistence 365,2026-02-16,2012-01-01,episode
University College London Hospitals,observation_period,overall,Number of records,NA,overall,1631032,100,NA,years,Persistence 365,2026-02-16,2012-01-01,episode
University College London Hospitals,observation_period,overall,Number of subjects,NA,overall,1296854,88.07,NA,years,Persistence 365,2026-02-16,2012-01-01,episode
University College London Hospitals,observation_period,overall,Age,NA,overall,NA,NA,39,years,Persistence 365,2026-02-16,2012-01-01,episode
University College London Hospitals,observation_period,overall,Person-days,NA,overall,981628502,100,NA,years,Persistence 365,2026-02-16,2012-01-01,episode
University College London Hospitals,observation_period,overall,Number of records,NA,2018-01-01 to 2018-12-31,14,0,NA,years,Collapse 730,2026-02-16,2012-01-01,episode
University College London Hospitals,observation_period,overall,Number of subjects,NA,2018-01-01 to 2018-12-31,14,0,NA,years,Collapse 730,2026-02-16,2012-01-01,episode
University College London Hospitals,observation_period,overall,Age,NA,2018-01-01 to 2018-12-31,NA,NA,52,years,Collapse 730,2026-02-16,2012-01-01,episode
University College London Hospitals,observation_period,overall,Person-days,NA,2018-01-01 to 2018-12-31,957,0,NA,years,Collapse 730,2026-02-16,2012-01-01,episode
University College London Hospitals,observation_period,overall,Number of records,NA,2019-01-01 to 2019-12-31,329884,23.47,NA,years,Collapse 730,2026-02-16,2012-01-01,episode
University College London Hospitals,observation_period,overall,Number of subjects,NA,2019-01-01 to 2019-12-31,329884,22.4,NA,years,Collapse 730,2026-02-16,2012-01-01,episode
University College London Hospitals,observation_period,overall,Age,NA,2019-01-01 to 2019-12-31,NA,NA,43,years,Collapse 730,2026-02-16,2012-01-01,episode
University College London Hospitals,observation_period,overall,Person-days,NA,2019-01-01 to 2019-12-31,37392781,5.84,NA,years,Collapse 730,2026-02-16,2012-01-01,episode
University College London Hospitals,observation_period,overall,Number of records,NA,2020-01-01 to 2020-12-31,372762,26.52,NA,years,Collapse 730,2026-02-16,2012-01-01,episode
University College London Hospitals,observation_period,overall,Number of subjects,NA,2020-01-01 to 2020-12-31,372762,25.31,NA,years,Collapse 730,2026-02-16,2012-01-01,episode
University College London Hospitals,observation_period,overall,Age,NA,2020-01-01 to 2020-12-31,NA,NA,44,years,Collapse 730,2026-02-16,2012-01-01,episode
University College London Hospitals,observation_period,overall,Person-days,NA,2020-01-01 to 2020-12-31,84770223,13.25,NA,years,Collapse 730,2026-02-16,2012-01-01,episode
University College London Hospitals,observation_period,overall,Number of records,NA,2021-01-01 to 2021-12-31,406740,28.94,NA,years,Collapse 730,2026-02-16,2012-01-01,episode
University College London Hospitals,observation_period,overall,Number of subjects,NA,2021-01-01 to 2021-12-31,406740,27.62,NA,years,Collapse 730,2026-02-16,2012-01-01,episode
University College London Hospitals,observation_period,overall,Age,NA,2021-01-01 to 2021-12-31,NA,NA,43,years,Collapse 730,2026-02-16,2012-01-01,episode
University College London Hospitals,observation_period,overall,Person-days,NA,2021-01-01 to 2021-12-31,93926882,14.68,NA,years,Collapse 730,2026-02-16,2012-01-01,episode
University College London Hospitals,observation_period,overall,Number of records,NA,2022-01-01 to 2022-12-31,457967,32.58,NA,years,Collapse 730,2026-02-16,2012-01-01,episode
University College London Hospitals,observation_period,overall,Number of subjects,NA,2022-01-01 to 2022-12-31,457967,31.1,NA,years,Collapse 730,2026-02-16,2012-01-01,episode
University College London Hospitals,observation_period,overall,Age,NA,2022-01-01 to 2022-12-31,NA,NA,43,years,Collapse 730,2026-02-16,2012-01-01,episode
University College London Hospitals,observation_period,overall,Person-days,NA,2022-01-01 to 2022-12-31,102302236,15.99,NA,years,Collapse 730,2026-02-16,2012-01-01,episode
University College London Hospitals,observation_period,overall,Number of records,NA,2023-01-01 to 2023-12-31,460653,32.78,NA,years,Collapse 730,2026-02-16,2012-01-01,episode
University College London Hospitals,observation_period,overall,Number of subjects,NA,2023-01-01 to 2023-12-31,460653,31.28,NA,years,Collapse 730,2026-02-16,2012-01-01,episode
University College London Hospitals,observation_period,overall,Age,NA,2023-01-01 to 2023-12-31,NA,NA,43,years,Collapse 730,2026-02-16,2012-01-01,episode
University College London Hospitals,observation_period,overall,Person-days,NA,2023-01-01 to 2023-12-31,105128172,16.43,NA,years,Collapse 730,2026-02-16,2012-01-01,episode
University College London Hospitals,observation_period,overall,Number of records,NA,2024-01-01 to 2024-12-31,468396,33.33,NA,years,Collapse 730,2026-02-16,2012-01-01,episode
University College London Hospitals,observation_period,overall,Number of subjects,NA,2024-01-01 to 2024-12-31,468396,31.81,NA,years,Collapse 730,2026-02-16,2012-01-01,episode
University College London Hospitals,observation_period,overall,Age,NA,2024-01-01 to 2024-12-31,NA,NA,44,years,Collapse 730,2026-02-16,2012-01-01,episode
University College London Hospitals,observation_period,overall,Person-days,NA,2024-01-01 to 2024-12-31,106752795,16.68,NA,years,Collapse 730,2026-02-16,2012-01-01,episode
University College London Hospitals,observation_period,overall,Number of records,NA,2025-01-01 to 2025-12-31,475468,33.83,NA,years,Collapse 730,2026-02-16,2012-01-01,episode
University College London Hospitals,observation_period,overall,Number of subjects,NA,2025-01-01 to 2025-12-31,475468,32.29,NA,years,Collapse 730,2026-02-16,2012-01-01,episode
University College London Hospitals,observation_period,overall,Age,NA,2025-01-01 to 2025-12-31,NA,NA,44,years,Collapse 730,2026-02-16,2012-01-01,episode
University College London Hospitals,observation_period,overall,Person-days,NA,2025-01-01 to 2025-12-31,99147675,15.49,NA,years,Collapse 730,2026-02-16,2012-01-01,episode
University College London Hospitals,observation_period,overall,Number of records,NA,2026-01-01 to 2026-12-31,256486,18.25,NA,years,Collapse 730,2026-02-16,2012-01-01,episode
University College London Hospitals,observation_period,overall,Number of subjects,NA,2026-01-01 to 2026-12-31,256486,17.42,NA,years,Collapse 730,2026-02-16,2012-01-01,episode
University College London Hospitals,observation_period,overall,Age,NA,2026-01-01 to 2026-12-31,NA,NA,49,years,Collapse 730,2026-02-16,2012-01-01,episode
University College London Hospitals,observation_period,overall,Person-days,NA,2026-01-01 to 2026-12-31,10456943,1.63,NA,years,Collapse 730,2026-02-16,2012-01-01,episode
University College London Hospitals,observation_period,overall,Number of records,NA,overall,1405486,100,NA,years,Collapse 730,2026-02-16,2012-01-01,episode
University College London Hospitals,observation_period,overall,Number of subjects,NA,overall,1296854,88.07,NA,years,Collapse 730,2026-02-16,2012-01-01,episode
University College London Hospitals,observation_period,overall,Age,NA,overall,NA,NA,38,years,Collapse 730,2026-02-16,2012-01-01,episode
University College London Hospitals,observation_period,overall,Person-days,NA,overall,639878664,100,NA,years,Collapse 730,2026-02-16,2012-01-01,episode
University College London Hospitals,observation_period,overall,Number of records,NA,2018-01-01 to 2018-12-31,14,0,NA,years,Persistence 730,2026-02-16,2012-01-01,episode
University College London Hospitals,observation_period,overall,Number of subjects,NA,2018-01-01 to 2018-12-31,14,0,NA,years,Persistence 730,2026-02-16,2012-01-01,episode
University College London Hospitals,observation_period,overall,Age,NA,2018-01-01 to 2018-12-31,NA,NA,52,years,Persistence 730,2026-02-16,2012-01-01,episode
University College London Hospitals,observation_period,overall,Person-days,NA,2018-01-01 to 2018-12-31,957,0,NA,years,Persistence 730,2026-02-16,2012-01-01,episode
University College London Hospitals,observation_period,overall,Number of records,NA,2019-01-01 to 2019-12-31,329884,23.47,NA,years,Persistence 730,2026-02-16,2012-01-01,episode
University College London Hospitals,observation_period,overall,Number of subjects,NA,2019-01-01 to 2019-12-31,329884,22.4,NA,years,Persistence 730,2026-02-16,2012-01-01,episode
University College London Hospitals,observation_period,overall,Age,NA,2019-01-01 to 2019-12-31,NA,NA,43,years,Persistence 730,2026-02-16,2012-01-01,episode
University College London Hospitals,observation_period,overall,Person-days,NA,2019-01-01 to 2019-12-31,51572617,3.96,NA,years,Persistence 730,2026-02-16,2012-01-01,episode
University College London Hospitals,observation_period,overall,Number of records,NA,2020-01-01 to 2020-12-31,489173,34.8,NA,years,Persistence 730,2026-02-16,2012-01-01,episode
University College London Hospitals,observation_period,overall,Number of subjects,NA,2020-01-01 to 2020-12-31,489173,33.22,NA,years,Persistence 730,2026-02-16,2012-01-01,episode
University College London Hospitals,observation_period,overall,Age,NA,2020-01-01 to 2020-12-31,NA,NA,42,years,Persistence 730,2026-02-16,2012-01-01,episode
University College London Hospitals,observation_period,overall,Person-days,NA,2020-01-01 to 2020-12-31,150998882,11.61,NA,years,Persistence 730,2026-02-16,2012-01-01,episode
University College London Hospitals,observation_period,overall,Number of records,NA,2021-01-01 to 2021-12-31,643970,45.82,NA,years,Persistence 730,2026-02-16,2012-01-01,episode
University College London Hospitals,observation_period,overall,Number of subjects,NA,2021-01-01 to 2021-12-31,639689,43.44,NA,years,Persistence 730,2026-02-16,2012-01-01,episode
University College London Hospitals,observation_period,overall,Age,NA,2021-01-01 to 2021-12-31,NA,NA,41,years,Persistence 730,2026-02-16,2012-01-01,episode
University College London Hospitals,observation_period,overall,Person-days,NA,2021-01-01 to 2021-12-31,187898398,14.44,NA,years,Persistence 730,2026-02-16,2012-01-01,episode
University College London Hospitals,observation_period,overall,Number of records,NA,2022-01-01 to 2022-12-31,708618,50.42,NA,years,Persistence 730,2026-02-16,2012-01-01,episode
University College London Hospitals,observation_period,overall,Number of subjects,NA,2022-01-01 to 2022-12-31,701261,47.62,NA,years,Persistence 730,2026-02-16,2012-01-01,episode
University College London Hospitals,observation_period,overall,Age,NA,2022-01-01 to 2022-12-31,NA,NA,41,years,Persistence 730,2026-02-16,2012-01-01,episode
University College London Hospitals,observation_period,overall,Person-days,NA,2022-01-01 to 2022-12-31,199736556,15.35,NA,years,Persistence 730,2026-02-16,2012-01-01,episode
University College London Hospitals,observation_period,overall,Number of records,NA,2023-01-01 to 2023-12-31,755356,53.74,NA,years,Persistence 730,2026-02-16,2012-01-01,episode
University College London Hospitals,observation_period,overall,Number of subjects,NA,2023-01-01 to 2023-12-31,749013,50.86,NA,years,Persistence 730,2026-02-16,2012-01-01,episode
University College London Hospitals,observation_period,overall,Age,NA,2023-01-01 to 2023-12-31,NA,NA,41,years,Persistence 730,2026-02-16,2012-01-01,episode
University College London Hospitals,observation_period,overall,Person-days,NA,2023-01-01 to 2023-12-31,221722384,17.04,NA,years,Persistence 730,2026-02-16,2012-01-01,episode
University College London Hospitals,observation_period,overall,Number of records,NA,2024-01-01 to 2024-12-31,797879,56.77,NA,years,Persistence 730,2026-02-16,2012-01-01,episode
University College London Hospitals,observation_period,overall,Number of subjects,NA,2024-01-01 to 2024-12-31,789519,53.62,NA,years,Persistence 730,2026-02-16,2012-01-01,episode
University College London Hospitals,observation_period,overall,Age,NA,2024-01-01 to 2024-12-31,NA,NA,41,years,Persistence 730,2026-02-16,2012-01-01,episode
University College London Hospitals,observation_period,overall,Person-days,NA,2024-01-01 to 2024-12-31,228158814,17.54,NA,years,Persistence 730,2026-02-16,2012-01-01,episode
University College London Hospitals,observation_period,overall,Number of records,NA,2025-01-01 to 2025-12-31,812367,57.8,NA,years,Persistence 730,2026-02-16,2012-01-01,episode
University College London Hospitals,observation_period,overall,Number of subjects,NA,2025-01-01 to 2025-12-31,802787,54.52,NA,years,Persistence 730,2026-02-16,2012-01-01,episode
University College London Hospitals,observation_period,overall,Age,NA,2025-01-01 to 2025-12-31,NA,NA,41,years,Persistence 730,2026-02-16,2012-01-01,episode
University College London Hospitals,observation_period,overall,Person-days,NA,2025-01-01 to 2025-12-31,230586408,17.72,NA,years,Persistence 730,2026-02-16,2012-01-01,episode
University College London Hospitals,observation_period,overall,Number of records,NA,2026-01-01 to 2026-12-31,666676,47.43,NA,years,Persistence 730,2026-02-16,2012-01-01,episode
University College London Hospitals,observation_period,overall,Number of subjects,NA,2026-01-01 to 2026-12-31,666456,45.26,NA,years,Persistence 730,2026-02-16,2012-01-01,episode
University College London Hospitals,observation_period,overall,Age,NA,2026-01-01 to 2026-12-31,NA,NA,43,years,Persistence 730,2026-02-16,2012-01-01,episode
University College London Hospitals,observation_period,overall,Person-days,NA,2026-01-01 to 2026-12-31,30304062,2.33,NA,years,Persistence 730,2026-02-16,2012-01-01,episode
University College London Hospitals,observation_period,overall,Number of records,NA,overall,1405486,100,NA,years,Persistence 730,2026-02-16,2012-01-01,episode
University College London Hospitals,observation_period,overall,Number of subjects,NA,overall,1296854,88.07,NA,years,Persistence 730,2026-02-16,2012-01-01,episode
University College London Hospitals,observation_period,overall,Age,NA,overall,NA,NA,38,years,Persistence 730,2026-02-16,2012-01-01,episode
University College London Hospitals,observation_period,overall,Person-days,NA,overall,1300979078,100,NA,years,Persistence 730,2026-02-16,2012-01-01,episode
